"","PSVZbyQSVZ","AveExpr","F","P.Value","adj.P.Val"
"Stk38l",-4.86754114805284,5.43377057402642,13886.4647233165,8.32101851139645e-09,0.000126008538862972
"Trim34a",-0.41503749927884,2.79248125036058,11007.9155921238,1.38055439581054e-08,0.000126008538862972
"Arhgap11a",7.02914214020103,6.32192599215811,8749.48998808714,2.27706969585197e-08,0.000126008538862972
"Mycn",8.19170475186184,6.68081487665208,8632.44156699698,2.34489023238841e-08,0.000126008538862972
"Melk",6.23457642932652,5.70225071538442,7704.57916795039,3.00425968436528e-08,0.000129153123830863
"Cdc20",4.98672979088033,5.07832739616132,4217.07627449439,1.11680469844318e-07,0.00032132818121655
"Mthfd1l",4.81196971679608,5.06507816623134,3575.49044949723,1.59988800735882e-07,0.00032132818121655
"Cdc7",5.67581806583294,5.64526395497407,3519.72738451328,1.65560534966745e-07,0.00032132818121655
"Ncapg2",5.76586103071195,5.69028543741357,3484.42423983569,1.69235427249451e-07,0.00032132818121655
"Timeless",7.74646962758861,6.37051917923753,3339.78911984094,1.85604280525049e-07,0.00032132818121655
"Ccnb1",6.24772884570898,5.70882692357565,3240.28394849749,1.98241115791788e-07,0.00032132818121655
"Gyk",-0.22239242133644,2.69615871138938,3160.6061591661,2.09285626286657e-07,0.00032132818121655
"Hs3st1",-0.22239242133644,2.69615871138938,3160.6061591661,2.09285626286657e-07,0.00032132818121655
"Speer8-ps1",-0.22239242133644,2.69615871138938,3160.6061591661,2.09285626286657e-07,0.00032132818121655
"Ube2c",10.192864454248,8.08326045410966,2623.54062596768,3.1393969545234e-07,0.000378645106768059
"3010003L21Rik",7.45594866901113,6.45128266831967,2618.73463670678,3.15195360518354e-07,0.000378645106768059
"Cenpf",6.98880205831468,6.0793635298785,2616.1476054256,3.15874311607558e-07,0.000378645106768059
"2810004I08Rik",4.55746623789718,4.86369561966975,2611.57745305323,3.17078944955807e-07,0.000378645106768059
"Spc24",6.14281285908314,5.87876135159917,2390.84101770373,3.84287391934365e-07,0.000434750394191009
"Atp13a4",-6.65335286571882,6.05990054780486,1883.14337734754,6.46054755134961e-07,0.000694347348081299
"Ckap2",6.5584196809017,5.93830314828416,1798.61780386815,7.13943152742682e-07,0.000713045014540011
"Pbk",8.80651977941605,7.20069903063428,1780.55183018371,7.2979717701234e-07,0.000713045014540011
"Casc5",7.34018267455858,6.25505383800045,1642.41201347267,8.69960801390649e-07,0.000813035105473566
"Nptx2",6.21912471736666,7.03736487274117,1570.57177590747,9.58848388127286e-07,0.000846423405831752
"Ptgds",-4.49313363071797,11.2071896661238,1551.66454682819,9.84442202642187e-07,0.000846423405831752
"Ung",8.2794369910493,6.79881180335795,1426.39523238404,1.18220757385202e-06,0.000944787248128136
"Cntrob",3.13139882057144,4.6774961951837,1412.75679574195,1.20716505399938e-06,0.000944787248128136
"Xrn2",1.94782310935543,8.82232888427644,1400.26374145824,1.23070681310015e-06,0.000944787248128136
"Tubb5",4.7873001224759,10.2093842960249,1365.65569893431,1.29953049183404e-06,0.000963220962826642
"Gjb2",-6.79281812909434,6.05550237238048,1316.86006732904,1.40650527411151e-06,0.0010077610289009
"Tspan7",-2.61793532983951,12.5832483692507,1207.4190132419,1.69844797132049e-06,0.00117768190785594
"Bub1",6.05175034452046,5.61083767298139,1155.03219607631,1.87033423665717e-06,0.00122059076521762
"Kif11",7.7457563161,6.6802330801076,1154.02012587174,1.87390068630758e-06,0.00122059076521762
"Rab10os",-0.591572720704452,7.95895167097644,1124.50235834846,1.98244147418607e-06,0.00125331116140087
"D17H6S56E-5",4.90517927355173,5.03755213749703,1097.11060135382,2.09156883272054e-06,0.00126099001391964
"Gm10052",3.08870609195884,11.9785790312063,1092.2331142962,2.11191628290798e-06,0.00126099001391964
"Baz1a",5.44607301836872,5.30799900990552,1052.13020975937,2.29072668918606e-06,0.00133078838335282
"Hmmr",6.05659626123458,5.61326063133845,1031.27687029279,2.39254933280813e-06,0.00134630407221239
"Aurkb",5.59502650726534,5.38247575435383,1020.5416884909,2.44755841701381e-06,0.00134630407221239
"Marcks",3.60002916741959,10.4310887182332,1009.63905378431,2.50533439816216e-06,0.00134630407221239
"Mcm2",6.97023699616364,6.21834261302727,990.846856892836,2.6096925464392e-06,0.00136817905574904
"Ncapg",7.1802278641501,7.28021016206228,919.556722267259,3.06912454540873e-06,0.0015384080709045
"Lig1",6.73222515782087,6.35294080589608,916.631705601158,3.09043049920204e-06,0.0015384080709045
"Hnrnpab",3.21678860913537,10.9146634310405,908.051860996137,3.15418586087663e-06,0.0015384080709045
"Sod3",-6.60343577574419,6.46477754188254,894.499986830033,3.25886385300313e-06,0.0015384080709045
"Rarres1",-3.73386477529723,4.45189488836978,890.311390419276,3.29224337109127e-06,0.0015384080709045
"Hsd11b1",-6.51228920359123,6.91539691057167,830.108901709456,3.83265550900914e-06,0.00175282830140748
"Cd24a",7.66635181063654,6.8066268571233,817.416976707843,3.96298998557706e-06,0.00177467645291623
"Lcat",-8.54613465435112,7.33289881480847,776.83892378483,4.42598133146118e-06,0.00190946057211872
"Olig1",-2.36778597106083,9.26713845782422,775.575642842831,4.44163892095538e-06,0.00190946057211872
"Myt1",7.22510351519774,6.41990667965647,756.05201636818,4.6942598617442e-06,0.00197849246525866
"Cdk4",5.6163478580906,8.7659098363345,703.868538814535,5.48203717406788e-06,0.00224196942184058
"P2rx4",-4.19833697445101,5.86138292741202,701.163938319652,5.52800090056064e-06,0.00224196942184058
"Ccna2",8.09491708320744,6.63242104232488,678.684485994425,5.93275903084192e-06,0.00232038358594601
"Mta2",4.99698777987224,5.7741277321289,678.447911752975,5.93724574212749e-06,0.00232038358594601
"Smim3",-6.01037348355378,5.66044816999759,662.053323830193,6.26064627671284e-06,0.00240308199496326
"Mcm6",7.42698120957215,6.29845310550724,652.481021408515,6.46147782899744e-06,0.00243665729709298
"Dlx1",8.09562835396853,6.91938412502267,635.431280352218,6.84320077302627e-06,0.00253611380372758
"Kalrn",-5.57064320285537,7.29808530622487,627.239267626462,7.03839851675019e-06,0.00256424366300924
"Uhrf1",7.85523616386555,6.51258058265393,607.399558772562,7.54614868008638e-06,0.00267891169206043
"Dhfr",6.03685629448822,6.17520145883746,605.321397852679,7.60240117309544e-06,0.00267891169206043
"2810417H13Rik",7.60973642958246,6.38983071551239,587.014091057557,8.12549485702066e-06,0.00279783195133084
"Hepacam",-3.9278010178782,10.7827495145874,584.539452410158,8.20020530048118e-06,0.00279783195133084
"Dhrs7",-4.84829103053734,7.44720840519582,558.848367050495,9.0387471374955e-06,0.00303574796438228
"Mdc1",5.88210891524442,6.29561934939467,531.835683038073,1.00624218507647e-05,0.00329807429386057
"Ncaph2",3.44074541829461,4.44368104296141,530.274434781201,1.01266761290904e-05,0.00329807429386057
"Scg3",-2.47761152496547,12.533676729902,515.64404402226,1.07590000076768e-05,0.0034140600016194
"Ybx1",3.3758361854412,11.429956750947,514.728482629442,1.08004689513896e-05,0.0034140600016194
"Cadm2",-5.07858080424359,8.30663748930907,500.813141453234,1.14605354115201e-05,0.00357020592276267
"Racgap1",6.85749894852753,6.23610439632137,491.008424351393,1.19615467528352e-05,0.00367304924931705
"Gpr62",-2.71094694545271,3.94043597344752,450.246462869912,1.44280414167239e-05,0.00436803873595043
"Anp32b",2.51494725755213,12.244375530117,443.746167456569,1.48889496758117e-05,0.00444378764674203
"Chaf1b",4.81811944039813,5.67011976991541,440.978671266046,1.50917189212453e-05,0.00444378764674203
"LOC102634681",1.04691924804716,13.5082446504818,427.557034318913,1.61345923612281e-05,0.00466052150477359
"Rpl35",2.0098877793631,12.8923691627423,426.011111098301,1.62614148805778e-05,0.00466052150477359
"Knstrn",5.18281295583551,5.7481797895111,402.691500733818,1.83649666680982e-05,0.00512962319167101
"Nrm",6.97552546415348,6.0727252327979,401.597172845807,1.84732504761714e-05,0.00512962319167101
"Elavl4",5.91514854266214,6.04376294929438,400.187408778031,1.86141246313254e-05,0.00512962319167101
"Rrm2",7.1227244671275,6.2945863485092,393.944739387924,1.9257160007075e-05,0.00523965385255793
"Larp7",7.55234821593392,6.79460158646736,388.598708177758,1.98339228305323e-05,0.00532912714052864
"Mis18bp1",6.29930177484493,5.73461338814363,381.248003167726,2.06689820305689e-05,0.00536093260091946
"Hnrnpf",1.94155359203741,10.8506003695519,380.514298229055,2.07551341988819e-05,0.00536093260091946
"Tlr3",-5.97673354768203,5.85993672187941,378.894770948036,2.09471640385573e-05,0.00536093260091946
"Spc25",7.24298768693821,6.5397896775236,378.549329983875,2.0988458721e-05,0.00536093260091946
"Cyr61",-4.36722265198552,7.77652901376066,374.383370158048,2.14959577583504e-05,0.00536093260091946
"Gm10340",5.85446185345793,5.51219342745012,374.063760006009,2.15356298024645e-05,0.00536093260091946
"Cdh20",-4.36271682094973,5.79477621133427,372.763580973453,2.1698122180972e-05,0.00536093260091946
"Dgkh",-2.67057581419001,4.40075364469617,365.09076412859,2.26944783219444e-05,0.00554338422193404
"Nop58",6.91391133804376,7.22949458316522,361.28403121144,2.32137292428827e-05,0.00560650685478385
"Fignl1",6.07593519018384,5.62293009581308,348.064739813619,2.51580198652401e-05,0.00600443374883616
"Atad2",7.34505853138606,7.7052477601579,346.397142490503,2.54200265710207e-05,0.00600443374883616
"Cdc6",6.07353638556734,5.84412311484127,339.108052176555,2.66132873015981e-05,0.00619595181757579
"Mcm5",7.0457376334946,6.10783131746846,337.923459381919,2.68149023589721e-05,0.00619595181757579
"Abhd14b",-5.25276200935238,5.21134350539735,336.295802730027,2.70955790114968e-05,0.00619595181757579
"Fam134b",-5.44217794832276,5.79736187099334,329.945759445674,2.82325818675713e-05,0.00637063260881787
"Poc1b",5.36438067494061,6.60999285152814,326.937372452538,2.87956693175555e-05,0.00637063260881787
"Ccnb2",6.03848625206578,5.60420562675405,325.902582708503,2.89931431276413e-05,0.00637063260881787
"H2afx",3.80761384625283,10.0586734094435,325.632616129153,2.90449870046128e-05,0.00637063260881787
"LOC102635048",2.39746900877606,10.5798071642577,317.872113356187,3.05950544458653e-05,0.00664283530620074
"Ska3",3.83989342158958,4.72730163285239,315.256064595613,3.11448264042911e-05,0.00669458043560238
"Lmnb1",7.27318680176701,7.61782057615016,313.541003960164,3.15131067518918e-05,0.00670667554091005
"Brca1",6.68463723205671,6.21388856406675,302.958003970415,3.39326842170032e-05,0.00715081418867141
"Gins1",6.40045434002959,6.18592785053556,300.209109706231,3.46054543404209e-05,0.0072217887480325
"Ptch1",-1.379814899308,11.2528334028113,297.639326494626,3.52521319854443e-05,0.00728600554833774
"2900052N01Rik",-4.47760065940461,5.53774597335051,293.045713036244,3.64528209631495e-05,0.00746241320574189
"Cyp2j9",-4.54564228900998,10.1055997969606,288.697320925087,3.76451815509877e-05,0.00763380356074039
"Slc27a1",-2.75883330876324,10.953719786806,284.875057140665,3.87408500128601e-05,0.00778256608435915
"Arl4c",3.76567175690399,9.82489681019357,279.029396202807,4.05086378174961e-05,0.0080623441656211
"Cdca5",6.33849030752799,6.10717221750301,270.719165710408,4.32312100107814e-05,0.00852527393744722
"Nkiras1",-4.14541049157487,7.80768344421899,268.042042038113,4.41652286787212e-05,0.00863028718590102
"Defa3",6.44050216263702,5.80521358203967,266.447993981405,4.4735416906292e-05,0.00866295303063736
"Gpr146",-4.54862516083503,5.98048610100125,256.05408137359,4.87307990360076e-05,0.00929674367072571
"Npm1",3.30342718684495,10.7107289531499,255.706397214485,4.88733209952084e-05,0.00929674367072571
"Acsbg1",-4.35346557554967,9.38286721913453,251.437681800596,5.06738382759407e-05,0.00955468555913461
"Eef1g",1.72305966011283,11.8160392956583,247.514842000847,5.24150808545167e-05,0.00979706228667684
"Haus1",5.70125348583195,5.57393507673008,245.493465177599,5.33465645270691e-05,0.0098103477304234
"Trp53",4.99673073919672,5.22167370341247,245.381290537472,5.33989618264498e-05,0.0098103477304234
"Cdk1",6.1464621753221,6.0175277590493,243.443423392089,5.43161271154663e-05,0.00981405410578499
"Cd302",-4.98974370245285,5.69793143060709,243.409714680126,5.43322837212567e-05,0.00981405410578499
"Sgol2",5.32216819404056,5.63453504882531,234.088277277717,5.90839095369253e-05,0.010463402455594
"Gpm6a",-1.9847055605163,12.4892661524168,233.893231265909,5.91897177876309e-05,0.010463402455594
"Tspan15",-4.86050423443905,6.02918736432544,233.529934572129,5.93875366170026e-05,0.010463402455594
"Kif22",5.88520501142855,6.29556706873213,231.667571313227,6.04169145510063e-05,0.0104783090866372
"Rnaseh2c",1.73602004344303,3.73957996975991,231.333567487673,6.06042767413499e-05,0.0104783090866372
"Gm5620",1.4632309258788,13.3050046292537,230.748414042447,6.09345724973084e-05,0.0104783090866372
"Zfp948",3.50900233617294,4.91021871998692,228.619567755455,6.21586371898776e-05,0.0106039675110827
"Psmc3ip",6.23747577461511,6.65004115330332,223.883058226589,6.50140455500695e-05,0.0110037551897539
"Crim1",-6.4981643570212,6.3380110254089,220.875549601514,6.69274836915004e-05,0.011239111421475
"Ubc",-0.742955481661397,13.2923579062203,220.029405391114,6.74806248339748e-05,0.0112441552775681
"Ppp1r3g",-5.40611515363022,5.27064086975787,218.801049623089,6.82955663292754e-05,0.0112726285825279
"Mapk8ip3",-5.42409940648478,5.93264240249972,218.198817455159,6.87003649365503e-05,0.0112726285825279
"Cdca2",7.01304023183654,6.09148261663943,213.317853653106,7.21142379877149e-05,0.011715057160806
"Slc12a4",-5.52319121535504,5.79965431586244,212.8056611614,7.24867458658849e-05,0.011715057160806
"Prim1",5.98406867820421,6.06830723593407,210.671010704588,7.40698547734148e-05,0.0118815785698101
"Aox1",-5.93178413877865,5.55085457011048,209.617750321906,7.48696154235832e-05,0.0119209065446661
"Dpysl3",5.05098770835778,5.11045635490005,207.045006386893,7.68769120805378e-05,0.0121505090086115
"Cenpm",4.09103629287825,4.36744624132649,205.825765743637,7.78556911705898e-05,0.0121800511362634
"Mgat4a",-5.15201654679464,5.40662597217388,205.405705811811,7.8197118250958e-05,0.0121800511362634
"Dnah11",5.8864085483306,5.52816677488646,202.095322507391,8.09659063546769e-05,0.0124422550497055
"Appl2",-5.52231434985386,7.96808723745281,200.58346396365,8.2278176856514e-05,0.0124422550497055
"Cadm1",-2.60394156047711,10.7125829194998,199.982528025214,8.28084074163413e-05,0.0124422550497055
"Cenpk",6.93548153913164,6.05270327028698,199.972760966759,8.28170664143426e-05,0.0124422550497055
"Ect2",7.02140751925018,6.09566626034625,199.620302325551,8.31304250029534e-05,0.0124422550497055
"Gid4",3.99848191334588,5.3949333202805,199.220892085029,8.34876214142439e-05,0.0124422550497055
"Cdk6",7.06542546739667,6.11767523441949,198.727017503661,8.39324020566314e-05,0.0124422550497055
"Hmgb3",4.24834792540673,9.62081180631107,196.7069425415,8.57881255427449e-05,0.0125990013138321
"Gm6251",3.02985727703106,10.9659505597881,196.307608761605,8.6162046668217e-05,0.0125990013138321
"Neat1",-6.36294222411921,6.3457003613291,194.776732577571,8.76177479608501e-05,0.0127252938676924
"Ascl1",8.81973354927717,7.75845332843281,193.383623263858,8.89738383300904e-05,0.0128185492923661
"Glul",-1.81799193831903,12.8441304500501,191.601474714796,9.07537094866373e-05,0.0128185492923661
"Ttr",-9.31192952732025,7.95288840707521,190.841302766148,9.15287412909602e-05,0.0128185492923661
"Nudt21",2.29144924632687,10.579868935685,190.784897261891,9.15866337546439e-05,0.0128185492923661
"Cdca7",5.40696211274449,6.99196216005209,190.230241837856,9.21587670757418e-05,0.0128185492923661
"St6galnac5",-6.41094276305038,6.52739947641255,190.216011943619,9.21735138955658e-05,0.0128185492923661
"Cyp4f14",-6.12553979124167,6.39106759815743,189.964920836079,9.24342935713766e-05,0.0128185492923661
"Fgfr3",-4.61431985464221,9.7198576715171,188.847208508174,9.36082913722662e-05,0.0128981424554286
"Dnmt1",5.09811456344921,7.27666430746667,187.828943593366,9.46968648257609e-05,0.0129650261747117
"Draxin",6.62722870586561,5.89857685365397,186.864004747891,9.57455555820691e-05,0.013001870674611
"Igfbpl1",3.28548871896972,4.22770686020602,186.472627546868,9.61757356251757e-05,0.013001870674611
"Ppil6",-4.683434131507,5.59713467279832,185.448647748522,9.73146651694611e-05,0.0130524616061527
"Aspm",7.43043976846708,6.3001823849547,184.907988294846,9.7923969116379e-05,0.0130524616061527
"Supt16",3.57487741407078,8.6116273615133,184.513854152098,9.83716576039422e-05,0.0130524616061527
"Atf3",2.79844856630315,3.98418678387273,181.049508477787,0.000102438457038744,0.0135086787364896
"Nup85",4.44547770906836,6.36482710610154,180.001259236069,0.000103717357118845,0.0135807717418539
"Gm15453",2.19025740607646,11.5338186317352,179.571214212187,0.000104248771221488,0.0135807717418539
"Itgav",-3.11402927796599,9.2195458639932,178.648791994492,0.000105402102865691,0.0136483024162532
"Mfap3l",-7.43218660523328,8.12385925159493,177.449663742616,0.000106929435009157,0.0137263170986881
"Il33",-6.60717734828409,6.86740625453256,177.017709354658,0.000107487531351563,0.0137263170986881
"Trpm3",-4.81145075064663,5.31047388121202,176.343032258959,0.000108367769528751,0.0137263170986881
"Gja1",-1.86516810003587,13.224099060983,176.197579462669,0.000108558916342264,0.0137263170986881
"Cdca8",5.2968222223836,6.36699618729385,174.158655402696,0.000111290949927047,0.0139894676531104
"Wdr12",3.72123285419365,6.00235506152995,172.841412582318,0.000113109617044664,0.01413541406032
"Kank1",-4.40045376541646,4.85932019054154,171.047383282233,0.00011565709034829,0.0143702263412514
"Ier5",3.96366540609491,8.07337739773219,169.720820807212,0.000117594952976432,0.0144408435027196
"Spag5",4.5850038863984,5.1640718912376,169.588084035221,0.000117791458556095,0.0144408435027196
"Pola1",4.91196550809907,5.0409452547707,169.285693586039,0.000118240914467488,0.0144408435027196
"Rps4x",1.51076683557236,12.6867514278082,168.522793753416,0.000119386023703549,0.0144983196582361
"Gdf10",-8.05530629636533,7.3600463084952,167.63953892416,0.000120732101792434,0.0145794186967885
"Smc2",7.01701256030807,7.08354551077295,167.096088013747,0.000121571347597534,0.0145987492547989
"Pigs",-3.37223291763239,8.23241740231228,166.514070018844,0.000122479622658385,0.0146261082724554
"1110054M08Rik",-2.87363887966747,4.0217819405549,165.266371032699,0.000124460388479431,0.0147805306650021
"Snrnp25",3.2550226504902,5.84766404428238,164.184914469972,0.000126215272016648,0.0149065784175706
"Rpia",4.12729283800591,5.29306318871401,163.509797343447,0.000127329143060399,0.0149559559020944
"Dlg1",-1.44391786450674,7.98173843434971,162.178558142446,0.000129567964532468,0.0151279879641948
"Cd38",-4.77207476281914,6.48916568170486,161.808018133687,0.000130201338607864,0.0151279879641948
"Lsm3",3.65212902850183,9.60861956722975,159.501680293493,0.000134247084674494,0.015434571231432
"Gm8430",1.0524229820485,13.2247393802106,159.485505483101,0.000134276102362307,0.015434571231432
"AU024581",4.32930807639331,5.06537826665183,158.814797046256,0.000135487458318053,0.0154413375481585
"Ppp2r2b",-4.9498864143653,6.62377155429997,158.658680234594,0.0001357717048896,0.0154413375481585
"Dbf4",5.93396878878399,5.6260777022253,158.181216635239,0.000136646455951791,0.0154590293193882
"Tuba1a",0.452750779767866,13.9631020777078,157.276116234473,0.000138327385714063,0.0154938817002016
"Gas2l3",6.99079238173979,6.30275111292749,157.239430734253,0.000138396151962722,0.0154938817002016
"Hist1h2ab",6.66540530706104,8.70878991196278,156.44829145558,0.000139891343160399,0.0155801265348848
"Cenpv",3.37559952815065,7.91484848768387,155.923614761869,0.00014089597082469,0.0156111283137975
"Rasgrp1",-5.32701001800854,5.24846750972543,154.807532201535,0.000143068299255866,0.0157365419328838
"Cxcl14",-7.7437015312782,7.97767067328693,154.592684884183,0.000143492078103988,0.0157365419328838
"Rsl1d1",2.52199970115657,9.47131215797951,154.114217194019,0.000144442442923687,0.0157603569068257
"Sparcl1",-3.70254026305877,12.1361753885633,152.492909977789,0.00014773197139276,0.0158798952899735
"D030002E05Rik",1.50772804858046,4.00295088258826,152.324762652675,0.000148079370013586,0.0158798952899735
"Brinp3",-4.1342856178748,5.2955870841877,152.237094516563,0.000148260968434101,0.0158798952899735
"Cystm1",-5.11705299481875,5.89428013762212,151.895017499952,0.000148972672813547,0.0158798952899735
"Clspn",5.76839054842041,5.46915777493137,151.468589981156,0.000149866870855137,0.0158798952899735
"Rpl11",2.0125025144077,12.0967959246392,151.098374824275,0.00015064955799188,0.0158798952899735
"Nat8",-6.53747933217806,5.99204799990313,150.735459366828,0.000151422613599897,0.0158798952899735
"Fut9",-3.86660123025287,6.69243139732546,150.723505315508,0.000151448175596398,0.0158798952899735
"Nans",3.00771606860129,4.59641631991319,150.350271987204,0.000152249457684072,0.0158864179267919
"Btbd17",-3.19652612159331,8.1319021974757,149.670934480395,0.000153723859366766,0.0159627746719257
"Fam60a",6.04165961989763,6.42112934496163,148.943941371092,0.000155324874605752,0.0159648491243905
"E2f1",5.79849351500006,6.11626398789301,148.07067959867,0.000157280363213764,0.0159648491243905
"Mbnl2",-3.0492170337012,9.942197237692,147.960123435988,0.000157530488706399,0.0159648491243905
"Pcna",2.74203494128594,11.4899964428778,147.90370556699,0.000157658353801519,0.0159648491243905
"Mfap4",4.1376206320821,4.39073841092841,147.755751940781,0.000157994394936515,0.0159648491243905
"Fbxo2",-4.48696534063297,7.59701436509979,147.342261367835,0.000158939098831786,0.0159648491243905
"Sox9",-2.45724555269813,9.75609974960757,147.034773356356,0.000159646969745052,0.0159648491243905
"Pde3b",5.09877788196251,5.35533977927656,147.018038345752,0.000159685627436332,0.0159648491243905
"Rps5",2.14758259495573,11.5737516701124,146.316803192323,0.000161317826206474,0.0160533642329081
"Rps15a",1.79329831599407,12.7025066308493,144.576810200216,0.000165474485847047,0.0163911247616694
"Gucy1a3",-4.29635319728418,5.74067114661413,143.034778873228,0.000169290131907024,0.0166921623180802
"Aurka",6.78240524287699,6.4801314683368,141.491941857271,0.000173237590950955,0.0169802448817838
"Ednra",-3.95445874499697,4.63632268033179,141.279451682027,0.000173791759664686,0.0169802448817838
"LOC102643033",3.65229311394887,4.63350147903204,140.440823184386,0.000176004313386545,0.0170960802224109
"Sgcb",-4.42417584627213,6.66055783608034,140.084075004134,0.000176957994311997,0.0170960802224109
"Tk1",6.01155854808221,5.66487258187441,139.686070609756,0.000178030885696436,0.0170960802224109
"Mrpl52",2.34840919811444,10.3090432808405,139.464114607731,0.000178633333237163,0.0170960802224109
"Hypk",1.96786945251928,11.0289733004998,139.34638707919,0.000178954084672828,0.0170960802224109
"Suv39h2",5.50252282806414,5.55861633608967,137.909646381987,0.000182937146992302,0.0172791446036739
"Tgif2",6.44502889819195,6.4685452023028,137.834579059856,0.000183148798801187,0.0172791446036739
"Nop56",2.68017618111299,8.20244368118874,137.510097972272,0.00018406779245532,0.0172791446036739
"Usp21",3.13807539172802,5.95040454798519,137.503765994411,0.000184085792707203,0.0172791446036739
"Ckap2l",6.10128548664578,6.34085707345601,136.072697108599,0.000188220780336738,0.0175904594492965
"Pde8b",-4.33193357307845,6.40620061040699,134.34009830483,0.000193410785765604,0.0179972503897475
"Paqr7",-5.83199501964846,6.14053202088048,133.70845243969,0.000195354885577867,0.0180997985581735
"Cyp7b1",-6.56095930545485,6.08643049102273,133.39629532363,0.000196326191853204,0.0181117231497194
"Plk4",6.55157933588978,5.86075216866605,132.854861392586,0.000198027698475746,0.0181906212766502
"Rcor2",4.24115048257833,5.34784992128041,132.193503519025,0.000200135415799602,0.0183060032451594
"Aldoa",-3.23917209515993,11.421572644333,130.78418745176,0.000204737398121665,0.018647586324683
"Cdk2ap1",3.14902880112106,10.7935115940762,130.460849225206,0.000205814981036397,0.0186617377453239
"Lrrc16a",-3.2009438185605,6.11170837061561,130.218183881412,0.000206629150192467,0.0186617377453239
"Mfge8",-1.58483589650983,13.26678743249,129.554692747921,0.000208879370269303,0.0187860337403292
"Rps28",1.03311032858623,13.8664331833302,128.806909263593,0.000211458567338731,0.0188907639945179
"Slc44a1",-6.34258426789996,6.50587617890368,128.603616570087,0.000212167779902611,0.0188907639945179
"Slc15a2",-5.78837255546344,7.76680685781012,128.393627880542,0.000212904001316255,0.0188907639945179
"Clmn",-6.09390618649932,6.13205006053535,128.206269932026,0.000213564029343949,0.0188907639945179
"E2f2",4.30301679165302,4.73647089654767,127.950953324786,0.000214468278881214,0.0188907639945179
"Asxl2",2.55079798791733,5.97454797056632,127.712762428382,0.000215316919221069,0.0188907639945179
"Rrp1b",3.34687842599056,6.54683972154227,127.397846165824,0.00021644646046168,0.0189126693805846
"Nr1d1",-3.80015722531487,8.26199237484846,126.924986835805,0.000218158812119985,0.0189760899438016
"Rps19",3.08963852354268,10.5867762139134,126.69588954444,0.000218995549162608,0.0189760899438016
"Birc5",6.9668907600574,6.12899135969622,126.447044722362,0.000219909725214108,0.0189760899438016
"Vnn1",3.84799956622334,4.50896228383283,126.097232118062,0.000221204265878091,0.0189760899438016
"AI464131",-5.65073542868426,7.63035636524948,125.994555303181,0.000221586349192566,0.0189760899438016
"Baalc",-5.58840828927961,8.97378457937986,125.424351869777,0.000223725824229217,0.0190241260210244
"Mir1949",4.02630686278429,4.33508152627951,125.373689764936,0.000223917370705708,0.0190241260210244
"Efcab11",4.97928088428228,5.14873374997445,124.571043800488,0.000226984257873293,0.01920876623223
"Uba52",1.5873346047228,12.7709324371341,123.947479149973,0.00022940935812594,0.0193152085824248
"Sesn1",-3.39809256891709,8.10564796977312,123.787089853603,0.000230039236896988,0.0193152085824248
"Kif18b",5.37727877246637,5.27360188695434,123.435692411027,0.000231428088440955,0.0193562130779701
"Hn1l",5.42685107650775,6.53289440933272,121.96774790679,0.000237364237238562,0.0197757530210965
"Hdgf",5.06836463711653,9.00916177508164,121.319559254683,0.000240056293523706,0.0198652102363458
"Atp1a2",-2.32063813474644,12.9264224892004,121.264663357819,0.000240286329911603,0.0198652102363458
"Ifit2",5.79880891712303,5.92411827947902,120.478610125537,0.000243615789350437,0.0199523400028305
"Cyp4f15",-4.90122607299787,7.05490518323325,120.309374685991,0.00024434141333856,0.0199523400028305
"Ttf2",4.91270774349769,4.86596010191414,120.247409919658,0.000244607885835457,0.0199523400028305
"Gm21571",2.56722135837114,10.90832127071,120.144085625819,0.00024505316402639,0.0199523400028305
"Sox4",4.87563853891476,7.38220869778428,119.88712039548,0.000246165701237512,0.019954471606925
"Nes",4.37309792072134,5.21126278127817,119.710191817704,0.000246936005928916,0.019954471606925
"Calm1",-1.2266792257549,11.7765869029831,118.941659544693,0.000250323154872645,0.0201204485875058
"Dennd5b",2.245422929761,3.9300663869381,118.658116031545,0.00025158994314901,0.0201204485875058
"LOC100044627",1.36890141084323,12.4701726181308,118.516251631247,0.00025222726360819,0.0201204485875058
"Gm10257",2.48997185891525,10.7941395214076,118.403788196296,0.000252734176256179,0.0201204485875058
"Ythdf2",3.53575341410741,6.4467681941816,117.313600802418,0.000257726007153942,0.0204421421541476
"Ermn",-5.79255884905337,6.74916309458896,116.792214147926,0.00026016433878762,0.0205596781699996
"Gen1",4.37259600227751,4.91952211608421,116.555476795921,0.00026128259179864,0.0205724150575523
"Shisa9",-6.50556749364677,6.52315276579628,114.177754412662,0.00027291355948477,0.0214097699311136
"Hnrnpa0",1.64030134636089,10.829810364027,113.941171276049,0.000274111942161211,0.021425586170019
"Ephx2",-6.19940278602078,7.21462722519181,113.265708617363,0.000277575966472249,0.0215553990693102
"Cd81",-1.67143994690397,13.0742185906569,113.226626337652,0.000277778345764082,0.0215553990693102
"Ncapd2",6.71698595938289,7.47579479351709,112.882610796209,0.000279569080336347,0.0215680966267608
"Polr2m",2.15283018696901,8.54172929661999,112.810080642517,0.000279948776872122,0.0215680966267608
"Cpsf4",5.03143657174693,5.77471204354482,111.658166546207,0.000286081295363359,0.0219618480136978
"Ran",1.49823044755167,12.4072917468099,110.49956424464,0.00029244911899382,0.0223707964867337
"Abcg1",-4.96871680978782,5.57328725179221,110.311225795402,0.000293503755226896,0.0223718553851139
"Bend3",3.99002692138213,5.53815482222447,110.071185332236,0.000294855966600072,0.0223955088412316
"Lypd6",-5.12344674788921,5.35916251487086,109.53502659469,0.000297909299308077,0.0224929745818814
"Srsf1",3.39503648145357,5.54692485984485,109.42709313643,0.000298529536144297,0.0224929745818814
"Dexi",-2.80371898161143,6.37068247631848,109.297198880826,0.000299278470826615,0.0224929745818814
"Prc1",6.13798355982696,6.42195634293133,108.766761646521,0.000302365450315842,0.0226458026290558
"Tyms",6.92640336466754,7.82852299450166,107.969767361506,0.000307091743206187,0.0229199202090868
"Itm2b",-1.9387680723835,11.8560608896921,107.558480344344,0.000309572991188422,0.0229858474757687
"Man2b2",-3.39302068637042,6.50234582059071,107.469477499977,0.000310113783111092,0.0229858474757687
"Lrrn2",-2.85086449978883,4.51436109679271,106.949698605254,0.000313299718552381,0.0231421905508021
"Cdca7l",5.24654812064097,5.20823656104165,106.627301764184,0.000315299864779963,0.0232101732652237
"Ttyh3",-1.29611295311127,11.6071569472378,105.854871888205,0.00032016844740154,0.0234266886179223
"Dio2",-2.44773286542213,11.1677333788579,105.765252310239,0.00032074040300649,0.0234266886179223
"Wee1",5.68752803920451,6.14102525400836,105.533957694958,0.000322223439637315,0.0234266886179223
"Ppfibp2",-2.84735534516537,4.08277098041599,105.355800486034,0.000323372594659178,0.0234266886179223
"Sephs1",4.14995100727761,8.86864263870476,105.209916261557,0.000324318038999476,0.0234266886179223
"Rad18",2.23843499707894,4.07342995105907,105.005114120602,0.000325652135977282,0.0234266886179223
"Pmf1",3.71784844331013,5.00932792559917,104.971755038338,0.00032587019756961,0.0234266886179223
"Adam12",4.69811279173504,4.93401889658868,104.802080390963,0.000326982630310318,0.0234283054617343
"Kif20a",7.52275481528162,6.76137740764081,104.308789382471,0.000330248424849339,0.0234644108542462
"Dimt1",4.54766702530552,5.83719042757194,104.164452892766,0.000331212991946288,0.0234644108542462
"Grm3",-3.40320338141412,11.67584176292,104.118553858642,0.000331520585785811,0.0234644108542462
"Gm10349",4.26739732531309,8.80681219644436,103.832944461902,0.000333444003484371,0.0234644108542462
"Mmd2",-2.75229140839804,11.5649846600257,103.801044339744,0.000333659842767395,0.0234644108542462
"Acadvl",-3.13710153815686,9.51726259726241,103.709508934061,0.000334280312769639,0.0234644108542462
"Jph1",3.64880767381029,4.76233090064416,103.451670204972,0.00033603714027977,0.0234644108542462
"Hells",4.35236807580005,4.76114653862119,103.425016394916,0.000336219518172032,0.0234644108542462
"Mex3a",6.36911061120412,5.50648340048942,103.135453958743,0.000338210179841405,0.0234662327074173
"Tmem176a",-5.97175916364021,5.92380664555912,103.103770680433,0.000338429036487526,0.0234662327074173
"Gucd1",1.83209966712028,3.5010123342813,102.448682583645,0.000343000838072502,0.0236718823083501
"Dhrs3",-5.29923902504605,6.38982399593113,102.262695131526,0.000344315248736192,0.0236718823083501
"Whsc1",5.01885530625963,5.57489339073098,102.208628328258,0.000344698728193235,0.0236718823083501
"Bub1b",6.24694093956894,5.70843297050563,101.608169646045,0.000348999807515319,0.0238865795126856
"Chn2",-3.7142262049806,4.6644680245479,101.463527969184,0.000350047571365247,0.0238865795126856
"Pygb",-2.3545482393357,11.5359169805057,101.236993772247,0.000351697797021532,0.0239001005142674
"Fgf1",-4.29957394011909,5.08557194407875,101.131590112425,0.000352469498163422,0.0239001005142674
"Tmem151a",-2.28302172464748,4.85341395769187,100.145031781808,0.000359813776436554,0.0243213746053576
"Phlpp1",-2.85005914361967,10.1250925050538,99.900033816913,0.000361672212565691,0.0243342801012065
"Fanci",5.89773873987884,5.53383187066058,99.8217638109521,0.000362268882641827,0.0243342801012065
"Kars",4.78296616448442,5.7765981867526,99.4249075275546,0.000365316419162668,0.0244062137207544
"Pla2g7",-5.74976275584263,10.0526993132667,99.3663419926753,0.000365769319772091,0.0244062137207544
"Aard",4.38840863851613,4.77916681997922,99.2403941565475,0.000366746081963419,0.0244062137207544
"Os9",-2.9057999028628,8.99587610318176,98.6938997792469,0.000371028687113612,0.0246150050293429
"Arsa",-5.7955031728809,6.04123577032896,98.5318608397302,0.000372312529697914,0.0246241779257128
"Rps6ka6",4.41414293398867,6.06329436478784,98.2214796003214,0.00037478985642914,0.0247010643148538
"Tmem88b",-6.97673895871085,7.41056878675888,98.0821104085363,0.000375910068558164,0.0247010643148538
"Abhd3",-5.21811148366792,9.18575981812464,97.9566710211841,0.000376922498035452,0.0247010643148538
"Rab7",-1.0525878532195,10.9571130577121,97.7698032875547,0.000378438111645537,0.0247250067167806
"Tspan9",-4.07309380917734,7.45872219366289,97.4630334185811,0.000380945550710179,0.024813407916713
"Tril",-4.47520972393619,10.5197141176274,97.2046528836819,0.000383076318428303,0.0248768140924966
"Rpe65",-4.93008023284797,5.33661006446238,96.413776217551,0.000389707520180511,0.0251994054576302
"Pitpnc1",-3.9259059394456,8.81674991918024,96.3336635470613,0.000390388556287083,0.0251994054576302
"Map7d1",-2.07310754142155,9.09286309975064,95.3396689499171,0.000398984872357218,0.025609852730896
"Homer2",4.93443582006422,6.65121558351753,95.3119724405461,0.000399228338993281,0.025609852730896
"Micall2",-4.97107485255605,5.72377826644281,95.1879192686421,0.000400321494188466,0.025609852730896
"Adora2b",-5.23067508654053,5.27443085110357,95.0115972297615,0.000401882770880585,0.0256334426115079
"Tipin",2.76200687292671,8.37649088474042,93.9954450600145,0.000411055981049382,0.0260370587555231
"Nedd4",1.65190727365483,12.1645308190069,93.9337569573084,0.000411622666936779,0.0260370587555231
"Tox3",6.18793581807757,7.02200279483123,93.9096300762705,0.000411844613951052,0.0260370587555231
"Smpdl3a",-4.7077953783906,9.6182987594374,93.6966732051097,0.00041381123143185,0.0260663564341957
"Wfs1",-4.55777346767094,9.11574497031963,93.5436383631485,0.000415232950862542,0.0260663564341957
"Megf10",-3.42252175963683,9.80221017869835,93.4671678564849,0.000415946045914357,0.0260663564341957
"Ednrb",-2.58902404744974,10.7849436000283,93.0253235697694,0.000420101481641759,0.0262230607816902
"Frat2",5.84296373889442,6.67719121857833,92.9425655162859,0.000420886530341154,0.0262230607816902
"Rpl41",0.9425666862291,14.0282498146315,92.7293060137951,0.000422919415024442,0.0262735630807815
"Asf1b",4.55361633151879,4.86177066648055,92.4576035143764,0.000425530217703785,0.0262996327796367
"Rnaseh2a",4.48878157383219,5.12447243232354,92.3524552989545,0.000426546904829239,0.0262996327796367
"Fam168a",-1.64345945993852,7.35247672224283,92.304720891382,0.000427009622707291,0.0262996327796367
"Tppp",-4.51027461592587,5.7434326575394,92.1642790997881,0.000428375262471418,0.0263083607623518
"Slc24a3",-4.25906021918384,5.178598417906,91.9858371748745,0.000430119620174027,0.0263216120169052
"Tox2",-5.98303807540671,5.72474315264881,91.7641444103561,0.000432301245909249,0.0263216120169052
"Rpa2",3.06977800649485,7.51781698034491,91.7282895489507,0.000432655600962981,0.0263216120169052
"Trim59",1.75126022469943,10.4658668234256,91.6441103971486,0.000433489213956011,0.0263216120169052
"Gprc5b",-2.6682589137795,9.70411576602322,91.3231943312876,0.000436688782147783,0.0264411982317369
"AK205147",5.56666935617527,8.0825364138766,90.8137595582796,0.000441839092183333,0.0266778968721369
"Prr11",6.20438871476135,5.90954927943827,90.1796448382651,0.000448374597856542,0.02699667221548
"Fam228b",-4.38548017193906,5.70247796058073,90.028223567793,0.000449956071523665,0.0270162171994447
"Ptplad1",-1.98004564604617,12.3954006358697,88.9607842222276,0.000461339063917341,0.027622515818672
"Vps37d",3.88690816953136,4.91839158596761,88.6922273933992,0.000464269016894355,0.0276519117928405
"Oaf",-4.83454139768185,4.90100773611837,88.5803256526365,0.00046549788040271,0.0276519117928405
"Slc9a9",-5.07042934055031,5.83213831369023,88.5629311600609,0.000465689326308829,0.0276519117928405
"Gm11478",0.886815112300502,13.8708692219972,87.7401814266298,0.000474877452442312,0.0281198094772658
"Acsl6",-3.96410552743839,9.17678852164087,87.4723229590663,0.000477925880126839,0.0281623475957605
"Stambpl1",-2.53774565157211,4.30693153397098,87.4469446115852,0.000478216183877766,0.0281623475957605
"Nup133",4.12025534676388,6.53659416547935,87.1085326023551,0.000482112000875918,0.0282174538747699
"Pcdh9",-4.24653880046995,7.12997515567977,87.0201416608005,0.000483137187046112,0.0282174538747699
"Sgms1",-1.91658021456477,6.52077986831292,86.9319336239949,0.000484163425260974,0.0282174538747699
"Ddhd1",-3.94133535012315,8.44665506601673,86.9026735548433,0.000484504547930695,0.0282174538747699
"1190005I06Rik",-4.05056285825421,8.07318779496163,86.7990324373232,0.000485715651717369,0.0282174538747699
"Crym",-3.85812838331576,10.6375503788467,86.6376013615788,0.000487610877802141,0.0282246866399895
"Sfpq",2.23861830158451,11.1886536417854,86.4645969443813,0.000489653976125532,0.0282246866399895
"Dkc1",6.14523280928862,6.47887141325497,86.3852921653634,0.000490594703482016,0.0282246866399895
"Cetn3",1.49033731110267,11.2776077586714,86.3434187323364,0.00049109247747644,0.0282246866399895
"Bclaf1",2.8607867297941,10.1415927820898,86.0578341816598,0.000494507119967289,0.028345148116525
"Cpe",-1.02877529573247,13.1141604682123,85.9411057063893,0.000495912782032324,0.0283501203451723
"Emc1",-1.50114766261059,10.3314044834618,85.8115956103433,0.000497479193843984,0.0283642314898579
"Gm13777",1.6321340218401,12.5460364623881,85.6176077296627,0.00049983899381515,0.0284025939863631
"Gm10029",1.52491419933363,12.8771395672582,85.5394194016008,0.000500794748584863,0.0284025939863631
"Mag",-5.96140581388303,5.63596433516221,85.2703526890037,0.000504104205508966,0.028515052361619
"Mid2",-3.46019529467213,4.75718481469674,84.8223368827853,0.000509685898617242,0.0286873020666261
"Mog",-4.92575585362686,5.50093663499835,84.8081439206699,0.000509864195178008,0.0286873020666261
"Ncan",-1.49708712309327,11.720488021434,84.6599976268465,0.000511730700511829,0.0286873020666261
"Dnajc9",2.9060234168688,10.3833010507881,84.6001351034678,0.000512487741036725,0.0286873020666261
"Scamp1",-2.90370951798716,7.51490692823695,84.1756090193677,0.000517903613166512,0.0289151640649719
"Abracl",6.39582277392525,7.18134901226251,83.893664384533,0.000521546767848881,0.0290105586368856
"Ttyh1",-2.78751473665594,12.550229137818,83.7954066600927,0.000522825194910368,0.0290105586368856
"Tfdp1",3.14855156158231,9.78314705949015,83.6806694818307,0.000524323829359803,0.0290105586368856
"Gaa",-5.32526681893353,8.20404150782084,83.5687841861769,0.000525791256691579,0.0290105586368856
"Epha3",5.032740657548,5.31380946970025,83.5255080913079,0.000526360449796947,0.0290105586368856
"Srsf2",2.18943909392561,8.35495856600363,82.9247935452562,0.000534355126968251,0.0293161458718563
"Nop10",2.4609452048066,10.7979463344788,82.7794410193975,0.000536316173897581,0.0293161458718563
"Anks1",3.32875081030909,4.62219010932634,82.7679010828971,0.000536472316449698,0.0293161458718563
"LOC102641923",2.38502755519972,10.8316264292705,82.7023601859407,0.000537360384903995,0.0293161458718563
"Hmgn5",4.78102105196488,7.15286753905673,82.4743431124457,0.00054046674485003,0.0293507880508873
"Hist1h2bc",-1.71180567666807,11.3243310334358,82.4553766171064,0.000540726311614392,0.0293507880508873
"Pdlim1",2.31223775524149,4.23876138210194,81.3990506282965,0.000555474779713269,0.0300753914104199
"Sdhaf2",-4.33989402469346,6.39992005551133,81.0287216624219,0.000560784427761527,0.0302865861174222
"LOC101056043",2.65894182183818,5.9731104695414,80.87633347644,0.000562990835870774,0.0303295439023616
"Rpl37a",1.5737335861519,12.7121334590218,80.7003053588183,0.000565555321578394,0.0303915290933189
"Rsf1",2.48474594172754,7.37321200599235,80.4330968361069,0.000569480865248755,0.0304979368012661
"Iqgap3",5.14956775564827,4.8967119727115,80.3727351348951,0.00057037313766499,0.0304979368012661
"Astn2",-5.7478693301123,5.68128958711375,79.8945360298044,0.000577514557074683,0.0308031647749883
"Atp6v0c",-1.78863975237377,10.3687227680388,79.6847753796831,0.000580688329654448,0.030895781301788
"Fjx1",-5.71875085449564,7.81683018279878,79.2747508765116,0.000586966097504373,0.0311526821379173
"Ska2",4.74105898998322,6.46559131216508,77.7756442410485,0.0006107812968142,0.0323368078202493
"Kntc1",5.08071895806206,5.12532197975219,77.6687160258928,0.000612533554821423,0.0323498986753968
"Fxyd1",-3.10499968960255,10.3611289857563,77.2274260463621,0.000619843214261383,0.0326234858907447
"Tead1",1.95001022874384,11.0392657014343,77.1732550330577,0.000620749277939734,0.0326234858907447
"Rab11fip3",1.77473978649668,7.48057822185573,77.0318184022262,0.000623124073156838,0.0326684193963567
"H2afz",3.18925479628134,11.4442018136454,76.6740999303583,0.000629189832174304,0.0329061689600649
"Kif4",4.88726218611315,5.02859359377773,76.4125047190255,0.000633680330974458,0.0330014956383783
"Pcdhb19",-4.95670938239388,4.97563905664016,76.3891695328008,0.000634083168115852,0.0330014956383783
"D930015E06Rik",5.49109967029771,5.62200204184206,76.2247539404464,0.000636932105843161,0.0330696995533786
"Cdkn2c",4.54706394128349,6.74323071662045,75.9697955010579,0.000641387004652455,0.033220755819288
"Dusp1",1.9617133030345,10.9790124315777,75.8288208291587,0.000643869800030011,0.0332691859414545
"Rab28",1.05122798441972,6.40448847240155,75.6727859532754,0.000646634211197295,0.033277998177456
"Fzd6",-4.70745629321668,6.15967898490364,75.6445282229729,0.000647136694030081,0.033277998177456
"Ccdc80",-3.69320006282523,6.98827490615648,75.4346692144645,0.000650886323161087,0.0333537806593081
"Gm10913",2.04731191213746,12.1452056758671,75.3269391258691,0.000652823498754564,0.0333537806593081
"Phf12",3.18787754441969,7.40541500224471,75.2973751957048,0.000653356580748151,0.0333537806593081
"Sepp1",-3.09588198434671,11.6053920599528,75.2165521279627,0.000654817187170412,0.0333537806593081
"Vmp1",-1.52046013129326,7.53911671440941,75.0562258241885,0.000657728679469308,0.0334228793503375
"2310047N11Rik",2.37335216718392,3.84576939142527,74.8741212261277,0.000661058624118494,0.0335128658618562
"Ngfrap1",1.99121616578878,10.5196253849506,74.685126184764,0.000664540638348355,0.0336101200501127
"Gm3362",1.1944205492732,13.1672142595898,74.3976962729299,0.00066988770478714,0.0338010239774638
"Pinx1",2.32647072424523,6.31961303539915,73.8696747780104,0.00067987537983323,0.0341027549078542
"Hmgb2",4.80154907286695,11.1082657037333,73.8536024010546,0.000680182792126413,0.0341027549078542
"Cml1",-4.19372513392985,7.79187079580265,73.6633204815257,0.000683837729467257,0.0341027549078542
"Tmem229a",-3.62333128576837,6.54224970071999,73.6437322435946,0.000684215606117984,0.0341027549078542
"Gjc1",5.31201900195264,5.24097200169748,73.5906020811435,0.000685242074909914,0.0341027549078542
"Itih5",-4.1410150131736,4.94695971328001,73.5094946757512,0.000686813398515594,0.0341027549078542
"S1pr1",-2.93982005865857,11.8778402992715,73.501251882768,0.000686973383349656,0.0341027549078542
"Crcp",-1.8292729236575,3.71207560275501,73.4099370791889,0.000688749360579444,0.0341121371098045
"Agmo",-5.54099443582706,5.70628219193273,73.3094178853615,0.000690712108814635,0.0341307052390128
"Gltscr2",1.99356187267468,9.39804373773506,73.0741913759713,0.000695337175609031,0.0342804417195324
"Leng8",-1.77964488151937,9.49408282207228,72.8342639020903,0.000700101364934369,0.034436336016623
"Arhgef4",-4.59179839021378,5.58679082186376,72.2714884717299,0.00071146483130973,0.034845029282101
"Myo1d",-3.17195105090568,4.81868414288712,72.2623103827508,0.000711652377522323,0.034845029282101
"Hnrnpu",0.761834219365566,12.5654429845729,72.0447501312467,0.000716119232116158,0.0349686416153598
"Eps8",-5.89109680371174,5.4428327672991,71.9420692942459,0.000718241650029535,0.0349686416153598
"Pold1",2.70710322090736,3.93851411117484,71.9027199128072,0.000719057436333521,0.0349686416153598
"Vrk1",4.47094771281044,8.50678097235951,71.6505533814247,0.000724317551449558,0.0351449340144656
"Mtbp",3.51803288393113,5.62426918275878,71.5512272997,0.00072640488102491,0.0351668308955641
"Vash1",2.7585696075528,4.50445886385499,71.3011797579194,0.000731698623346639,0.0352838409936272
"Slc2a1",-2.3589764310624,12.4510616148741,71.2821023358538,0.000732104818941974,0.0352838409936272
"Riiad1",-2.38739350276319,4.95143435466638,71.0952148812401,0.000736101473253804,0.0353970943346544
"Mrps5",2.35714668219566,5.59217045181848,70.6390013599195,0.000745992462537989,0.0357518343817957
"Folh1",-4.1695641306798,4.87355613675517,70.6019157709751,0.000746805007556468,0.0357518343817957
"Tcf19",5.99660148209333,5.93408571506586,70.4461914742663,0.000750231058012665,0.0357837270024842
"Slc1a3",-2.07382609406157,12.3007960485316,70.4204004544138,0.000750800692166567,0.0357837270024842
"Rcc2",3.55925052781874,8.19057665136691,70.2757923093357,0.000754006301763887,0.0358570032221565
"Cspg5",-3.19766613898717,10.7819104318648,70.0763372125313,0.000758460595510348,0.0359892064028586
"Atp8a1",-5.14681584671945,6.18942356079242,69.6625444464787,0.000767824811748229,0.036353291472529
"Slfn9",2.740631639948,7.08490790219324,69.5469573255481,0.000770470709263277,0.0363809888926901
"Ncald",4.78836281012769,6.07541730485459,69.4379866724381,0.000772977348561217,0.0363809888926901
"Gm17748",4.619487546211,7.63569034752364,69.4158758839233,0.00077348741214047,0.0363809888926901
"Ier2",3.90314096494661,5.30613537424577,69.2539815533922,0.000777237081974259,0.0364775351027002
"Arxes1",-5.0121975369489,6.64221851146085,68.5981340646634,0.000792701827536153,0.0369955338269732
"Efna5",3.34298137171471,4.25645318657851,68.4150421190158,0.000797099246772791,0.0369955338269732
"Mrpl18",1.96868479577937,10.1680155329981,68.340445860775,0.000798901073840744,0.0369955338269732
"Plk1",4.45086323680022,4.81039411912127,68.3382856544678,0.000798953340800234,0.0369955338269732
"Scd1",-3.93886599702864,8.71032396716845,68.2802388660508,0.000800359673593391,0.0369955338269732
"Znrf3",-4.30158264719201,6.70998634821668,68.2455119648324,0.000801202749280991,0.0369955338269732
"Adcyap1r1",-2.55285653479855,10.4839488977738,68.1632534030326,0.000803204942151697,0.0369955338269732
"Kxd1",0.945531431643797,13.5795610051302,68.1521268669324,0.000803476324989217,0.0369955338269732
"Tead2",5.28049403865796,5.97264017964152,68.1403247811346,0.000803764331109397,0.0369955338269732
"Cenpq",2.99991829540573,7.36558867004552,67.9657977323014,0.000808040951715067,0.0371129065322978
"Tk2",-3.43064483409351,4.52267733910436,67.75463762724,0.000813259750833112,0.0372729602220847
"Tacc3",6.0532092313492,8.8089136265225,67.6397060010993,0.000816120961752656,0.0373245107933475
"Fads6",-3.34364108426757,5.75923443947823,67.532158310021,0.000818811670569934,0.0373680612715514
"Arx",2.44033542923545,6.86109165530908,66.3709070893338,0.000848707674320239,0.0385828507991075
"Tpx2",6.72604601349135,7.30352576268172,66.3590851089361,0.000849020164130162,0.0385828507991075
"Gm1673",0.805965316357248,7.62463565046635,66.1948388881222,0.000853379098040384,0.0386389144465926
"Rgcc",-5.6147114290728,7.02374532741088,66.1772057073177,0.000853849004984019,0.0386389144465926
"Slc13a5",-3.86217478452452,8.08019840709698,65.8663489427509,0.000862195399200093,0.0389346430794243
"Slc46a3",-4.20672141813647,5.22017675403404,65.7975322895392,0.000864059187287699,0.0389370067730589
"Aldh6a1",-3.72240529028944,9.49896390895081,65.3350893338869,0.000876737537329819,0.039425676495616
"Cbx3",1.19353466779023,12.1182887580793,65.0287049574517,0.000885287386223487,0.0396993716772318
"Srsf3",1.8767210685944,11.3450509980161,64.9303613997948,0.000888057519383414,0.0396993716772318
"Ndp",-3.49880956023375,4.80346527927207,64.9194860162495,0.000888364632554012,0.0396993716772318
"Gm4604",1.219131700859,13.3693251276506,64.7628899564799,0.000892804027139181,0.0398149845712794
"Cdv3",1.97034412858407,10.9230419651514,64.4584796775706,0.000901526960396424,0.0401054101519164
"Adamts4",-6.01461236339546,6.89315343493219,64.4058358254231,0.000903048081578393,0.0401054101519164
"Caskin2",-4.96716679953635,6.30719675968734,64.1551693438915,0.00091034259052959,0.040202221746766
"Pabpc1",4.39533971687227,10.10094578713,64.0664985786645,0.000912943540304028,0.040202221746766
"Gde1",-2.41132566005105,8.98613514947859,64.0083071496213,0.00091465634598145,0.040202221746766
"Rps7",1.85205547823197,11.5070453247162,63.9746758665222,0.000915648387124003,0.040202221746766
"Spock3",-4.23549353353903,4.98931671480791,63.9641595743242,0.000915958914367144,0.040202221746766
"Spg20",-3.57448335093016,6.39972865710336,63.9217057352427,0.000917214063379268,0.040202221746766
"Cyb5d2",-2.51199904510737,4.93662861046965,63.8726282217423,0.000918668170927653,0.040202221746766
"Mt2",-0.894173836639634,13.638014094946,63.8213721070998,0.000920190421000645,0.040202221746766
"Olfml1",-4.7040582534441,5.75949326716754,63.5053515542742,0.000929657680511379,0.0404849735724013
"Scd2",-1.4277734239585,12.5342893595829,63.4340123818131,0.00093181449302177,0.0404849735724013
"Ncapd3",2.426543088603,6.00367784131745,63.4175671650364,0.000932312720090191,0.0404849735724013
"Tex30",5.09825467064129,6.23059204177346,63.321274559963,0.000935237832222586,0.0405301153298881
"Nup210",3.90074276581926,6.71498432356421,63.1842121622518,0.000939424567189733,0.040629639983387
"2810025M15Rik",2.76534670225288,6.82319862826502,63.0968370549799,0.000942107830547196,0.040663521471833
"Macf1",-1.4120505404119,11.4794470774715,63.0357158389476,0.000943991496368676,0.040663521471833
"Tmod2",-4.58084232946681,6.08436894179105,62.9099301766883,0.000947885353772587,0.0407495913586835
"Sez6l2",-5.21763331122917,7.15485824218902,62.7855708938309,0.000951758134260888,0.0408344133651453
"Cenpj",3.87538136728779,4.52265318436506,62.6261249455629,0.000956757440205152,0.0409671338191429
"Rab31",-2.30624144827774,9.30749985571617,62.4570270561327,0.000962101344762683,0.0410598041831068
"Ddhd2",-3.63725741631794,4.64924640693553,62.4368437406077,0.000962742093895595,0.0410598041831068
"Paqr4",-5.06174329218932,7.85427211438321,62.2609924491174,0.000968351189423087,0.0412172451814837
"Serinc1",-2.3556577830865,11.5862910871974,62.1979197618364,0.000970374627133625,0.0412217442890064
"Tmem164",-2.36252993336139,7.27243296035248,62.11362248792,0.000973088616671776,0.0412555025943981
"Tmem63a",-4.74994225419456,7.03792888207535,61.7284440006395,0.000985631607561717,0.0416380027422102
"Syce2",6.38636872800751,6.43695737434544,61.704219250583,0.000986428334400012,0.0416380027422102
"Nelfe",2.71208457517811,8.14659831903026,61.6588834817946,0.000987921907351812,0.0416380027422102
"Ak4",-3.21874463681756,7.72918716652554,61.5114892589937,0.000992800630416136,0.0417360086232236
"Tubb2b",-0.456078318781501,13.3895935128041,61.4644847611685,0.000994363863968235,0.0417360086232236
"Prpf31",4.04540503749879,6.53077085139298,61.4132396622536,0.000996072222550067,0.0417360086232236
"Slc22a4",-4.70655854051127,5.17034964086641,61.2722354862811,0.00100079504153234,0.041775008540321
"Epas1",-3.62963463337277,10.9422093831128,61.2694119655224,0.00100088994641848,0.041775008540321
"Abca2",-3.5305282588873,5.68188727190926,61.2024720352723,0.00100314379917632,0.0417879379133625
"Supt3",2.45410829798532,5.98447286926204,61.1227249634302,0.00100583854325532,0.0418065620584574
"Asf1a",1.64309281803577,10.24260347103,61.0742783250598,0.00100748076977348,0.0418065620584574
"Xpr1",-2.189397447077,11.4106541092187,60.7430085888556,0.00101881557483817,0.0421384935937431
"Lamp1",-1.70553280164667,12.2816456112868,60.6335200798695,0.00102260278155337,0.0421384935937431
"Sema4a",-5.37722857908886,8.0708899260977,60.5902042768428,0.00102410674648424,0.0421384935937431
"Nkd1",2.6424625255003,6.38190129148887,60.5801352310907,0.00102445681534618,0.0421384935937431
"Gsn",-4.78654390597976,5.26484190102829,60.5564261925057,0.00102528179341836,0.0421384935937431
"Cenpe",4.33545812576979,4.75269156360605,60.2912285810225,0.00103457601708831,0.0423764457718664
"Gm8203",3.75140400876885,11.8859548993971,60.2616373978823,0.00103562069716425,0.0423764457718664
"Epb4.1l3",-5.29047160133724,6.21032801130024,60.1850455383816,0.00103833183552534,0.0423764457718664
"Dll1",6.23110868747428,5.4374824386245,60.165171781235,0.00103903700304996,0.0423764457718664
"Rps2",1.39982486068703,11.407541985361,60.111953834242,0.00104092874471019,0.0423764457718664
"Stt3b",-1.55332481173829,10.3921930240204,59.8361302537396,0.00105081443667375,0.0426980270629534
"Scn2b",-3.15825946242559,4.53334218373239,59.5727887529076,0.00106038110021526,0.0429893563496778
"Atp1b1",-1.13905614998253,12.1588850343608,59.5290019117731,0.00106198409963614,0.0429893563496778
"Stil",5.67042770265932,5.42017635205082,59.4577819371035,0.00106459896458567,0.0429914567425689
"Med10",2.42885897493379,7.90839354012206,59.3846483575046,0.00106729387487122,0.0429914567425689
"Tusc3",-2.93161407747746,8.26473072837153,59.36455096951,0.00106803618983632,0.0429914567425689
"Fbxo5",3.96575317167395,6.25702260361947,59.2537370878929,0.00107214275765289,0.0430343355489057
"Armc10",3.70568698328943,8.1848665977062,59.2278460737695,0.00107310555265008,0.0430343355489057
"Ndc80",5.28367806065475,5.22680153104853,58.9119485264267,0.00108495494607007,0.0433878854830317
"Sox11",5.40792960661103,9.97739411105922,58.8854202031511,0.00108595870620475,0.0433878854830317
"Psap",-5.58242512219612,9.34398593938631,58.6431369755014,0.00109518907047436,0.0436754899255034
"Gnb5",-5.22290447950988,5.63233418105983,58.565543904393,0.00109816936942823,0.0437132418441849
"Slc38a3",-4.41894369345481,9.81553892051363,58.4955633392316,0.00110086743593313,0.0437396405459936
"Limch1",-5.42069980717627,5.99043437111421,57.9438619618954,0.00112248075942145,0.0445040229280721
"Gpr155",-5.3033283740135,7.21081129272045,57.8994678848158,0.00112424677599177,0.0445040229280721
"Uchl3",4.19246197540124,7.49760182080656,57.4353198007045,0.001142956052225,0.0450501457725028
"Grin2c",-5.75601382525686,8.46968836818751,57.341898696994,0.0011467766181794,0.0450501457725028
"Gins2",4.03122573132479,5.49451671304146,57.3404244328379,0.00114683705919862,0.0450501457725028
"Slc6a11",-3.1059302689892,12.0293567771703,57.3347856546524,0.00114706827741534,0.0450501457725028
"Gadd45g",2.3120424738274,8.10320169270525,57.280438699916,0.00114930026626779,0.0450501457725028
"Csgalnact1",-4.37733045617309,5.82767872864247,57.2484296670281,0.00115061781945122,0.0450501457725028
"Ctps",4.87573038891837,6.7317530822918,57.0243383260037,0.0011599038710247,0.0453308863219525
"Ncam1",-5.79902616662658,5.48447558403445,56.9708002209847,0.0011621385979589,0.0453308863219525
"Tmem8b",-2.64331487372325,5.60487271007773,56.9235788701971,0.00116411487553932,0.0453308863219525
"Panx1",3.38192200305871,4.27592350225051,56.7662480006889,0.00117073488621956,0.0454169972596083
"Acox1",-2.42949208067567,9.28150908443437,56.7503092328983,0.00117140860367061,0.0454169972596083
"Mt3",-4.89696099610731,9.54639569567718,56.7206219439123,0.00117266496762422,0.0454169972596083
"Pdzrn4",4.47003020106651,5.04237002259086,56.4917335776532,0.00118241785408243,0.0456223007483896
"Rgma",-4.6206545902876,7.35109021859116,56.4698399759656,0.00118335693098189,0.0456223007483896
"Rpl7",1.45051019876697,11.793873805845,56.3203573635577,0.00118979782614633,0.0456223007483896
"Incenp",6.02836304496198,6.23119875287397,56.3160363175311,0.00118998477098638,0.0456223007483896
"Nfix",2.1002775031098,11.1250994302854,56.288031683852,0.00119119739718735,0.0456223007483896
"Gnao1",-2.57730505864398,10.7998799819009,56.2722468840054,0.0011918816880398,0.0456223007483896
"Gm13308",1.84339337924404,6.19749964603796,56.2351070434316,0.00119349401058949,0.0456223007483896
"Hmgcs1",-0.8704458530824,13.5661889765471,56.1648745410299,0.00119655166914742,0.0456223007483896
"Txn1",2.0878433889041,10.6563889468216,56.1173636396902,0.00119862659973646,0.0456223007483896
"Slc7a10",-6.09545295563462,7.83711494141249,56.1044722833864,0.00119919050583113,0.0456223007483896
"Vwa1",-4.6194864570012,5.97459318479683,55.9013938623015,0.00120812507037715,0.0458810042186518
"Bzw2",3.55684847338483,6.50552101016352,55.8062069852268,0.00121234633662618,0.0459601137668072
"Bsdc1",-1.23050616011736,8.05325034184234,55.655531850932,0.0012190724682001,0.0460821685995126
"Gm6750",2.24183217292784,11.8611199550475,55.6077109536997,0.00122121857411058,0.0460821685995126
"Nxt1",3.68232699863486,5.98691308644512,55.5094584134238,0.00122564528241965,0.0460821685995126
"Sdf2",-3.28757952976878,10.5627124704023,55.4992988653758,0.00122610434962639,0.0460821685995126
"Rdh14",-1.66935824583252,7.98899765033497,55.4660597368513,0.0012276080401666,0.0460821685995126
"Hist1h2bp",3.08074428985136,7.74028488410849,55.4479361647008,0.00122842905827033,0.0460821685995126
"Ldhb",-1.54011533736847,12.5392644583916,55.2522470278783,0.0012373452495643,0.0462943154966992
"Fus",2.22547247608646,11.6473515094634,55.2157621020394,0.00123901805180286,0.0462943154966992
"B4galt4",-2.81958516051472,3.99475508097852,55.1825099533712,0.00124054550947191,0.0462943154966992
"Lsm4",2.23138254250061,9.90130337555783,54.8997082368083,0.00125364794272207,0.0464750364782569
"Dock10",-4.95753516752805,5.41669464750304,54.8678871129719,0.00125513486401434,0.0464750364782569
"Ptbp1",3.61148839573344,9.74498882989121,54.8196860362606,0.00125739208465587,0.0464750364782569
"Zeb2",2.91096204959085,9.36629704193107,54.7847056444941,0.00125903390095578,0.0464750364782569
"Papss2",-4.6646171850635,7.6797310493538,54.7781818588314,0.00125934044302366,0.0464750364782569
"Yeats2",3.38797505583608,5.37271206543587,54.7425983449156,0.00126101437271797,0.0464750364782569
"Ctsl",-2.1090760525209,9.84683223982458,54.714399762165,0.00126234320496563,0.0464750364782569
"Trip11",5.32025213185726,5.77538434487587,54.7071465491503,0.0012626853362783,0.0464750364782569
"Gm15501",3.2472103449365,10.8082485570698,54.4706530900963,0.00127391517849361,0.0468082166867013
"Fbxo10",-2.12972401284719,7.60221692940576,54.2865027219437,0.00128276071239542,0.0470445228665182
"Btg2",3.54519697916138,7.72211773666101,54.2458883526211,0.00128472365306565,0.0470445228665182
"Orc6",2.03526554563361,8.42570957205725,54.1707972800601,0.0012883644531673,0.0470976087088964
"Cdkn3",5.33963278987564,4.99174448982518,54.0588645613669,0.00129381952993994,0.0471947800193385
"Cdh19",-4.72853680850926,4.94923090497579,54.0262811223389,0.00129541382700208,0.0471947800193385
"Pnpla2",-2.21060944363458,6.2501663195656,53.8776600197743,0.00130272228513662,0.0473807369188014
"Oat",-1.45612294039552,10.0471491431654,53.6601701622177,0.00131352626647487,0.0476929849626305
"Mki67",7.52360410547718,9.51755459134981,53.5690644532889,0.00131809089344719,0.0477780164496583
"Glce",3.6431759898922,4.23119422511139,53.4507917821152,0.00132405125599122,0.0478707798385559
"Sdc1",5.42892089939079,5.87123376128874,53.4299794292942,0.00132510416394235,0.0478707798385559
"Rpl22",2.66222505481181,11.6374570452236,52.993530120302,0.00134746877460815,0.0485340676051155
"Mcrs1",4.25776844424829,5.35940078001863,52.9836697671536,0.00134798038428723,0.0485340676051155
"Ruvbl1",4.38881109686407,6.66042147509391,52.8771399382156,0.00135352585863202,0.0486522380121996
"Naga",-3.32749742096018,8.92473440357946,52.4471906045618,0.00137624875590758,0.0493224508725226
"Tmem47",-2.97927630228025,10.5393305295185,52.4376239707004,0.0013767606663649,0.0493224508725226
"Grid2",-4.56766007654717,5.6252354507472,52.3541681536807,0.00138123819241895,0.0493249793413109
"Tial1",1.14073536081366,8.5735590545834,52.3507751322661,0.00138142068218047,0.0493249793413109
