"Module","StudySRP027383","StudySRP091303","GenderM","DiseaseCON","DiseaseGrade_2","DiseaseGrade_3","DiseaseGrade_4","Age","Tissueprefrontal_cortex","p.value.StudySRP027383","p.value.StudySRP091303","p.value.GenderM","p.value.DiseaseCON","p.value.DiseaseGrade_2","p.value.DiseaseGrade_3","p.value.DiseaseGrade_4","p.value.Age","p.value.Tissueprefrontal_cortex"
"MEc1_HuAgeGBsplitRnaseq_62","-1.14491749414469e-15","-2.25514051876985e-16","-8.41340885848751e-16","1.54704807991957e-15","-0.0218227338374626","-0.0372812445642525","0.0255586543927585","-2.56739074444567e-16","-5.03069808033274e-17","0.999999999999982","0.999999999999996","0.999999999999987","0.999999999999976","0.667060127425117","0.462288184516006","0.614364038081573","0.999999999999996","0.999999999999999"
"MEc1_HuAgeGBsplitRnaseq_292","5.16947595841089e-16","-1.11618613657383e-16","2.84494650060196e-16","-5.44703171456717e-16","0.00384482048635045","-0.035506199062629","0.0112107417917467","3.81639164714898e-16","3.12250225675825e-16","0.999999999999992","0.999999999999998","0.999999999999996","0.999999999999991","0.939591523200969","0.483888233856631","0.825111681815795","0.999999999999994","0.999999999999995"
"MEc1_HuAgeGBsplitRnaseq_53","1.11022302462516e-16","-9.54097911787244e-18","1.38777878078145e-17","-1.11022302462516e-16","0.0057915612445611","-0.0423088272564652","0.0138481267017665","3.57353036051222e-16","2.58473797920544e-16","0.999999999999998","1","1","0.999999999999998","0.909114913244634","0.404113063457636","0.784879838737479","0.999999999999994","0.999999999999996"
"MEc1_HuAgeGBsplitRnaseq_161","5.83083928362704e-16","-8.5868812060852e-17","2.53269627492614e-16","-6.36643515683488e-16","0.0132964588992597","-0.000314253342565574","-0.00530098928386995","3.46944695195361e-17","-1.50053580671994e-16","0.999999999999991","0.999999999999999","0.999999999999996","0.99999999999999","0.793251852947381","0.99505788448351","0.916784142574632","0.999999999999999","0.999999999999998"
"MEc1_HuAgeGBsplitRnaseq_23","5.42751607546244e-16","-9.71445146547012e-17","3.54019114370829e-16","-5.80265002714242e-16","0.0283436964752994","0.0245955095015941","-0.0186131564094083","-1.38777878078145e-17","-6.7762635780344e-17","0.999999999999991","0.999999999999998","0.999999999999994","0.999999999999991","0.576313104021997","0.627774970005506","0.713690060152463","1","0.999999999999999"
"MEc1_HuAgeGBsplitRnaseq_84","-2.10226801244939e-16","2.1163626406917e-16","2.22044604925031e-16","7.28583859910259e-17","0.0172484380749776","-0.0391119011983729","0.0102947581373896","3.08780778723872e-16","3.53883589099269e-16","0.999999999999997","0.999999999999997","0.999999999999996","0.999999999999999","0.733857199606494","0.440584364829997","0.839198111210423","0.999999999999995","0.999999999999994"
"MEc1_HuAgeGBsplitRnaseq_964","3.3133218391157e-16","-3.46944695195361e-18","2.22044604925031e-16","-4.28476698566271e-16","0.0827154713469109","0.0460528933785665","-0.0682259720641943","-5.55111512312578e-17","-8.50014503228635e-17","0.999999999999995","1","0.999999999999996","0.999999999999993","0.102436270234375","0.363770754235362","0.178195736607124","0.999999999999999","0.999999999999999"
"MEc1_HuAgeGBsplitRnaseq_305","3.23525928269675e-16","-1.04083408558608e-17","2.30718222304915e-16","-3.81639164714898e-16","0.0671796114570289","0.0516972257455007","-0.063211548815506","-9.71445146547012e-17","-2.08166817117217e-17","0.999999999999995","1","0.999999999999996","0.999999999999994","0.184960374244595","0.307891847318636","0.212333999534283","0.999999999999998","1"
"MEc1_HuAgeGBsplitRnaseq_57","2.85287472898826e-16","4.16333634234434e-17","3.22658566531686e-16","-3.95516952522712e-16","0.073626394772915","0.0508416144962796","-0.064926651531903","-6.93889390390723e-18","-3.81639164714898e-17","0.999999999999996","0.999999999999999","0.999999999999995","0.999999999999994","0.146173936300263","0.315977748314782","0.200164491544791","1","0.999999999999999"
"MEc1_HuAgeGBsplitRnaseq_99","1.66533453693773e-16","1.38777878078145e-17","1.52655665885959e-16","-2.37657116208823e-16","0.0664480478740224","-0.0330058036103916","-0.00644986672106177","1.73472347597681e-17","0","0.999999999999997","1","0.999999999999998","0.999999999999996","0.189801058118534","0.51521737803742","0.898836835012252","1","1"
"MEc1_HuAgeGBsplitRnaseq_16","2.77555756156289e-17","6.93889390390723e-17","4.0766001685455e-17","-5.89805981832114e-17","-0.0450935249727012","0.0249702927641528","0.00477302511626948","-6.93889390390723e-18","1.01915004213637e-17","1","0.999999999999999","0.999999999999999","0.999999999999999","0.373861019614358","0.622541556050439","0.925046540880436","1","1"
"MEc1_HuAgeGBsplitRnaseq_98","0","1.38777878078145e-17","5.98479599211998e-17","-6.41847686111419e-17","-0.0444697328573848","0.0334240243999667","0.00372980172040968","6.24500451351651e-17","-3.08997619158369e-18","1","1","0.999999999999999","0.999999999999999","0.380513452946226","0.509905128988426","0.941395367161636","0.999999999999999","1"
"MEc1_HuAgeGBsplitRnaseq_44","5.06539254985228e-16","2.15105711021124e-16","4.20670442924376e-16","-8.10115863281169e-16","0.0500428534406357","-0.0199172420231444","-0.0137266336900309","-2.81025203108243e-16","-8.8037216405823e-17","0.999999999999992","0.999999999999997","0.999999999999993","0.999999999999987","0.323650609092674","0.694603130268651","0.786721504782692","0.999999999999996","0.999999999999999"
"MEc1_HuAgeGBsplitRnaseq_294","5.08273978461204e-16","-6.93889390390723e-18","3.63045097456771e-16","-6.17507347339119e-16","-0.0089978703482897","0.0452837440632474","-0.0134694023459969","-1.39645239816133e-16","-1.77809156287623e-17","0.999999999999992","1","0.999999999999994","0.99999999999999","0.859229302062078","0.371846776852686","0.790624688625395","0.999999999999998","1"
"MEc1_HuAgeGBsplitRnaseq_54","5.77662917500277e-16","-3.46944695195361e-17","3.12683906544819e-16","-6.5442443131225e-16","-0.00983278557567559","0.0473365886716306","-0.0136864525328766","-1.40078920685127e-16","-6.96057794735694e-17","0.999999999999991","0.999999999999999","0.999999999999995","0.99999999999999","0.846322357826349","0.350537585274131","0.787330857729359","0.999999999999998","0.999999999999999"
"MEc1_HuAgeGBsplitRnaseq_776","-5.89805981832114e-16","-1.31838984174237e-16","-1.76941794549634e-16","7.3075226425523e-16","-0.00963066262199816","0.07374273005833","-0.0284542353025703","2.81025203108243e-16","2.42861286636753e-16","0.999999999999991","0.999999999999998","0.999999999999997","0.999999999999988","0.849443345019055","0.145535910874407","0.574825976963726","0.999999999999996","0.999999999999996"
"MEc1_HuAgeGBsplitRnaseq_223","-7.14706072102445e-16","-5.55111512312578e-17","-3.53883589099269e-16","9.38485400503453e-16","-0.0125009224635162","0.0828203441974631","-0.0299412830759912","1.21430643318376e-16","2.74086309204336e-16","0.999999999999989","0.999999999999999","0.999999999999994","0.999999999999985","0.805366448700459","0.102000128866435","0.554998006267492","0.999999999999998","0.999999999999996"
"MEc1_HuAgeGBsplitRnaseq_38","-6.03683769639929e-16","-4.85722573273506e-17","-4.92661467177413e-16","8.17380017836822e-16","-0.0152036171917787","0.0907169446852939","-0.0317538348205478","1.30104260698261e-16","2.07299455379228e-16","0.99999999999999","0.999999999999999","0.999999999999992","0.999999999999987","0.764416011512408","0.0731707216523087","0.53128933403713","0.999999999999998","0.999999999999997"
"MEc1_HuAgeGBsplitRnaseq_287","-1.31405303305243e-15","-8.32667268468867e-17","-6.59194920871187e-16","1.6757428777936e-15","-0.01017176943052","-0.0221582948747508","0.0118172203054722","-6.59194920871187e-17","7.80625564189563e-17","0.999999999999979","0.999999999999999","0.99999999999999","0.999999999999974","0.841093508275746","0.662254407453437","0.815815444734095","0.999999999999999","0.999999999999999"
"MEc1_HuAgeGBsplitRnaseq_51","-1.35915584342783e-15","-7.28583859910259e-17","-5.82867087928207e-16","1.73819292292876e-15","-0.0122260231633938","-0.0237976915041195","0.013189320837661","-1.11022302462516e-16","6.76542155630955e-17","0.999999999999979","0.999999999999999","0.999999999999991","0.999999999999973","0.809563676574162","0.638977618580954","0.794880550458167","0.999999999999998","0.999999999999999"
"MEc1_HuAgeGBsplitRnaseq_228","-1.27675647831893e-15","7.32920668600201e-17","-9.95731275210687e-16","1.50400525367189e-15","0.0400251763104513","0.0228898424121839","-0.024354890440057","-1.07552855510562e-16","-2.46330733588707e-16","0.99999999999998","0.999999999999999","0.999999999999984","0.999999999999976","0.429978174994585","0.651825707149886","0.631144814467837","0.999999999999998","0.999999999999996"
"MEc1_HuAgeGBsplitRnaseq_39","-1.28976690438876e-15","6.33174068731535e-17","-9.26342336171615e-16","1.51267887105178e-15","0.0315980244727075","0.0113900694295989","-0.0159174273236889","-1.42247325030098e-16","-2.04697370165263e-16","0.99999999999998","0.999999999999999","0.999999999999985","0.999999999999976","0.533307100471267","0.822360300672854","0.753704145273697","0.999999999999998","0.999999999999997"
"MEc1_HuAgeGBsplitRnaseq_1195","-1.00613961606655e-16","4.16333634234434e-17","-1.38777878078145e-17","9.36750677027476e-17","-0.000954984228432471","0.0566355073582602","-0.0187461387525039","-3.46944695195361e-17","-3.98986399474666e-17","0.999999999999998","0.999999999999999","1","0.999999999999998","0.984982196899661","0.263906225872521","0.711735262095885","0.999999999999999","0.999999999999999"
"MEc1_HuAgeGBsplitRnaseq_2034","-8.32667268468867e-17","-3.46944695195361e-18","-6.93889390390723e-18","8.67361737988404e-17","0.00147017702048578","0.0383844365565555","-0.0159536725854673","-2.42861286636753e-17","-1.90819582357449e-17","0.999999999999999","1","1","0.999999999999999","0.976882288437295","0.449138535496079","0.753161465005823","1","1"
"MEc1_HuAgeGBsplitRnaseq_398","-1.66533453693773e-16","-6.93889390390723e-18","-1.00613961606655e-16","2.08166817117217e-16","-0.00624595176849073","0.0975091761080026","-0.0232385530218719","-5.20417042793042e-17","-1.04083408558608e-17","0.999999999999997","1","0.999999999999998","0.999999999999997","0.902018820251986","0.0540370897495304","0.646878218630876","0.999999999999999","1"
"MEc1_HuAgeGBsplitRnaseq_74","-2.35922392732846e-16","4.85722573273506e-17","-1.07552855510562e-16","2.4980018054066e-16","-0.0108109499653255","0.135333607032343","-0.0303290966124965","3.12250225675825e-17","1.90819582357449e-17","0.999999999999996","0.999999999999999","0.999999999999998","0.999999999999996","0.831253254039466","0.00736616973440508","0.549882274209736","1","1"
"MEc1_HuAgeGBsplitRnaseq_9","-2.77555756156289e-16","-2.77555756156289e-17","-1.87350135405495e-16","2.98372437868011e-16","-0.011901530054233","0.138788970470449","-0.0310855505843836","0","3.12250225675825e-17","0.999999999999996","1","0.999999999999997","0.999999999999995","0.814525136563115","0.00597950191167194","0.539970818196121","1","1"
"MEc1_HuAgeGBsplitRnaseq_291","-8.50881864966624e-16","1.73472347597681e-17","-6.41847686111419e-16","1.05557923513189e-15","0.00397177029936837","-0.018389963836691","0.00565460921350917","9.28077059647592e-17","2.68882138776405e-17","0.999999999999987","1","0.99999999999999","0.999999999999983","0.937600922897736","0.716975126138992","0.911255099476145","0.999999999999999","1"
"MEc1_HuAgeGBsplitRnaseq_191","-2.15105711021124e-16","5.89805981832114e-17","-5.3776427755281e-17","2.20309881449055e-16","-0.0133743976956914","9.92178770021157e-05","0.0102730154203585","4.33680868994202e-17","7.97972798949331e-17","0.999999999999997","0.999999999999999","0.999999999999999","0.999999999999997","0.792067602236937","0.998439637849325","0.839533124155405","0.999999999999999","0.999999999999999"
"MEc1_HuAgeGBsplitRnaseq_31","-2.70616862252382e-16","2.08166817117217e-17","-7.11236625150491e-17","2.32452945780892e-16","-0.0131916044208083","0.00178878912224743","0.0092649014831043","1.90819582357449e-17","1.28369537222284e-16","0.999999999999996","1","0.999999999999999","0.999999999999996","0.794845826435427","0.971874174782084","0.855097021760699","1","0.999999999999998"
"MEc1_HuAgeGBsplitRnaseq_174","-1.61762964134837e-16","3.46944695195361e-17","-6.93889390390723e-18","1.47451495458029e-16","-0.0675770344819817","-0.0486485089940592","0.0213121122516404","1.11781243983256e-16","3.59955121265187e-17","0.999999999999997","0.999999999999999","1","0.999999999999998","0.182369112930858","0.337331934141732","0.674399090086565","0.999999999999998","0.999999999999999"
"MEc1_HuAgeGBsplitRnaseq_597","-1.74339709335669e-16","5.18248638448071e-17","2.60208521396521e-17","1.4658413372004e-16","-0.0638999194655577","-0.0498005862486194","0.0196211043871965","7.11236625150491e-17","3.12250225675825e-17","0.999999999999997","0.999999999999999","1","0.999999999999998","0.207387210766131","0.326001520704781","0.698921098635681","0.999999999999999","1"
"MEc1_HuAgeGBsplitRnaseq_25","6.93889390390723e-18","8.32667268468867e-17","-2.77555756156289e-17","-2.94902990916057e-17","-0.0315893013109644","0.0616334009737032","-0.00563296040380508","4.85722573273506e-17","-2.42861286636753e-17","1","0.999999999999999","1","1","0.533420180645613","0.223994064478628","0.911593470363324","0.999999999999999","1"
"MEc1_HuAgeGBsplitRnaseq_175","6.93889390390723e-17","-1.11022302462516e-16","-2.60208521396521e-18","-8.67361737988404e-18","-0.0019015622052647","0.0896258633713919","-0.0143282268364138","-3.12250225675825e-17","1.21430643318376e-17","0.999999999999999","0.999999999999998","1","1","0.970101802286536","0.0767060627037666","0.77761400848234","1","1"
"MEc1_HuAgeGBsplitRnaseq_605","2.77555756156289e-17","1.38777878078145e-16","-1.04083408558608e-17","-5.72458747072346e-17","-0.0113803162308854","0.0776130647719801","-0.0112945848903964","3.98986399474666e-17","-2.68882138776405e-17","1","0.999999999999998","1","0.999999999999999","0.822509886054933","0.125498434666385","0.823825028592532","0.999999999999999","1"
"MEc1_HuAgeGBsplitRnaseq_2024","2.33320307518881e-16","1.00613961606655e-16","3.2612801348364e-16","-4.03323208164608e-16","0.0304249539563893","0.0109977991846068","-0.0100355325783227","5.55111512312578e-17","-6.17995238316738e-18","0.999999999999996","0.999999999999998","0.999999999999995","0.999999999999994","0.548621376222868","0.828381588330712","0.843194145616955","0.999999999999999","1"
"MEc1_HuAgeGBsplitRnaseq_1177","3.03576608295941e-16","7.28583859910259e-17","2.34621350125863e-16","-4.17634676841416e-16","0.0324443444551448","0.0046755724439574","-0.00904298506344402","-3.81639164714898e-17","3.57786716920216e-17","0.999999999999995","0.999999999999999","0.999999999999996","0.999999999999993","0.522393795667697","0.926572538371928","0.858530883407112","0.999999999999999","0.999999999999999"
"MEc1_HuAgeGBsplitRnaseq_388","3.29597460435593e-16","9.54097911787244e-18","3.1637019393127e-16","-4.24356730310826e-16","0.0315827420708001","0.00576208417284345","-0.00912882187321425","7.63278329429795e-17","3.26344853918137e-17","0.999999999999995","1","0.999999999999995","0.999999999999993","0.533505217402264","0.909575504423501","0.857202352971082","0.999999999999999","1"
"MEc1_HuAgeGBsplitRnaseq_71","2.8796409701215e-16","3.98986399474666e-17","3.13117587413814e-16","-3.963843142607e-16","0.0333039834219173","-0.00888773154872558","-0.00630999124576415","5.20417042793042e-17","6.01732205729455e-17","0.999999999999995","0.999999999999999","0.999999999999995","0.999999999999994","0.511426965134421","0.860934815214738","0.901019346637084","0.999999999999999","0.999999999999999"
"MEc1_HuAgeGBsplitRnaseq_8","2.76688394418301e-16","5.8113236445223e-17","3.31982705215061e-16","-3.7773603689395e-16","0.0321220842726246","-0.00740023091835849","-0.0063657458959075","6.93889390390723e-17","6.16911036144252e-17","0.999999999999996","0.999999999999999","0.999999999999995","0.999999999999994","0.526535828104835","0.884029071844371","0.900149302764579","0.999999999999999","0.999999999999999"
"MEc1_HuAgeGBsplitRnaseq_295","2.04697370165263e-16","-4.16333634234434e-17","1.04950770296597e-16","-2.14238349283136e-16","0.0290315581131319","0.00829837645632493","-0.0150499506071173","-6.41847686111419e-17","4.66206934168767e-18","0.999999999999997","0.999999999999999","0.999999999999998","0.999999999999997","0.567088533100971","0.87007184278546","0.766727989855084","0.999999999999999","1"
"MEc1_HuAgeGBsplitRnaseq_59","-1.92554305833426e-16","-5.89805981832114e-17","-7.97972798949331e-17","3.15719672627779e-16","-0.0184575648196536","0.03443143774018","-0.00267051848146846","1.40512601554121e-16","5.89805981832114e-17","0.999999999999997","0.999999999999999","0.999999999999999","0.999999999999995","0.715979585180708","0.497227129862291","0.958021046786276","0.999999999999998","0.999999999999999"
"MEc1_HuAgeGBsplitRnaseq_97","1.2490009027033e-16","-6.93889390390723e-18","7.41594285980085e-17","-7.71951946809679e-17","0.0503317838692026","0.0557694512188474","-0.0130268141165004","-1.38777878078145e-17","-5.0415401020576e-18","0.999999999999998","1","0.999999999999999","0.999999999999999","0.320861310903558","0.271290653020094","0.79735265301869","1","1"
"MEc1_HuAgeGBsplitRnaseq_5","-5.20417042793042e-17","-1.21430643318376e-17","-4.25007251614318e-17","7.58941520739853e-17","-0.0498994527810796","0.0692178234830179","-0.0397544477648172","-8.32667268468867e-17","-1.73472347597681e-17","0.999999999999999","1","0.999999999999999","0.999999999999999","0.325040807685864","0.17195449060958","0.433106740799358","0.999999999999999","1"
"MEc1_HuAgeGBsplitRnaseq_64","-1.40512601554121e-16","-2.42861286636753e-17","-1.30863202219e-16","1.75857592377149e-16","-0.0790523273999704","0.0800919887611046","-0.0717947657516297","4.85722573273506e-17","-1.30104260698261e-17","0.999999999999998","1","0.999999999999998","0.999999999999997","0.118618858896316","0.113835267925697","0.156502396282194","0.999999999999999","1"
"MEc1_HuAgeGBsplitRnaseq_338","-2.0122792321331e-16","4.85722573273506e-17","-2.38524477946811e-16","2.00035300823576e-16","-0.0459200906968277","0.0684561607849555","-0.0858084306080589","-3.64291929955129e-17","-6.20163642661709e-17","0.999999999999997","0.999999999999999","0.999999999999996","0.999999999999997","0.365157314267503","0.176732513682293","0.0901805720519187","0.999999999999999","0.999999999999999"
"MEc1_HuAgeGBsplitRnaseq_1032","-2.1163626406917e-16","0","-8.97719398817998e-17","2.5804011705155e-16","-0.048379525138032","0.0701745538890351","-0.0933994551152137","-4.85722573273506e-17","-1.12757025938492e-17","0.999999999999997","1","0.999999999999999","0.999999999999996","0.340013206197928","0.166090049881865","0.065040958736362","0.999999999999999","1"
"MEc1_HuAgeGBsplitRnaseq_1895","-1.6826817716975e-16","5.20417042793042e-18","-2.17707796235089e-16","2.10714692222558e-16","-0.0486978087693252","0.0694167047993296","-0.0932062987397899","-8.32667268468867e-17","-3.77302356024956e-17","0.999999999999997","1","0.999999999999997","0.999999999999997","0.336841978425374","0.170722879146949","0.0656004243767295","0.999999999999999","0.999999999999999"
"MEc1_HuAgeGBsplitRnaseq_339","1.25767452008319e-16","-5.55111512312578e-17","0","-8.42425088021237e-17","-0.103022052713866","0.0684969185262152","-0.0104891936521937","-1.04083408558608e-17","-1.99493199737333e-17","0.999999999999998","0.999999999999999","1","0.999999999999999","0.0417476038848881","0.176474364155489","0.836203535539905","1","1"
"MEc1_HuAgeGBsplitRnaseq_358","2.90566182226115e-17","3.81639164714898e-17","1.99493199737333e-17","-5.63785129692462e-17","-0.112468058932329","0.100407520464042","-0.0251654531386644","-9.71445146547012e-17","-3.46944695195361e-18","1","0.999999999999999","1","0.999999999999999","0.0261584189885408","0.047245791871931","0.619823849696743","0.999999999999998","1"
"MEc1_HuAgeGBsplitRnaseq_395","1.28369537222284e-16","1.21430643318376e-17","1.05818132034585e-16","-1.74339709335669e-16","-0.0877708930769415","0.0652227923723658","-0.0302216370683922","1.73472347597681e-17","1.38777878078145e-17","0.999999999999998","1","0.999999999999998","0.999999999999997","0.0830340153531451","0.198115642286759","0.551297475355892","1","1"
"MEc1_HuAgeGBsplitRnaseq_73","1.6826817716975e-16","4.33680868994202e-18","-1.56125112837913e-17","-2.02962646689286e-16","-0.0806838887023737","0.0594603297666668","-0.0232433063174256","-6.59194920871187e-17","-8.67361737988404e-18","0.999999999999997","1","1","0.999999999999997","0.111180256339868","0.240785508219414","0.6468108857735","0.999999999999999","1"
"MEc1_HuAgeGBsplitRnaseq_1105","-5.07406616723216e-16","2.40692882291782e-17","-2.51101223147643e-16","5.8937230096312e-16","0.026920339019571","-0.0793477469388961","0.0131495557240461","1.31838984174237e-16","4.59701721133854e-17","0.999999999999992","1","0.999999999999996","0.999999999999991","0.595621728867791","0.117243906379379","0.795485281136024","0.999999999999998","0.999999999999999"
"MEc1_HuAgeGBsplitRnaseq_1106","-1.14491749414469e-16","-1.00613961606655e-16","-8.50014503228635e-17","2.20201461231806e-16","-0.00978298318804434","-0.0376092319901832","0.0147984797648485","2.08166817117217e-17","3.64291929955129e-17","0.999999999999998","0.999999999999998","0.999999999999999","0.999999999999997","0.847091137167281","0.458356495039028","0.770515932377025","1","0.999999999999999"
"MEc1_HuAgeGBsplitRnaseq_360","-3.15719672627779e-16","3.64291929955129e-17","-2.63677968348475e-16","3.54750950837257e-16","0.00658958047917487","-0.0598194202881862","0.0149342670486526","-5.55111512312578e-17","-3.29597460435593e-17","0.999999999999995","0.999999999999999","0.999999999999996","0.999999999999994","0.896657607280332","0.237951517959636","0.768469864816711","0.999999999999999","1"
"MEc1_HuAgeGBsplitRnaseq_1118","2.25514051876985e-16","8.50014503228635e-17","3.19622800448727e-16","-3.39138439553466e-16","-0.0332537609347762","0.0706626422735866","-0.0139078091208397","1.2490009027033e-16","1.30104260698261e-18","0.999999999999996","0.999999999999999","0.999999999999995","0.999999999999995","0.512064367887988","0.163156568906286","0.783975574350334","0.999999999999998","1"
"MEc1_HuAgeGBsplitRnaseq_364","1.97758476261356e-16","1.12757025938492e-16","1.80194401067091e-16","-3.42607886505419e-16","-0.0371895885330524","0.0652560204988023","-0.0106636252630181","-3.46944695195361e-17","-4.42354486374086e-17","0.999999999999997","0.999999999999998","0.999999999999997","0.999999999999995","0.463390236380411","0.197886710547875","0.83351905714613","0.999999999999999","0.999999999999999"
"MEc1_HuAgeGBsplitRnaseq_1955","1.64798730217797e-17","-1.0321604682062e-16","-1.2490009027033e-16","7.63278329429795e-17","0.0159390971630058","-0.00460458854175184","-0.00410188568898104","6.24500451351651e-17","2.51534904016637e-17","1","0.999999999999998","0.999999999999998","0.999999999999999","0.753379680162203","0.927684234888286","0.935561088825571","0.999999999999999","1"
"MEc1_HuAgeGBsplitRnaseq_1954","-1.82145964977565e-17","4.16333634234434e-17","8.67361737988404e-17","-6.93889390390723e-18","-0.0273998933194402","0.0350570861753744","-0.00261674098197428","4.85722573273506e-17","2.60208521396521e-17","1","0.999999999999999","0.999999999999999","1","0.589083523928786","0.489438551786652","0.958865642798688","0.999999999999999","1"
"MEc1_HuAgeGBsplitRnaseq_1114","5.03069808033274e-17","-1.39645239816133e-16","1.21430643318376e-17","1.73472347597681e-18","-0.00543628031817866","0.0144695061927049","-0.00260974465018382","-1.38777878078145e-17","-3.03576608295941e-18","0.999999999999999","0.999999999999998","1","1","0.914668304134671","0.775479540880352","0.958975526242682","1","1"
"MEc1_HuAgeGBsplitRnaseq_362","3.29597460435593e-17","-6.0281640790194e-17","3.72965547335014e-17","-2.25514051876985e-17","-0.00727130837526131","0.0159343536749825","-0.00248925126421976","-6.24500451351651e-17","-2.60208521396521e-17","1","0.999999999999999","0.999999999999999","1","0.886035585451481","0.75345070127247","0.960868099196601","0.999999999999999","1"
"MEc1_HuAgeGBsplitRnaseq_151","6.93889390390723e-18","5.20417042793042e-17","-1.6306400674182e-16","-2.25514051876985e-17","-0.0505996243964095","0.101336337950751","-0.014933198509474","4.85722573273506e-17","9.71445146547012e-17","1","0.999999999999999","0.999999999999997","1","0.318289628897553","0.0452268408642327","0.768485959510302","0.999999999999999","0.999999999999998"
"MEc1_HuAgeGBsplitRnaseq_553","-1.49186218934005e-16","-1.42247325030098e-16","-1.11022302462516e-16","2.90999863095109e-16","-0.0477594022282769","0.0388491250321215","-0.00176222870193296","7.28583859910259e-17","7.02563007770607e-17","0.999999999999998","0.999999999999998","0.999999999999998","0.999999999999995","0.346246374362034","0.443663532839223","0.972291626039191","0.999999999999999","0.999999999999999"
"MEc1_HuAgeGBsplitRnaseq_52","3.33066907387547e-16","2.1163626406917e-16","5.15212872365112e-16","-5.8113236445223e-16","-0.0372419443555647","-0.0177057890152986","0.0225727160551425","9.71445146547012e-17","2.91867224833098e-16","0.999999999999995","0.999999999999997","0.999999999999992","0.999999999999991","0.46276054303465","0.727077485715527","0.656338381388871","0.999999999999998","0.999999999999995"
"MEc1_HuAgeGBsplitRnaseq_277","2.32452945780892e-16","8.28330459778925e-17","2.63677968348475e-16","-3.50414142147315e-16","0.00191747422306675","-0.143460351992713","0.0336236890829586","9.54097911787244e-17","4.85722573273506e-17","0.999999999999996","0.999999999999999","0.999999999999996","0.999999999999994","0.969851736319789","0.00447782030541497","0.507379090373558","0.999999999999998","0.999999999999999"
"MEc1_HuAgeGBsplitRnaseq_49","2.89698820488127e-16","7.97972798949331e-17","2.84494650060196e-16","-4.30211422042248e-16","0.0021010275351501","-0.136790316227192","0.0327634980221059","1.14058068545475e-16","6.59194920871187e-17","0.999999999999995","0.999999999999999","0.999999999999996","0.999999999999993","0.966967316432022","0.00674989215325006","0.518308194649834","0.999999999999998","0.999999999999999"
"MEc1_HuAgeGBsplitRnaseq_192","-1.80411241501588e-16","1.04083408558608e-17","-1.4658413372004e-16","2.22478285794026e-16","-0.0668082851226344","0.0251732508035435","0.0113948665956794","0","-3.59955121265187e-17","0.999999999999997","1","0.999999999999998","0.999999999999996","0.18740590929624","0.619715370373437","0.822286728614008","1","0.999999999999999"
"MEc1_HuAgeGBsplitRnaseq_704","-1.49186218934005e-16","1.38777878078145e-17","-8.67361737988404e-18","1.75640751942652e-16","-0.075404384276222","0.0305256674207611","0.00483260237567649","-1.04083408558608e-17","1.90819582357449e-17","0.999999999999998","1","1","0.999999999999997","0.13665306164774","0.54729813502064","0.924113764011828","1","1"
"MEc1_HuAgeGBsplitRnaseq_193","4.71844785465692e-16","-3.71230823859037e-16","-3.28296417828611e-16","-2.55004350968591e-16","-0.0344270730365116","-0.0634752489585613","0.0436151435480191","-1.66533453693773e-16","-3.35668992601512e-16","0.999999999999993","0.999999999999994","0.999999999999995","0.999999999999996","0.497281695268517","0.21042905076317","0.38974396868648","0.999999999999997","0.999999999999995"
"MEc1_HuAgeGBsplitRnaseq_32","6.93889390390723e-17","-1.80411241501588e-16","-3.6125616387217e-16","6.98226199080665e-17","-0.0507000390533725","-0.00789616677094313","0.0338543089439587","-1.66533453693773e-16","-2.0122792321331e-16","0.999999999999999","0.999999999999997","0.999999999999994","0.999999999999999","0.317328969386403","0.876317485049606","0.504469593340533","0.999999999999997","0.999999999999997"
"MEc1_HuAgeGBsplitRnaseq_45","8.53483950180589e-16","-1.17961196366423e-16","6.00214322687975e-16","-9.57567358739198e-16","0.0311012868275211","-0.0191977766879014","-0.00537967786759324","-9.0205620750794e-17","4.16333634234434e-17","0.999999999999987","0.999999999999998","0.999999999999991","0.999999999999985","0.539765583178062","0.705110474107788","0.915553446632302","0.999999999999999","0.999999999999999"
"MEc1_HuAgeGBsplitRnaseq_66","-2.28983498828939e-16","-2.08166817117217e-17","6.50521303491303e-18","3.03576608295941e-16","-0.0608562989254407","0.0835120630171344","-0.014345694917774","4.85722573273506e-17","9.0205620750794e-17","0.999999999999996","1","1","0.999999999999995","0.229900287411161","0.0991602040810051","0.777350007394879","0.999999999999999","0.999999999999999"
"MEc1_HuAgeGBsplitRnaseq_1081","-2.1163626406917e-16","-6.93889390390723e-18","-8.19656842399041e-17","2.71917904859365e-16","-0.0615384448227023","0.0864129702015981","-0.0154717505441468","2.77555756156289e-17","3.98986399474666e-17","0.999999999999997","1","0.999999999999999","0.999999999999996","0.224709909569717","0.0879283441158286","0.760386848849851","1","0.999999999999999"
"MEc1_HuAgeGBsplitRnaseq_349","-2.28983498828939e-16","-2.08166817117217e-17","5.63785129692462e-18","2.55871712706579e-16","-0.0627403263077355","0.085880368432479","-0.0148127980916135","-3.12250225675825e-17","1.90819582357449e-17","0.999999999999996","1","1","0.999999999999996","0.215768913669469","0.0899101656696951","0.770300105895482","1","1"
"MEc1_HuAgeGBsplitRnaseq_179","-4.18068357710411e-16","-3.46944695195361e-17","-2.56739074444567e-16","5.48172618408671e-16","-0.0298327241829188","-0.0511770653501757","0.0170304256463642","-1.38777878078145e-17","-4.16333634234434e-17","0.999999999999993","0.999999999999999","0.999999999999996","0.999999999999991","0.556434169648765","0.312791188762083","0.73709631681395","1","0.999999999999999"
"MEc1_HuAgeGBsplitRnaseq_622","-3.963843142607e-16","-4.5102810375397e-17","-2.55004350968591e-16","5.3256010712488e-16","-0.0332528139946011","-0.0495032607700565","0.017064098097231","-9.71445146547012e-17","-5.55111512312578e-17","0.999999999999994","0.999999999999999","0.999999999999996","0.999999999999992","0.51207639001956","0.328901781225945","0.736595723205619","0.999999999999998","0.999999999999999"
"MEc1_HuAgeGBsplitRnaseq_342","1.42247325030098e-16","5.48606299277665e-17","2.47198095326695e-17","-2.26381413614973e-16","-0.108549486546413","0.0697610189735318","-0.0358254154000117","-7.11236625150491e-17","-7.58941520739853e-18","0.999999999999998","0.999999999999999","1","0.999999999999996","0.031880993732166","0.168606227595498","0.479964003466771","0.999999999999999","1"
"MEc1_HuAgeGBsplitRnaseq_628","2.17707796235089e-16","3.46944695195361e-18","1.50920942409982e-16","-2.58473797920544e-16","-0.0536447529272364","0.108807174165651","-0.0174381763530421","2.42861286636753e-17","-2.68882138776405e-17","0.999999999999997","1","0.999999999999998","0.999999999999996","0.289999728163706","0.0314742923067547","0.73104199818094","1","1"
"MEc1_HuAgeGBsplitRnaseq_180","3.3133218391157e-16","5.20417042793042e-17","2.4459601011273e-16","-4.45823933326039e-16","-0.0590421887363347","0.11146855165158","-0.0193590105510782","-6.93889390390723e-18","4.33680868994202e-18","0.999999999999995","0.999999999999999","0.999999999999996","0.999999999999993","0.244115274696917","0.0275268993986349","0.70275079180378","1","1"
"MEc1_HuAgeGBsplitRnaseq_26","3.65592972562112e-16","-4.85722573273506e-17","1.43982048506075e-16","-4.35415592470179e-16","-0.0598200005238885","0.11138466114406","-0.0183623110191299","-7.97972798949331e-17","-4.33680868994202e-18","0.999999999999994","0.999999999999999","0.999999999999998","0.999999999999993","0.237946957730069","0.0276445071643615","0.717382499728569","0.999999999999999","1"
"MEc1_HuAgeGBsplitRnaseq_178","2.84494650060196e-16","1.38777878078145e-16","1.33573707650214e-16","-4.69242700251726e-16","0.00513117954885272","0.0744975649808195","-0.0294242529826781","2.41126563160776e-16","-6.67868538251071e-17","0.999999999999996","0.999999999999998","0.999999999999998","0.999999999999993","0.919440654037132","0.141447609995982","0.561854094421648","0.999999999999996","0.999999999999999"
"MEc1_HuAgeGBsplitRnaseq_40","2.04697370165263e-16","1.50920942409982e-16","2.99239799605999e-17","-3.89879101225787e-16","-0.0415426876519939","0.0983763625195971","-0.0284454643682823","-1.66533453693773e-16","-2.06648934075737e-16","0.999999999999997","0.999999999999998","1","0.999999999999994","0.412685346577561","0.0519249042277158","0.574943910101061","0.999999999999997","0.999999999999997"
"MEc1_HuAgeGBsplitRnaseq_2184","1.22298005056365e-16","-9.71445146547012e-17","1.16226472890446e-16","-6.41847686111419e-17","-0.0746658334022719","0.00297630527345609","0.0215904716688985","1.38777878078145e-17","7.28583859910259e-17","0.999999999999998","0.999999999999998","0.999999999999998","0.999999999999999","0.140548341367981","0.953219469603051","0.670394459116638","1","0.999999999999999"
"MEc1_HuAgeGBsplitRnaseq_17","1.07552855510562e-16","-4.85722573273506e-17","1.11022302462516e-16","-1.10154940724527e-16","-0.0822701056194411","0.0310859779361756","0.0173273475306001","9.71445146547012e-17","5.89805981832114e-17","0.999999999999998","0.999999999999999","0.999999999999998","0.999999999999998","0.104304930045775","0.539965244080502","0.732685961834948","0.999999999999998","0.999999999999999"
"MEc1_HuAgeGBsplitRnaseq_1398","1.45716771982052e-16","-1.11022302462516e-16","1.35308431126191e-16","-9.36750677027476e-17","-0.066753196967193","0.00364373708327591","0.018963762679864","1.38777878078145e-17","4.68375338513738e-17","0.999999999999998","0.999999999999998","0.999999999999998","0.999999999999998","0.187770733209553","0.94274531875525","0.708540332912666","1","0.999999999999999"
"MEc1_HuAgeGBsplitRnaseq_100","9.36750677027476e-17","-7.28583859910259e-17","6.93889390390723e-17","-1.99493199737333e-17","-0.0787920862012734","0.00668119228138523","0.0218443022321081","-4.85722573273506e-17","2.34187669256869e-17","0.999999999999998","0.999999999999999","0.999999999999999","1","0.119840487940578","0.895229084815051","0.666750824621542","0.999999999999999","1"
"MEc1_HuAgeGBsplitRnaseq_501","1.21430643318376e-16","-1.04083408558608e-16","8.32667268468867e-17","-8.32667268468867e-17","-0.0745702942068556","0.00776282348823089","0.0203437223299525","-4.5102810375397e-17","-2.60208521396521e-18","0.999999999999998","0.999999999999998","0.999999999999999","0.999999999999999","0.14105838784194","0.878389796977646","0.68840197899319","0.999999999999999","1"
"MEc1_HuAgeGBsplitRnaseq_446","6.21031004399697e-16","-1.73472347597681e-17","3.59087759527199e-16","-7.06899816460549e-16","0.00892584018897887","0.00595683518191973","-0.00703680590748717","-1.28369537222284e-16","2.72134745293862e-17","0.99999999999999","1","0.999999999999994","0.999999999999989","0.860344624616274","0.906533009039749","0.889687172652837","0.999999999999998","1"
"MEc1_HuAgeGBsplitRnaseq_12","5.36029554076833e-16","-5.72458747072346e-17","2.2811613709095e-16","-6.09375831045478e-16","0.00452510287051387","-0.0141315814548942","0.00275808650054519","-1.49836740237497e-16","1.31188462870746e-17","0.999999999999992","0.999999999999999","0.999999999999996","0.99999999999999","0.928929246524529","0.780587735307164","0.95664585872746","0.999999999999998","1"
"MEc1_HuAgeGBsplitRnaseq_85","5.86336534880161e-16","-1.04083408558608e-16","1.81278603239576e-16","-6.4173926589417e-16","0.00950809088264458","-0.0104993607059627","-0.000825699424882098","-2.32452945780892e-16","-4.60785923306339e-18","0.999999999999991","0.999999999999998","0.999999999999997","0.99999999999999","0.851337128061443","0.836047013502456","0.987015099164257","0.999999999999996","1"
"MEc1_HuAgeGBsplitRnaseq_477","-4.71844785465692e-16","8.32667268468867e-17","-3.26561694352634e-16","5.70290342727375e-16","0.0126085613603829","0.0636994319948988","-0.0126714829849672","-2.21177243187043e-17","-3.25260651745651e-17","0.999999999999993","0.999999999999999","0.999999999999995","0.999999999999991","0.803724506029146","0.208819283745026","0.802765087417525","1","1"
"MEc1_HuAgeGBsplitRnaseq_96","-4.23272528138341e-16","4.16333634234434e-17","-3.51715184754298e-16","5.50341022753642e-16","0.0122146524742375","0.0650305435377156","-0.0127959476693291","-1.17093834628434e-17","-2.94902990916057e-17","0.999999999999993","0.999999999999999","0.999999999999994","0.999999999999991","0.809737405426041","0.199443967450131","0.800868143621632","1","1"
"MEc1_HuAgeGBsplitRnaseq_1129","1.45716771982052e-16","1.38777878078145e-17","1.24466409401336e-16","-1.73472347597681e-16","0.0135853739860018","0.070200806271619","-0.10001108212821","-5.20417042793042e-18","-2.12503625807159e-17","0.999999999999998","1","0.999999999999998","0.999999999999997","0.788864301056317","0.16593127051374","0.0481302304692789","1","1"
"MEc1_HuAgeGBsplitRnaseq_367","9.54097911787244e-17","4.85722573273506e-17","1.01047642475649e-16","-1.52655665885959e-16","0.0160557933741592","0.0698454503191964","-0.100656783153813","0","-1.04083408558608e-17","0.999999999999998","0.999999999999999","0.999999999999998","0.999999999999998","0.751633120891431","0.168090198624165","0.0466966992309423","1","1"
"MEc1_HuAgeGBsplitRnaseq_156","6.59194920871187e-16","1.56125112837913e-17","3.963843142607e-16","-8.14452671971111e-16","-0.0175674117949447","0.0106898046311438","0.00527687311365089","-1.49186218934005e-16","-2.62810606610486e-16","0.99999999999999","1","0.999999999999994","0.999999999999987","0.729126555768938","0.833116326283539","0.917161361380055","0.999999999999998","0.999999999999996"
"MEc1_HuAgeGBsplitRnaseq_58","2.39391839684799e-16","6.59194920871187e-17","7.50267903359969e-17","-3.71230823859037e-16","-0.00576302157641234","0.0219376471736253","-0.00662985828425361","-1.15359111152458e-16","-1.99493199737333e-17","0.999999999999996","0.999999999999999","0.999999999999999","0.999999999999994","0.909560856646317","0.665412857151785","0.89602950544769","0.999999999999998","1"
"MEc1_HuAgeGBsplitRnaseq_1211","-1.56992474575901e-16","1.15359111152458e-16","-3.46944695195361e-17","1.25767452008319e-16","0.0368567075589695","0.0377375686817325","-0.0747660150092934","-3.81639164714898e-17","-6.93889390390723e-18","0.999999999999998","0.999999999999998","0.999999999999999","0.999999999999998","0.467404964016213","0.456823182091344","0.140015029566099","0.999999999999999","1"
"MEc1_HuAgeGBsplitRnaseq_408","-1.43982048506075e-16","5.35595873207839e-17","-2.42861286636753e-17","1.39645239816133e-16","0.0394154958848569","0.0393905122186636","-0.0788616706181112","-1.04083408558608e-16","-9.54097911787244e-18","0.999999999999998","0.999999999999999","1","0.999999999999998","0.43704213589165","0.437333017683601","0.119512886120598","0.999999999999998","1"
"MEc1_HuAgeGBsplitRnaseq_76","-1.01481323344643e-16","5.70290342727375e-17","-5.3776427755281e-17","7.63278329429795e-17","0.036198307217067","0.0409000091616787","-0.0784517065007081","-1.196959198424e-16","-3.29597460435593e-17","0.999999999999998","0.999999999999999","0.999999999999999","0.999999999999999","0.475401901610809","0.419958339405225","0.12145309353458","0.999999999999998","1"
"MEc1_HuAgeGBsplitRnaseq_158","1.70002900645727e-16","5.20417042793042e-18","8.50014503228635e-17","-2.20309881449055e-16","-0.0947260119554211","0.173997364366581","-0.0271667122503141","1.2490009027033e-16","3.55618312575245e-17","0.999999999999997","1","0.999999999999999","0.999999999999997","0.0613037299773719","0.000548341865811188","0.592258576268376","0.999999999999998","0.999999999999999"
"MEc1_HuAgeGBsplitRnaseq_153","3.05311331771918e-16","6.59194920871187e-17","1.42247325030098e-16","-4.63171168085807e-16","-0.0754631923054094","-0.021226001658622","0.0197446809851216","-1.14491749414469e-16","-7.11236625150491e-17","0.999999999999995","0.999999999999999","0.999999999999998","0.999999999999993","0.136346498154707","0.675639793844527","0.697118044849202","0.999999999999998","0.999999999999999"
"MEc1_HuAgeGBsplitRnaseq_155","0","2.4980018054066e-16","1.11889664200504e-16","-2.17707796235089e-16","-0.0590315379921612","0.147776374234812","-0.023304685102919","-7.37257477290143e-17","-2.81892564846231e-17","1","0.999999999999996","0.999999999999998","0.999999999999997","0.244200507973056","0.00340241010540998","0.645941682860492","0.999999999999999","1"
"MEc1_HuAgeGBsplitRnaseq_22","1.50920942409982e-16","1.94289029309402e-16","1.16226472890446e-16","-3.65159291693118e-16","-0.116231242087902","0.181959258345725","-0.0257116832580532","-1.47451495458029e-17","1.62630325872826e-17","0.999999999999998","0.999999999999997","0.999999999999998","0.999999999999994","0.0215184579861117","0.000298348913805894","0.612244869091608","1","1"
"MEc1_HuAgeGBsplitRnaseq_212","1.13190706807487e-16","-2.94902990916057e-17","4.16333634234434e-17","-1.30104260698261e-16","0.0637205713754509","0.0205790883278737","-0.0407857458154956","7.80625564189563e-18","1.38777878078145e-17","0.999999999999998","1","0.999999999999999","0.999999999999998","0.208667950332569","0.68498856854637","0.421259232976969","1","1"
"MEc1_HuAgeGBsplitRnaseq_35","8.5868812060852e-17","-3.46944695195361e-18","-6.76542155630955e-17","-7.28583859910259e-17","0.0686508996200117","0.020715422519969","-0.0429977072763618","-8.67361737988404e-19","-1.21430643318376e-17","0.999999999999999","1","0.999999999999999","0.999999999999999","0.175501612357981","0.683014294275541","0.396496617901339","1","1"
"MEc1_HuAgeGBsplitRnaseq_456","-1.2490009027033e-16","-9.0205620750794e-17","-4.77048955893622e-17","2.00677351797594e-16","-0.110617818720134","0.0801439838756078","0.0128042334629139","5.63785129692462e-17","6.46184494801361e-17","0.999999999999998","0.999999999999999","0.999999999999999","0.999999999999997","0.0287397123002553","0.1136000655133","0.800741902721015","0.999999999999999","0.999999999999999"
"MEc1_HuAgeGBsplitRnaseq_89","6.93889390390723e-17","-2.42861286636753e-16","7.80625564189563e-17","1.36175792864179e-16","-0.0975916305584074","0.0806909080369684","0.0119008585865668","-2.60208521396521e-17","1.35308431126191e-16","0.999999999999999","0.999999999999996","0.999999999999999","0.999999999999998","0.0538332318859642","0.111149065263102","0.814535410982527","1","0.999999999999998"
"MEc1_HuAgeGBsplitRnaseq_361","7.80625564189563e-18","3.46944695195361e-17","7.63278329429795e-17","-4.68375338513738e-17","-0.144443697031123","0.0697237127916716","-0.0587843345140589","3.96817995129695e-17","3.98986399474666e-17","1","0.999999999999999","0.999999999999999","0.999999999999999","0.00420886147939835","0.16883461304523","0.246184620440474","0.999999999999999","0.999999999999999"
"MEc1_HuAgeGBsplitRnaseq_303","-8.46545056276682e-16","1.38777878078145e-17","-3.12250225675825e-16","1.03042574473022e-15","0.0269702821170247","-0.00755697111009622","-0.00864723445718166","6.76542155630955e-17","5.89805981832114e-17","0.999999999999987","1","0.999999999999995","0.999999999999984","0.594939272722763","0.881590611267863","0.86466117855379","0.999999999999999","0.999999999999999"
"MEc1_HuAgeGBsplitRnaseq_56","-6.66133814775094e-16","-2.77555756156289e-17","-2.56739074444567e-16","7.97972798949331e-16","0.0277502550953206","-0.0231134972568745","-0.000190697290364087","3.46944695195361e-17","1.73472347597681e-18","0.99999999999999","1","0.999999999999996","0.999999999999987","0.584327676863177","0.648650730555028","0.997000980729432","0.999999999999999","1"
"MEc1_HuAgeGBsplitRnaseq_1364","-1.21430643318376e-16","-2.77555756156289e-17","6.93889390390723e-18","1.81278603239576e-16","-0.0567923627878646","0.0552078335122951","-0.0379740371374151","2.08166817117217e-17","3.81639164714898e-17","0.999999999999998","1","1","0.999999999999997","0.262583711318471","0.276153962474304","0.454005489163716","1","0.999999999999999"
"MEc1_HuAgeGBsplitRnaseq_475","-1.42247325030098e-16","-2.42861286636753e-17","3.81639164714898e-17","1.97324795392362e-16","-0.0514268710781637","0.0545181684867878","-0.0377145797304553","1.11022302462516e-16","7.45931094670027e-17","0.999999999999998","1","0.999999999999999","0.999999999999997","0.310431944195626","0.282206661059498","0.457097633170876","0.999999999999998","0.999999999999999"
"MEc1_HuAgeGBsplitRnaseq_95","-1.38777878078145e-16","-1.38777878078145e-17","-4.5102810375397e-17","1.74339709335669e-16","-0.0521143486796646","0.0547141573377827","-0.0376317863613843","-3.46944695195361e-17","2.60208521396521e-17","0.999999999999998","1","0.999999999999999","0.999999999999997","0.303999750131122","0.280477563520854","0.45808681681676","0.999999999999999","1"
"MEc1_HuAgeGBsplitRnaseq_384","1.07552855510562e-15","7.80625564189563e-17","7.94503351997378e-16","-1.33660443824013e-15","-0.038144792088765","0.00281977188667412","0.00695851484480349","1.07552855510562e-16","2.34187669256869e-17","0.999999999999983","0.999999999999999","0.999999999999988","0.999999999999979","0.451976905142885","0.955677214334384","0.890906815819826","0.999999999999998","1"
"MEc1_HuAgeGBsplitRnaseq_70","1.14838694109665e-15","1.56125112837913e-17","8.04911692853238e-16","-1.42198535932336e-15","-0.0341645387302949","-0.000833002399254362","0.00690980305491893","9.4542429440736e-17","4.33680868994202e-17","0.999999999999982","1","0.999999999999987","0.999999999999978","0.500569606317745","0.986900263251354","0.891665793600548","0.999999999999998","0.999999999999999"
"MEc1_HuAgeGBsplitRnaseq_37","1.62196645003831e-16","-3.51281503885303e-17","1.10154940724527e-16","-1.78676518025611e-16","0.00775647526209321","0.114298939299775","-0.0481768845521771","-8.67361737988404e-18","7.89299181569447e-17","0.999999999999997","0.999999999999999","0.999999999999998","0.999999999999997","0.87848847671872","0.0238031778183508","0.342042120593516","1","0.999999999999999"
"MEc1_HuAgeGBsplitRnaseq_217","1.10154940724527e-16","-1.45499931547555e-16","3.15285991758785e-16","3.29597460435593e-17","0.011587886957508","0.117229401213719","-0.0518681175057141","9.36750677027476e-17","2.34512929908615e-16","0.999999999999998","0.999999999999998","0.999999999999995","1","0.819327756991502","0.0204145788569262","0.306293333646053","0.999999999999998","0.999999999999996"
"MEc1_HuAgeGBsplitRnaseq_764","1.0842021724855e-17","-1.13190706807487e-16","5.08707659330199e-16","6.85215773010839e-17","0.00740206806155488","0.116754287867667","-0.0500338801287164","1.12757025938492e-16","2.94469310047063e-16","1","0.999999999999998","0.999999999999992","0.999999999999999","0.884000484395861","0.0209337226614653","0.323737487561662","0.999999999999998","0.999999999999995"
"MEc1_HuAgeGBsplitRnaseq_356","2.8796409701215e-16","-8.32667268468867e-17","3.57353036051222e-16","-2.58473797920544e-16","0.0413125598595855","0.0267648330030901","-0.0281798213558504","-1.07552855510562e-16","1.4137996329211e-16","0.999999999999995","0.999999999999999","0.999999999999994","0.999999999999996","0.415281044833042","0.597748942095112","0.578521108826958","0.999999999999998","0.999999999999998"
"MEc1_HuAgeGBsplitRnaseq_68","2.84494650060196e-16","-6.93889390390723e-18","2.22044604925031e-16","-3.2612801348364e-16","0.0363826487986526","0.0226869203644775","-0.0229506358436765","-1.82145964977565e-16","6.76542155630955e-17","0.999999999999996","1","0.999999999999996","0.999999999999995","0.473155379414499","0.654711815753263","0.650962065558961","0.999999999999997","0.999999999999999"
"MEc1_HuAgeGBsplitRnaseq_691","-6.48786580015326e-16","4.22405166400353e-16","-3.46944695195361e-17","4.11129463806503e-16","-0.0479720949470158","-0.0514553253079586","0.0421082721406422","3.98986399474666e-17","-1.10154940724527e-16","0.99999999999999","0.999999999999993","0.999999999999999","0.999999999999994","0.344100372538625","0.310163957671378","0.406346741640873","0.999999999999999","0.999999999999998"
"MEc1_HuAgeGBsplitRnaseq_188","-2.95770352654046e-16","2.55004350968591e-16","-1.10154940724527e-16","1.4658413372004e-16","-0.0322041676563617","0.00422537937876059","0.0138084110402944","-8.32667268468867e-17","-1.23815888097845e-16","0.999999999999995","0.999999999999996","0.999999999999998","0.999999999999998","0.525479220925241","0.933625453377264","0.785481741809659","0.999999999999999","0.999999999999998"
"MEc1_HuAgeGBsplitRnaseq_690","-1.66533453693773e-16","1.45716771982052e-16","-1.98625837999344e-16","1.06251812903579e-16","-0.0195203484579911","0.0584169967620525","-0.0103376731107861","-1.96023752785379e-16","-1.20996962449382e-16","0.999999999999997","0.999999999999998","0.999999999999997","0.999999999999998","0.700392439298796","0.24915370269719","0.838536960237697","0.999999999999997","0.999999999999998"
"MEc1_HuAgeGBsplitRnaseq_254","4.68375338513738e-16","-2.70616862252382e-16","1.81278603239576e-16","-3.14635470455293e-16","-0.00715067297138194","-0.0960108408374948","0.0383977080387551","8.84708972748172e-17","0","0.999999999999993","0.999999999999996","0.999999999999997","0.999999999999995","0.887913780046643","0.0578547169097472","0.448981641859334","0.999999999999999","1"
"MEc1_HuAgeGBsplitRnaseq_832","2.84494650060196e-16","-2.28983498828939e-16","2.74086309204336e-16","-1.79327039329102e-16","-0.00691802621054586","-0.102084477131681","0.0385668579207283","1.56125112837913e-16","1.12757025938492e-17","0.999999999999996","0.999999999999996","0.999999999999996","0.999999999999997","0.89153766176141","0.0436537662562369","0.446984690852262","0.999999999999998","1"
"MEc1_HuAgeGBsplitRnaseq_43","2.51968584885631e-16","-2.2811613709095e-16","1.66099772824779e-16","-1.07552855510562e-16","-0.0329580699695392","-0.0897652264118056","0.0441930815482792","6.85215773010839e-17","1.51788304147971e-17","0.999999999999996","0.999999999999996","0.999999999999997","0.999999999999998","0.515825506766762","0.0762469118649013","0.383486844824121","0.999999999999999","1"
"MEc1_HuAgeGBsplitRnaseq_253","-3.81639164714898e-17","-1.73472347597681e-16","1.16226472890446e-16","1.66099772824779e-16","-0.0556797902585414","-0.0633657870834662","0.0406669108561689","-8.02309607639273e-17","7.92551788086904e-17","0.999999999999999","0.999999999999997","0.999999999999998","0.999999999999997","0.272063123366747","0.211218293789632","0.422614669845803","0.999999999999999","0.999999999999999"
"MEc1_HuAgeGBsplitRnaseq_830","-7.97972798949331e-17","-1.70002900645727e-16","1.27068494615301e-16","2.22695126228523e-16","-0.0534213268028592","-0.0735480389018761","0.0440811637372549","-3.12250225675825e-17","1.40078920685127e-16","0.999999999999999","0.999999999999997","0.999999999999998","0.999999999999996","0.292016212383648","0.14660486889178","0.384693730088092","1","0.999999999999998"
"MEc1_HuAgeGBsplitRnaseq_181","2.28983498828939e-16","1.04083408558608e-16","4.11129463806503e-16","-3.64291929955129e-16","-0.0270391959455939","-0.0955058397960133","0.0543923800231406","1.37476835471162e-16","1.99493199737333e-17","0.999999999999996","0.999999999999998","0.999999999999994","0.999999999999994","0.593998172205489","0.0591906864351213","0.283320206659349","0.999999999999998","1"
"MEc1_HuAgeGBsplitRnaseq_27","5.68989300120393e-16","6.24500451351651e-17","4.5102810375397e-16","-7.6067624421583e-16","-0.0209983275274972","-0.0744841569487831","0.0432238161024622","-2.08166817117217e-17","-1.45716771982052e-16","0.999999999999991","0.999999999999999","0.999999999999993","0.999999999999988","0.678924405110421","0.141519454898911","0.394015634822797","1","0.999999999999998"
"MEc1_HuAgeGBsplitRnaseq_18","-1.87350135405495e-16","-2.08166817117217e-17","-9.19403442267708e-17","2.41126563160776e-16","-0.0361381802619383","-0.087654642283382","0.0204888964485368","-3.46944695195361e-18","8.67361737988404e-18","0.999999999999997","1","0.999999999999999","0.999999999999996","0.476135911651208","0.0834442181889975","0.686295829624298","1","1"
"MEc1_HuAgeGBsplitRnaseq_105","-2.42861286636753e-17","0","-1.56125112837913e-17","6.28837260041593e-17","-0.0193363532270871","-0.0243083786824319","0.00717302732326589","-2.77555756156289e-17","-1.73472347597681e-18","1","1","1","0.999999999999999","0.703082213588324","0.631797091472141","0.887565693418479","1","1"
"MEc1_HuAgeGBsplitRnaseq_515","-2.08166817117217e-17","-2.08166817117217e-17","3.46944695195361e-18","5.3776427755281e-17","-0.0287148323117606","-0.0197426076569976","0.00770859344599871","1.04083408558608e-17","-9.54097911787244e-18","1","1","1","0.999999999999999","0.571327225940286","0.697148281884973","0.879232834125904","1","1"
"MEc1_HuAgeGBsplitRnaseq_162","-5.89805981832114e-17","1.196959198424e-16","-1.6826817716975e-16","-1.23599047663348e-17","-0.0601097597117203","-0.0466660867076509","0.0368559084193126","2.27248775352962e-16","-5.03069808033274e-17","0.999999999999999","0.999999999999998","0.999999999999997","1","0.235677337815509","0.357411180114366","0.467414625134745","0.999999999999996","0.999999999999999"
"MEc1_HuAgeGBsplitRnaseq_583","-8.67361737988404e-17","7.80625564189563e-17","-2.08166817117217e-17","1.42030484595601e-17","-0.0587320742239921","-0.0475307327408276","0.0368486879641914","2.91433543964104e-16","-7.80625564189563e-18","0.999999999999999","0.999999999999999","1","1","0.246605510922772","0.348563027347254","0.467501921100032","0.999999999999995","1"
"MEc1_HuAgeGBsplitRnaseq_106","-4.5102810375397e-16","6.24500451351651e-17","-2.53269627492614e-16","4.90926743701436e-16","-0.046971540446004","-0.0141972825194218","0.0109332271863617","-1.21430643318376e-17","2.60208521396521e-17","0.999999999999993","0.999999999999999","0.999999999999996","0.999999999999992","0.354269427917942","0.779593827263469","0.829373732190405","1","1"
"MEc1_HuAgeGBsplitRnaseq_1417","-4.92661467177413e-16","9.71445146547012e-17","-2.25514051876985e-16","5.01335084557297e-16","-0.0412086000447899","-0.00786065143838305","0.00900830097786399","2.42861286636753e-17","2.60208521396521e-17","0.999999999999992","0.999999999999998","0.999999999999996","0.999999999999992","0.416456790723622","0.876869353302072","0.859067816233702","1","1"
"MEc1_HuAgeGBsplitRnaseq_518","-4.5102810375397e-16","8.32667268468867e-17","-2.8796409701215e-16","5.04804531509251e-16","-0.0414401428955933","-0.00756439698121548","0.00901730362895929","6.93889390390723e-18","1.82145964977565e-17","0.999999999999993","0.999999999999999","0.999999999999995","0.999999999999992","0.413840802588178","0.881475112009763","0.858928442928156","1","1"
"MEc1_HuAgeGBsplitRnaseq_331","3.17020715234761e-16","2.16840434497101e-18","2.15105711021124e-16","-4.38885039422132e-16","0.0262425673708763","-0.0571263992104939","0.0106245597560181","1.38777878078145e-16","5.160802341031e-17","0.999999999999995","1","0.999999999999997","0.999999999999993","0.604918201818451","0.259782520936331","0.834120103086845","0.999999999999998","0.999999999999999"
"MEc1_HuAgeGBsplitRnaseq_332","3.22658566531686e-16","4.5102810375397e-17","1.28586377656781e-16","-4.21537804662364e-16","0.0180319589209164","-0.0229687079653969","0.000778678020385459","8.32667268468867e-17","1.20996962449382e-16","0.999999999999995","0.999999999999999","0.999999999999998","0.999999999999993","0.722255318185905","0.650705419891538","0.98775449543656","0.999999999999999","0.999999999999998"
"MEc1_HuAgeGBsplitRnaseq_61","5.06539254985228e-16","-6.24500451351651e-17","2.48065457064683e-16","-5.68989300120393e-16","0.0243792398732918","-0.0435724309060762","0.00609469480791087","1.99493199737333e-17","2.90566182226115e-17","0.999999999999992","0.999999999999999","0.999999999999996","0.999999999999991","0.630803454099607","0.390208844255558","0.904380121576351","1","1"
"MEc1_HuAgeGBsplitRnaseq_306","1.73472347597681e-17","-2.08166817117217e-16","-3.03576608295941e-16","2.08166817117217e-16","-0.0383530896333156","0.00649596943887103","0.0206081544450135","1.04083408558608e-16","-1.27502175484295e-16","1","0.999999999999997","0.999999999999995","0.999999999999997","0.449509237504318","0.898117649057957","0.684567477720528","0.999999999999998","0.999999999999998"
"MEc1_HuAgeGBsplitRnaseq_82","2.10335221462188e-16","1.62196645003831e-16","2.56739074444567e-16","-3.74266589941996e-16","-0.0361838015797767","0.0457150392369545","0.00510891633959703","-6.24500451351651e-17","1.50487261540988e-16","0.999999999999997","0.999999999999997","0.999999999999996","0.999999999999994","0.475578925030608","0.367304653517924","0.919789007790952","0.999999999999999","0.999999999999998"
"MEc1_HuAgeGBsplitRnaseq_1147","2.70616862252382e-16","6.93889390390723e-18","1.00613961606655e-16","-4.44089209850063e-16","-0.00215788063853696","0.0116432855337225","-0.00481966021701688","-1.2490009027033e-16","2.66713734431434e-17","0.999999999999996","1","0.999999999999998","0.999999999999993","0.96607399276894","0.818478976711203","0.924316385322739","0.999999999999998","1"
"MEc1_HuAgeGBsplitRnaseq_372","1.73472347597681e-16","-1.73472347597681e-17","9.19403442267708e-17","-2.91433543964104e-16","-0.00470882556009764","0.0120953849634083","-0.00314350789769631","4.16333634234434e-17","2.16840434497101e-17","0.999999999999997","1","0.999999999999999","0.999999999999995","0.926051802043881","0.811560213923822","0.950594696226771","0.999999999999999","1"
"MEc1_HuAgeGBsplitRnaseq_107","1.31838984174237e-16","2.77555756156289e-17","1.80411241501588e-16","-2.0122792321331e-16","0.000960468454993899","0.00198284156889503","-0.00187874860090151","-2.42861286636753e-17","5.55111512312578e-17","0.999999999999998","1","0.999999999999997","0.999999999999997","0.984895963787655","0.968824484368025","0.970460335521846","1","0.999999999999999"
"MEc1_HuAgeGBsplitRnaseq_19","1.21430643318376e-16","-2.77555756156289e-17","3.81639164714898e-17","-1.52655665885959e-16","-0.000761551004225334","0.00686982979414091","-0.00328622409831293","1.38777878078145e-17","-3.03576608295941e-17","0.999999999999998","1","0.999999999999999","0.999999999999998","0.988023814824351","0.892288690360817","0.948354735833071","1","1"
"MEc1_HuAgeGBsplitRnaseq_103","-1.73038666728687e-16","-1.56125112837913e-17","-1.82145964977565e-16","2.34187669256869e-16","-0.0514884407830289","-0.0984483287563864","0.0209517087194795","0","1.64798730217797e-17","0.999999999999997","1","0.999999999999997","0.999999999999996","0.309852262435052","0.0517527529943085","0.679597718146786","1","1"
"MEc1_HuAgeGBsplitRnaseq_459","-2.6665952432281e-16","-2.21177243187043e-17","-2.07082614944731e-16","3.39138439553466e-16","0.0148440815761392","-0.0297173386421831","-0.0201037352489895","-6.93889390390723e-17","-8.18572640226556e-18","0.999999999999996","1","0.999999999999997","0.999999999999995","0.769828617743991","0.55796262137471","0.69188892799391","0.999999999999999","1"
"MEc1_HuAgeGBsplitRnaseq_14","-2.45029690981724e-16","-6.41847686111419e-17","-2.84494650060196e-16","3.48896259105835e-16","0.0116419643292498","-0.0215823913012968","-0.0119347532762557","2.77555756156289e-17","-1.17093834628434e-17","0.999999999999996","0.999999999999999","0.999999999999996","0.999999999999994","0.818499216868276","0.670510577013186","0.814016813284323","1","1"
"MEc1_HuAgeGBsplitRnaseq_90","-3.43041567374414e-16","-3.90312782094782e-18","-1.00288700954909e-16","4.29994581607751e-16","0.011428197192619","-0.0264997862876559","-0.0101856812766302","4.85722573273506e-17","6.2233204700668e-17","0.999999999999995","1","0.999999999999998","0.999999999999993","0.821775594694896","0.60138249626307","0.8408790645245","0.999999999999999","0.999999999999999"
"MEc1_HuAgeGBsplitRnaseq_451","2.39391839684799e-16","2.60208521396521e-17","1.52655665885959e-16","-3.19189119579733e-16","0.00834001481595752","-0.0146468868814957","0.00127706926806327","2.77555756156289e-17","-4.16333634234434e-17","0.999999999999996","1","0.999999999999998","0.999999999999995","0.869425722905","0.77280204184878","0.979918112775743","1","0.999999999999999"
"MEc1_HuAgeGBsplitRnaseq_1353","1.45716771982052e-16","-4.85722573273506e-17","5.8113236445223e-17","-1.30104260698261e-16","0.0471751143591867","0.0523853366628491","-0.0166247341512331","-6.93889390390723e-18","1.30104260698261e-17","0.999999999999998","0.999999999999999","0.999999999999999","0.999999999999998","0.352185244023422","0.301488731276731","0.743136234289213","1","1"
"MEc1_HuAgeGBsplitRnaseq_470","5.55111512312578e-17","7.63278329429795e-17","9.0205620750794e-17","-1.50920942409982e-16","0.0478171938913074","0.0491426750190272","-0.0163867538289778","4.33680868994202e-18","-1.73472347597681e-18","0.999999999999999","0.999999999999999","0.999999999999999","0.999999999999998","0.345662436420844","0.332441397714906","0.746686645029687","1","1"
"MEc1_HuAgeGBsplitRnaseq_63","1.48752538065011e-16","-3.29597460435593e-17","1.13624387676481e-16","-1.40512601554121e-16","-0.00381744659008318","-0.00867547388871653","0.00788536340689286","7.80625564189563e-18","7.02563007770607e-17","0.999999999999998","1","0.999999999999998","0.999999999999998","0.940020801476381","0.864223467856086","0.876485350828272","1","0.999999999999999"
"MEc1_HuAgeGBsplitRnaseq_1297","4.71844785465692e-16","3.42607886505419e-17","3.29597460435593e-16","-6.10622663543836e-16","-0.00617969446169045","0.0542610364804349","-0.0227907243819843","1.04083408558608e-17","1.38777878078145e-17","0.999999999999993","0.999999999999999","0.999999999999995","0.99999999999999","0.903053070704602","0.284486088953326","0.653234792022043","1","1"
"MEc1_HuAgeGBsplitRnaseq_450","5.82867087928207e-16","2.9734244580415e-17","3.53883589099269e-16","-7.3899220076612e-16","-0.00469040298034528","0.0522867751664477","-0.0227832821103387","-6.33174068731535e-17","-1.73472347597681e-17","0.999999999999991","1","0.999999999999994","0.999999999999988","0.926340291619722","0.302400421718128","0.653340642899534","0.999999999999999","1"
"MEc1_HuAgeGBsplitRnaseq_13","5.49039980146659e-16","5.19332840620557e-17","2.91433543964104e-16","-7.30318583386236e-16","-0.00479669330612993","0.0526293923573456","-0.0227197107197715","-1.22298005056365e-16","-3.90312782094782e-17","0.999999999999991","0.999999999999999","0.999999999999995","0.999999999999988","0.92467596531677","0.299239078006115","0.654245097108869","0.999999999999998","0.999999999999999"
"MEc1_HuAgeGBsplitRnaseq_87","5.22151766269019e-16","4.58617518961368e-17","4.23272528138341e-16","-6.81746326058885e-16","-0.00482676766846631","0.0533930030844146","-0.0231440702410744","3.98986399474666e-17","-8.67361737988404e-18","0.999999999999992","0.999999999999999","0.999999999999993","0.999999999999989","0.924205111074353","0.292272510589958","0.648217212400329","0.999999999999999","1"
"MEc1_HuAgeGBsplitRnaseq_1293","5.75060832286312e-16","3.16587034365767e-17","3.05311331771918e-16","-6.956241138667e-16","-0.00233124666501924","0.0492962055567676","-0.0230559908263364","-5.63785129692462e-17","-4.77048955893622e-17","0.999999999999991","1","0.999999999999995","0.999999999999989","0.963350186856319","0.330931311044025","0.649466480362108","0.999999999999999","0.999999999999999"
"MEc1_HuAgeGBsplitRnaseq_2103","4.83012067842292e-16","5.50774703622636e-17","3.40005801291454e-16","-6.43148728718401e-16","-0.000616044341251085","0.0452737483712688","-0.0222496656257696","8.67361737988404e-18","-6.07153216591882e-18","0.999999999999992","0.999999999999999","0.999999999999995","0.99999999999999","0.990311933865493","0.37195245474647","0.660948231940571","1","1"
"MEc1_HuAgeGBsplitRnaseq_2436","4.32705087038965e-16","2.81892564846231e-17","3.60822483003176e-16","-5.54460991009087e-16","-2.50307844106843e-05","0.0450024424587389","-0.022603860879646","4.85722573273506e-17","3.90312782094782e-17","0.999999999999993","1","0.999999999999994","0.999999999999991","0.999606350055079","0.374827874973754","0.655894636924308","0.999999999999999","0.999999999999999"
"MEc1_HuAgeGBsplitRnaseq_1247","-1.80411241501588e-16","-7.97972798949331e-17","-1.21430643318376e-16","3.19189119579733e-16","0.00345847331427469","0.00500672165805956","-0.00549228140119138","7.97972798949331e-17","-9.15066633577766e-17","0.999999999999997","0.999999999999999","0.999999999999998","0.999999999999995","0.945651791663","0.921388249759503","0.913792669477012","0.999999999999999","0.999999999999999"
"MEc1_HuAgeGBsplitRnaseq_1245","2.35922392732846e-16","-6.15826833971767e-17","1.45716771982052e-16","-2.28983498828939e-16","-0.000939969686555229","0.0188039869890893","-0.00949975227356286","-4.16333634234434e-17","2.68882138776405e-17","0.999999999999996","0.999999999999999","0.999999999999998","0.999999999999996","0.985218284075323","0.710885499324737","0.851465994110558","0.999999999999999","1"
"MEc1_HuAgeGBsplitRnaseq_11","-6.93889390390723e-18","2.49366499671666e-17","1.00613961606655e-16","-4.16333634234434e-17","-0.00170559557092534","0.0153637153727581","-0.00715442327431903","1.02348685082632e-16","4.20670442924376e-17","1","1","0.999999999999998","0.999999999999999","0.973181756478439","0.762009490319314","0.887855381397582","0.999999999999998","0.999999999999999"
"MEc1_HuAgeGBsplitRnaseq_440","7.63278329429795e-17","2.99239799605999e-17","6.59194920871187e-17","-1.2490009027033e-16","-0.00142052229567111","0.0149217811133513","-0.00714240284777528","-3.98986399474666e-17","1.04083408558608e-17","0.999999999999999","1","0.999999999999999","0.999999999999998","0.977662874442398","0.768657938344458","0.888042562197263","0.999999999999999","1"
"MEc1_HuAgeGBsplitRnaseq_83","-2.77555756156289e-17","4.96564594998361e-17","1.76941794549634e-16","-5.55111512312578e-17","-0.000959967268092072","0.0142706599272635","-0.00713359562874744","1.17961196366423e-16","4.33680868994202e-19","1","0.999999999999999","0.999999999999997","0.999999999999999","0.984903844364035","0.778484217754552","0.888179711220884","0.999999999999998","1"
"MEc1_HuAgeGBsplitRnaseq_352","1.87350135405495e-16","-2.08166817117217e-17","8.02309607639273e-17","-1.57426155444895e-16","-0.0011297561471525","0.0514933193011983","-0.00578894944686393","-6.73289549113498e-17","-1.63307952230629e-17","0.999999999999997","1","0.999999999999999","0.999999999999998","0.98223420223578","0.309806361419741","0.909155722414552","0.999999999999999","1"
"MEc1_HuAgeGBsplitRnaseq_67","6.24500451351651e-17","-2.08166817117217e-17","6.26668855696622e-17","-9.36750677027476e-17","-0.0048896510491965","0.0547619977638052","-0.00555249325935524","-3.14418630020796e-18","2.39473154847736e-17","0.999999999999999","1","0.999999999999999","0.999999999999998","0.923220673571076","0.280056585513195","0.912851311313223","1","1"
"MEc1_HuAgeGBsplitRnaseq_428","1.14491749414469e-16","1.2490009027033e-16","6.31005664386564e-17","-2.17707796235089e-16","0.0106163721093384","0.0125662137827882","-0.00394144294234852","-1.04083408558608e-16","-1.38777878078145e-17","0.999999999999998","0.999999999999998","0.999999999999999","0.999999999999997","0.834246087127039","0.804370380921461","0.938076427515633","0.999999999999998","1"
"MEc1_HuAgeGBsplitRnaseq_80","2.25514051876985e-16","-1.11022302462516e-16","1.02348685082632e-16","-2.10768902331182e-16","0.00393548316438408","0.012853149380814","-0.00248685843228673","-9.71445146547012e-17","-2.25514051876985e-17","0.999999999999996","0.999999999999998","0.999999999999998","0.999999999999997","0.93816987385631","0.799996734101816","0.960905685336795","0.999999999999998","1"
"MEc1_HuAgeGBsplitRnaseq_79","1.55257751099924e-16","6.93889390390723e-18","2.2811613709095e-16","-1.80411241501588e-16","0.0184933740263557","-0.01933254123874","-0.00342894563435497","-7.11236625150491e-17","-6.43473989370147e-17","0.999999999999998","1","0.999999999999996","0.999999999999997","0.715452427599715","0.703137979273387","0.946115098246304","0.999999999999999","0.999999999999999"
"MEc1_HuAgeGBsplitRnaseq_78","2.32452945780892e-16","-1.00613961606655e-16","-4.33680868994202e-18","-2.18575157973078e-16","0.0325741338706777","-0.0377159242301432","-0.000605828479444729","-6.24500451351651e-17","-3.64291929955129e-17","0.999999999999996","0.999999999999998","1","0.999999999999997","0.520730327424166","0.457081579468791","0.990472583371973","0.999999999999999","0.999999999999999"
"MEc1_HuAgeGBsplitRnaseq_10","3.60822483003176e-16","-2.77555756156289e-17","1.01481323344643e-16","-4.28476698566271e-16","0.0348022682318748","-0.0264851964015605","-0.00847019307444275","-1.01481323344643e-16","-8.01225405466788e-17","0.999999999999994","1","0.999999999999998","0.999999999999993","0.492602811344214","0.6015827986456","0.867406254336294","0.999999999999998","0.999999999999999"
"MEc1_HuAgeGBsplitRnaseq_411","2.25514051876985e-16","-7.28583859910259e-17","1.59594559789866e-16","-2.16840434497101e-16","0.0447345702396574","-0.0868953077937726","0.00141154144600413","1.04083408558608e-17","-2.03830008427275e-17","0.999999999999996","0.999999999999999","0.999999999999998","0.999999999999997","0.377680291820427","0.0861639817125637","0.977804058179826","1","1"
"MEc1_HuAgeGBsplitRnaseq_77","3.01841884819964e-16","-2.08166817117217e-17","1.88217497143484e-16","-2.93601948309075e-16","0.0435983547894791","-0.0665199186863107","-0.00399317062310052","-3.81639164714898e-17","-1.04083408558608e-17","0.999999999999995","1","0.999999999999997","0.999999999999995","0.389926654030799","0.189321417613732","0.937265399148825","0.999999999999999","1"
"MEc1_HuAgeGBsplitRnaseq_1047","-4.16333634234434e-17","1.45716771982052e-16","6.93889390390723e-17","-1.0321604682062e-16","-0.0808035802318201","0.108754282214253","0.00333036035088374","-3.46944695195361e-18","2.60208521396521e-18","0.999999999999999","0.999999999999998","0.999999999999999","0.999999999999998","0.110649336781559","0.0315574067431042","0.947662089668552","1","1"
"MEc1_HuAgeGBsplitRnaseq_1905","5.55111512312578e-17","6.93889390390723e-17","6.93889390390723e-17","-6.15826833971767e-17","-0.0770992555956928","0.0974366611942532","0.00369856497704668","7.97972798949331e-17","4.42354486374086e-17","0.999999999999999","0.999999999999999","0.999999999999999","0.999999999999999","0.128028083237706","0.0542169034413258","0.941885306372046","0.999999999999999","0.999999999999999"
"MEc1_HuAgeGBsplitRnaseq_343","9.71445146547012e-17","7.63278329429795e-17","-5.20417042793042e-17","-5.63785129692462e-17","-0.0968919421858229","0.107747561502155","0.00628347940909768","-3.46944695195361e-17","7.80625564189563e-18","0.999999999999998","0.999999999999999","0.999999999999999","0.999999999999999","0.0555835921964098","0.0331754845707368","0.901433101932647","0.999999999999999","1"
"MEc1_HuAgeGBsplitRnaseq_6","8.32667268468867e-17","0","1.04083408558608e-16","-1.73472347597681e-17","-0.102822550024828","0.116514255183758","0.00601915920351242","1.2490009027033e-16","6.93889390390723e-17","0.999999999999999","1","0.999999999999998","1","0.042147220691105","0.0212003305399202","0.905559639082066","0.999999999999998","0.999999999999999"
"MEc1_HuAgeGBsplitRnaseq_65","1.38777878078145e-16","-6.24500451351651e-17","7.80625564189563e-17","-3.98986399474666e-17","-0.102465786852704","0.118183744512987","0.00610224354849042","2.08166817117217e-17","4.33680868994202e-17","0.999999999999998","0.999999999999999","0.999999999999999","0.999999999999999","0.0428698789364485","0.0194055045984496","0.904262256596749","1","0.999999999999999"
"MEc1_HuAgeGBsplitRnaseq_164","-1.83880688453542e-16","0","-7.89299181569447e-17","2.59124319224036e-16","0.0277133070157722","0.00783875378891899","-0.0246010310625204","-5.89805981832114e-17","-5.29090660172926e-17","0.999999999999997","1","0.999999999999999","0.999999999999996","0.584828373574502","0.877209647836991","0.627697731445561","0.999999999999999","0.999999999999999"
"MEc1_HuAgeGBsplitRnaseq_24","-1.21430643318376e-16","6.59194920871187e-17","9.8879238130678e-17","1.09287578986539e-16","0.0243505351119264","0.0186039457498611","-0.0268836698624609","9.0205620750794e-17","5.63785129692462e-18","0.999999999999998","0.999999999999999","0.999999999999998","0.999999999999998","0.631205881093288","0.713825523441579","0.596123027264062","0.999999999999999","1"
"MEc1_HuAgeGBsplitRnaseq_163","-1.70002900645727e-16","2.08166817117217e-17","1.17961196366423e-16","1.65666091955785e-16","0.0240410745256004","0.01968218943098","-0.0268615928448452","7.28583859910259e-17","5.85469173142172e-17","0.999999999999997","1","0.999999999999998","0.999999999999997","0.635551267481634","0.698029620432514","0.596424931098977","0.999999999999999","0.999999999999999"
"MEc1_HuAgeGBsplitRnaseq_1513","-1.11022302462516e-16","4.16333634234434e-17","2.25514051876985e-17","1.0842021724855e-16","0.0226507506738354","0.0239040848783648","-0.0280578451303507","4.16333634234434e-17","-3.75133951679985e-17","0.999999999999998","0.999999999999999","1","0.999999999999998","0.65522678981765","0.637478860446475","0.580167147221335","0.999999999999999","0.999999999999999"
"MEc1_HuAgeGBsplitRnaseq_586","-9.36750677027476e-17","2.08166817117217e-17","-1.38777878078145e-17","8.84708972748172e-17","0.0229540378754436","0.0231985468416969","-0.0278980657460932","-1.73472347597681e-17","-1.90819582357449e-17","0.999999999999998","1","1","0.999999999999999","0.650913749502969","0.64744504066893","0.582326631782152","1","1"
"MEc1_HuAgeGBsplitRnaseq_1132","4.82253126321552e-16","6.70036942596042e-17","3.58328818006459e-16","-6.27969898303604e-16","-0.0464926742534501","0.11512720133716","-0.0176735035929194","-9.0205620750794e-17","-8.67361737988404e-18","0.999999999999992","0.999999999999999","0.999999999999994","0.99999999999999","0.359202570362959","0.0227993797948822","0.72755539037268","0.999999999999999","1"
"MEc1_HuAgeGBsplitRnaseq_368","4.25007251614318e-16","1.11672823766007e-16","3.45101551502136e-16","-6.21031004399697e-16","-0.0465687704219987","0.114389541211035","-0.0174455346321635","-1.17961196366423e-16","-1.38777878078145e-17","0.999999999999993","0.999999999999998","0.999999999999995","0.99999999999999","0.358415788577983","0.0236915454735178","0.730932893637737","0.999999999999998","1"
"MEc1_HuAgeGBsplitRnaseq_1359","3.00974523081976e-16","-1.38777878078145e-17","3.97034835564192e-16","-3.45209971719385e-16","0.0506455959041899","0.0398299764997763","-0.028565939936088","9.4542429440736e-17","4.81385764583564e-17","0.999999999999995","1","0.999999999999994","0.999999999999995","0.31784958764515","0.432232606380074","0.573325005105037","0.999999999999998","0.999999999999999"
"MEc1_HuAgeGBsplitRnaseq_473","4.11129463806503e-16","3.46944695195361e-18","2.6476217052096e-16","-4.40619762898109e-16","0.0466204665107049","0.0512035939906379","-0.0298546917307259","-9.54097911787244e-17","-4.11996825544492e-17","0.999999999999994","1","0.999999999999996","0.999999999999993","0.357881903151582","0.312540087071205","0.556143407685401","0.999999999999998","0.999999999999999"
"MEc1_HuAgeGBsplitRnaseq_15","3.86843335142828e-16","-2.08166817117217e-17","2.12503625807159e-16","-4.42354486374086e-16","0.0176115559486879","0.0868038701557475","-0.0320921607280914","-8.32667268468867e-17","8.62279540304878e-18","0.999999999999994","1","0.999999999999997","0.999999999999993","0.728472665271765","0.0864962487638954","0.526921283522997","0.999999999999999","1"
"MEc1_HuAgeGBsplitRnaseq_94","3.41740524767431e-16","5.20417042793042e-17","3.23525928269675e-16","-4.5102810375397e-16","0.0269125582775606","0.0691175333741827","-0.0281207691290397","5.55111512312578e-17","1.9298798670242e-17","0.999999999999995","0.999999999999999","0.999999999999995","0.999999999999993","0.595728082183946","0.172578063007822","0.579317730679321","0.999999999999999","1"
"MEc1_HuAgeGBsplitRnaseq_28","8.32667268468867e-17","-1.38777878078145e-17","9.2374025095765e-17","-1.24032728532342e-16","0.0568410298473101","-0.185674522094088","0.0182270603457117","3.94649590784724e-17","1.82688066063807e-17","0.999999999999999","1","0.999999999999999","0.999999999999998","0.262174307025229","0.000222608203726183","0.719376126708348","0.999999999999999","1"
"MEc1_HuAgeGBsplitRnaseq_185","1.04083408558608e-16","-6.93889390390723e-18","7.76288755499621e-17","-8.50014503228635e-17","0.0492897399732762","-0.177231402337657","0.0187657054228164","4.25007251614318e-17","-8.90401034153721e-18","0.999999999999998","1","0.999999999999999","0.999999999999999","0.33099481556034","0.000429568080637901","0.711447797138065","0.999999999999999","1"
"MEc1_HuAgeGBsplitRnaseq_675","1.17961196366423e-16","-2.08166817117217e-17","1.01481323344643e-16","-9.28077059647592e-17","0.0451351350904692","-0.170841047507572","0.0185037525288896","2.03830008427275e-17","6.88468379528295e-18","0.999999999999998","1","0.999999999999998","0.999999999999999","0.373419833603691","0.000693036042827471","0.715299667941256","1","1"
"MEc1_HuAgeGBsplitRnaseq_293","2.91433543964104e-16","1.94289029309402e-16","2.79290479632266e-16","-4.90926743701436e-16","-0.0126182277593065","-0.0871380961434759","0.0402662482148478","1.04083408558608e-16","-1.56125112837913e-17","0.999999999999995","0.999999999999997","0.999999999999996","0.999999999999992","0.803577095172724","0.0852867172669484","0.427203360361075","0.999999999999998","1"
"MEc1_HuAgeGBsplitRnaseq_29","-4.14598910758457e-16","-6.59194920871187e-17","-5.11743425413158e-16","5.42101086242752e-16","0.000337938171641979","0.0633332925676182","-0.0261120492653197","-1.02348685082632e-16","-1.0321604682062e-16","0.999999999999994","0.999999999999999","0.999999999999992","0.999999999999991","0.99468540953597","0.211452995954889","0.606715834299559","0.999999999999998","0.999999999999998"
"MEc1_HuAgeGBsplitRnaseq_186","-4.56665955050894e-16","-1.12757025938492e-16","-4.25874613352306e-16","6.48786580015326e-16","-0.0122701105028863","0.109671738768094","-0.0405842639798235","-3.46944695195361e-17","-1.43114686768087e-16","0.999999999999993","0.999999999999998","0.999999999999993","0.99999999999999","0.808890169725631","0.0301420049576203","0.423558842440251","0.999999999999999","0.999999999999998"
"MEc1_HuAgeGBsplitRnaseq_1590","-2.39391839684799e-16","-1.52655665885959e-16","-4.26741975090295e-16","4.52762827229947e-16","-0.0179032350737547","0.0854218932539362","-0.030929477128396","-1.42247325030098e-16","-2.08166817117217e-16","0.999999999999996","0.999999999999998","0.999999999999993","0.999999999999993","0.724157099449004","0.0916447048535927","0.542008461177689","0.999999999999998","0.999999999999997"
"MEc1_HuAgeGBsplitRnaseq_681","-2.91433543964104e-16","-1.14491749414469e-16","-4.28476698566271e-16","4.21537804662364e-16","-0.0182533993537727","0.0854461562665107","-0.030775725668","-1.14491749414469e-16","-2.23779328401008e-16","0.999999999999995","0.999999999999998","0.999999999999993","0.999999999999993","0.718987733848353","0.0915522446826524","0.544019518166388","0.999999999999998","0.999999999999996"
"MEc1_HuAgeGBsplitRnaseq_41","-3.78169717762944e-16","1.07552855510562e-16","-3.38271077815477e-16","4.11129463806503e-16","-0.0136276130595703","-0.0296735444417033","0.0212024214630581","1.73472347597681e-16","-2.68882138776405e-17","0.999999999999994","0.999999999999998","0.999999999999995","0.999999999999994","0.78822340065494","0.558543272279122","0.675979696731327","0.999999999999997","1"
"MEc1_HuAgeGBsplitRnaseq_46","-3.12250225675825e-17","7.97972798949331e-17","3.12250225675825e-17","-3.46944695195361e-17","0.011008134753396","-0.0631273250991742","0.0191923438164521","7.63278329429795e-17","1.82145964977565e-16","1","0.999999999999999","1","0.999999999999999","0.828222808374372","0.212945031629828","0.705190034403763","0.999999999999999","0.999999999999997"
"MEc1_HuAgeGBsplitRnaseq_33","6.24500451351651e-17","-2.94902990916057e-16","5.20417042793042e-17","1.89084858881472e-16","-0.00478150715185283","-0.069557236401938","0.0321295121162423","1.2490009027033e-16","9.19403442267708e-17","0.999999999999999","0.999999999999995","0.999999999999999","0.999999999999997","0.924913734809426","0.169856586782412","0.526440169738184","0.999999999999998","0.999999999999999"
"MEc1_HuAgeGBsplitRnaseq_48","-1.31838984174237e-15","7.63278329429795e-17","-7.97972798949331e-16","1.54737334057131e-15","0.0188322177816922","-0.172929382393475","0.0601817802008593","2.22044604925031e-16","1.39645239816133e-16","0.999999999999979","0.999999999999999","0.999999999999987","0.999999999999976","0.71047093240471","0.000593826274355118","0.235115592670632","0.999999999999996","0.999999999999998"
"MEc1_HuAgeGBsplitRnaseq_405","-2.46330733588707e-16","-1.73472347597681e-18","-1.05818132034585e-16","3.09214459592866e-16","0.0570800057459603","-0.211283786692879","0.0136188123938037","7.97972798949331e-17","3.57786716920216e-18","0.999999999999996","1","0.999999999999998","0.999999999999995","0.260170333910588","2.52967109333956e-05","0.788356922840596","0.999999999999999","1"
"MEc1_HuAgeGBsplitRnaseq_75","-2.8796409701215e-16","-4.33680868994202e-18","-5.63785129692462e-17","3.46077333457373e-16","0.0464890700622132","-0.215597390999982","0.0158059686032086","1.6306400674182e-16","5.21501244965528e-17","0.999999999999995","1","0.999999999999999","0.999999999999995","0.359239862006994","1.70652029635076e-05","0.755373713471275","0.999999999999997","0.999999999999999"
"MEc1_HuAgeGBsplitRnaseq_101","4.71844785465692e-16","8.32667268468867e-17","3.97251675998689e-16","-6.81746326058885e-16","-0.0453915663711129","0.132332806017248","-0.0180787528256967","2.81025203108243e-16","9.10729824887824e-18","0.999999999999993","0.999999999999999","0.999999999999994","0.999999999999989","0.370708021650848","0.00879644721695317","0.721564402302937","0.999999999999996","1"
"MEc1_HuAgeGBsplitRnaseq_47","2.94902990916057e-16","2.08166817117217e-16","-2.12503625807159e-17","-5.3776427755281e-16","0.00411311250585708","0.146096262432572","-0.0424875241905554","-1.73472347597681e-16","1.30104260698261e-17","0.999999999999995","0.999999999999997","1","0.999999999999992","0.935385104267598","0.00378957145580598","0.402129010231207","0.999999999999997","1"
"MEc1_HuAgeGBsplitRnaseq_93","-1.11022302462516e-16","1.23165366794353e-16","-1.0321604682062e-16","-3.46944695195361e-18","-0.0266956518411155","0.043730326693463","-0.0407501841573151","-4.33680868994202e-18","-1.43114686768087e-17","0.999999999999998","0.999999999999998","0.999999999999998","1","0.598696395624286","0.388492012501692","0.421664584199846","1","1"
"MEc1_HuAgeGBsplitRnaseq_130","-1.04430353253804e-15","0","-6.14959472233778e-16","1.29063426612674e-15","0.0149137456699704","-0.08524568194448","0.0260100017177053","-1.73472347597681e-17","-7.00394603425636e-17","0.999999999999984","1","0.99999999999999","0.99999999999998","0.768778982040777","0.0923184461544207","0.608122994586545","1","0.999999999999999"
"MEc1_HuAgeGBsplitRnaseq_128","-3.60822483003176e-16","-4.16333634234434e-17","-2.12069944938165e-16","4.89625701094454e-16","0.00508002043234988","-0.0308464190778254","0.00631988311205089","2.29850860566927e-17","-7.96888596776846e-18","0.999999999999994","0.999999999999999","0.999999999999997","0.999999999999992","0.920241166621","0.54309439501895","0.900864976709872","1","1"
"MEc1_HuAgeGBsplitRnaseq_21","-6.17561557447743e-16","1.04083408558608e-17","-3.85108611666851e-16","7.15573433840433e-16","0.00654388731823738","-0.0686605761926062","0.0172194963640265","4.33680868994202e-18","3.25260651745651e-18","0.99999999999999","1","0.999999999999994","0.999999999999989","0.897370235578056","0.175440615434334","0.734286930668298","1","1"
"MEc1_HuAgeGBsplitRnaseq_50","5.82867087928207e-16","-2.32452945780892e-16","-3.03576608295941e-17","-4.70110061989715e-16","0.0412319564300079","0.143943447703736","-0.0493090595599255","4.5102810375397e-17","-6.93889390390723e-17","0.999999999999991","0.999999999999996","1","0.999999999999993","0.416192468640602","0.00434380649269972","0.330805083230786","0.999999999999999","0.999999999999999"
"MEc1_HuAgeGBsplitRnaseq_55","3.71230823859037e-16","-2.08166817117217e-16","3.40005801291454e-16","-3.00107161343988e-16","0.00219302238441444","-0.0140813331898451","0.00245134835194489","3.12250225675825e-17","4.64905891561784e-16","0.999999999999994","0.999999999999997","0.999999999999995","0.999999999999995","0.965521837311025","0.781348118736518","0.961463480924333","1","0.999999999999993"
"MEc1_HuAgeGBsplitRnaseq_159","-3.22658566531686e-16","-3.81639164714898e-17","-1.32706345912226e-16","3.90312782094782e-16","-0.00107292116160047","-0.0967046499441697","0.0130463845587179","-7.11236625150491e-17","5.20417042793042e-18","0.999999999999995","0.999999999999999","0.999999999999998","0.999999999999994","0.983127815389765","0.0560600609328488","0.797054833597662","0.999999999999999","1"
"MEc1_HuAgeGBsplitRnaseq_160","-2.0122792321331e-16","-7.11236625150491e-17","-1.50920942409982e-16","2.79290479632266e-16","-0.00915717899329302","0.041760399656263","-0.0156794300156984","3.81639164714898e-17","-2.08166817117217e-17","0.999999999999997","0.999999999999999","0.999999999999998","0.999999999999996","0.856763546893809","0.410238529544098","0.757270546914536","0.999999999999999","1"
"MEc1_HuAgeGBsplitRnaseq_576","-8.32667268468867e-17","-4.5102810375397e-17","-7.28583859910259e-17","1.49186218934005e-16","0.00732524095530836","-0.0203161187743676","0.00218022463174939","5.03069808033274e-17","-1.99493199737333e-17","0.999999999999999","0.999999999999999","0.999999999999999","0.999999999999998","0.88519610487987","0.688802717474147","0.965722916747854","0.999999999999999","1"
"MEc1_HuAgeGBsplitRnaseq_125","-3.22658566531686e-16","1.24032728532342e-16","-2.46330733588707e-16","3.00974523081976e-16","0.0652713610632981","-0.162109321455601","-0.0896600656250884","-1.76941794549634e-16","-5.55111512312578e-17","0.999999999999995","0.999999999999998","0.999999999999996","0.999999999999995","0.197781083771559","0.00129745305504958","0.0765931712471872","0.999999999999997","0.999999999999999"
"MEc1_HuAgeGBsplitRnaseq_341","1.59594559789866e-16","1.38777878078145e-17","1.04083408558608e-16","-2.15756232324615e-16","-0.103082500614515","0.0223588722667848","0.0216260993266404","-1.38777878078145e-17","2.08166817117217e-17","0.999999999999998","1","0.999999999999998","0.999999999999997","0.0416271553508428","0.659388434953648","0.669882569947051","1","1"
"MEc1_HuAgeGBsplitRnaseq_34","1.0397498834136e-16","-9.97465998686664e-17","5.8113236445223e-17","-3.664603343001e-17","0.0531615941721674","-0.00740987785653643","-0.0302978487636516","-1.56125112837913e-17","9.38919081372447e-17","0.999999999999998","0.999999999999998","0.999999999999999","0.999999999999999","0.29437214185851","0.883878959287476","0.550293612512113","1","0.999999999999998"
"MEc1_HuAgeGBsplitRnaseq_1614","-2.25514051876985e-16","-3.46944695195361e-18","-3.1485231088979e-16","3.0292608699245e-16","0.0242200517653754","-0.135587566197327","0.0415183449703031","4.16333634234434e-17","4.33680868994202e-18","0.999999999999996","1","0.999999999999995","0.999999999999995","0.633036566690354","0.00725523818386002","0.412959463047153","0.999999999999999","1"
"MEc1_HuAgeGBsplitRnaseq_189","8.32667268468867e-17","1.38777878078145e-17","3.12250225675825e-17","-1.15792792021452e-16","0.0777681357529004","-0.105032570037247","-0.000673213111505628","1.05818132034585e-16","2.8275992658422e-16","0.999999999999999","1","1","0.999999999999998","0.124742641938461","0.0378957626882778","0.989412933932291","0.999999999999998","0.999999999999996"
"MEc1_HuAgeGBsplitRnaseq_30","1.97758476261356e-16","-1.14491749414469e-16","7.28583859910259e-17","-1.37476835471162e-16","0.0745104107291716","-0.106166327325568","0.00278731312186443","1.12757025938492e-16","2.54136989230602e-16","0.999999999999997","0.999999999999998","0.999999999999999","0.999999999999998","0.141378804194977","0.03585958141333","0.956186905635753","0.999999999999998","0.999999999999996"
"MEc1_HuAgeGBsplitRnaseq_1421","-1.25767452008319e-16","2.08166817117217e-17","-2.60208521396521e-17","1.35308431126191e-16","-0.0318338571567348","0.0162296176571149","0.00505049919134068","2.08166817117217e-17","2.86229373536173e-17","0.999999999999998","1","1","0.999999999999998","0.53025453425305","0.749033892299332","0.920703137106749","1","1"
"MEc1_HuAgeGBsplitRnaseq_528","-1.16226472890446e-16","1.07552855510562e-16","-4.5102810375397e-17","1.47451495458029e-17","-0.0293063817142573","0.00575603416312491","0.00646278692581377","-1.57859836313889e-16","-3.12250225675825e-17","0.999999999999998","0.999999999999998","0.999999999999999","1","0.563422817615139","0.909670042024469","0.898635276053612","0.999999999999998","1"
"MEc1_HuAgeGBsplitRnaseq_124","-4.68375338513738e-17","-2.08166817117217e-17","-3.55618312575245e-17","5.07406616723216e-17","-0.0294391042076626","0.00865874972992064","0.00596079088526634","-7.11236625150491e-17","4.33680868994202e-18","0.999999999999999","1","0.999999999999999","0.999999999999999","0.561656591955364","0.864482687023861","0.90647122511244","0.999999999999999","1"
"MEc1_HuAgeGBsplitRnaseq_20","-6.93889390390723e-18","-6.93889390390723e-17","-1.73472347597681e-18","2.86229373536173e-17","-0.0293581694138425","0.00738449687861075","0.00619112655279423","1.56125112837913e-17","-1.21430643318376e-17","1","0.999999999999999","1","1","0.562733327317693","0.884273912509516","0.90287460851831","1","1"
"MEc1_HuAgeGBsplitRnaseq_214","2.4980018054066e-16","1.52655665885959e-16","-9.62771529167128e-17","-4.562322741819e-16","0.0110982972273453","0.023150378256573","-0.0140559588667974","-5.55111512312578e-17","-1.65666091955785e-16","0.999999999999996","0.999999999999998","0.999999999999998","0.999999999999993","0.826837986503005","0.648127780910953","0.781732175655896","0.999999999999999","0.999999999999997"
"MEc1_HuAgeGBsplitRnaseq_36","4.9960036108132e-16","6.24500451351651e-17","2.49366499671666e-16","-6.82613687796874e-16","0.0107314034143293","0.00201246847167506","-0.00604977347910148","9.19403442267708e-17","-1.01481323344643e-16","0.999999999999992","0.999999999999999","0.999999999999996","0.999999999999989","0.832476480287709","0.968358912594419","0.905081560237762","0.999999999999999","0.999999999999998"
"MEc1_HuAgeGBsplitRnaseq_215","5.95010152260045e-16","7.63278329429795e-17","3.7470027081099e-16","-7.44413211628547e-16","0.0073184085352423","-0.0120466747962904","0.00167945624194506","2.25514051876985e-17","-4.96564594998361e-17","0.999999999999991","0.999999999999999","0.999999999999994","0.999999999999988","0.885302446946596","0.812304962362812","0.973592612304009","1","0.999999999999999"
"MEc1_HuAgeGBsplitRnaseq_757","8.13585310233123e-16","-1.35308431126191e-16","2.61075883134509e-16","-8.65193333643433e-16","0.0132362115175464","-0.0141515950242005","-0.000286335361724062","-2.25514051876985e-17","-1.63931368479808e-16","0.999999999999987","0.999999999999998","0.999999999999996","0.999999999999986","0.79416761498877","0.780284937501396","0.995496932656466","1","0.999999999999997"
"MEc1_HuAgeGBsplitRnaseq_86","4.68375338513738e-17","7.02563007770607e-17","1.47451495458029e-16","-1.30104260698261e-16","0.0182521256977602","0.0223107715108563","-0.0230213552307948","0","-5.29090660172926e-17","0.999999999999999","0.999999999999999","0.999999999999998","0.999999999999998","0.719006513413408","0.660075276114871","0.649958001169039","1","0.999999999999999"
"MEc1_HuAgeGBsplitRnaseq_42","-1.66506348639461e-16","-8.93382590128056e-17","-2.04372109513518e-16","2.94902990916057e-16","0.0429688264431605","-0.0908877767468692","0.0172974698136325","-9.71445146547012e-17","5.46437894932694e-17","0.999999999999997","0.999999999999999","0.999999999999997","0.999999999999995","0.396814188466711","0.0726294055949281","0.733129358231015","0.999999999999998","0.999999999999999"
"MEc1_HuAgeGBsplitRnaseq_329","-7.1730815731641e-16","-3.4477629085039e-17","-4.76615275024628e-16","9.16801357053743e-16","0.0280983507255644","-0.0458203508377565","0.000541824374656562","9.0205620750794e-17","8.93382590128056e-17","0.999999999999989","0.999999999999999","0.999999999999992","0.999999999999986","0.579620291977607","0.36620083244538","0.991479088242213","0.999999999999999","0.999999999999999"
"MEc1_HuAgeGBsplitRnaseq_60","-6.43582409587395e-16","-7.43762690325056e-17","-4.0766001685455e-16","8.18789480661053e-16","0.0295164186565219","-0.0463658887190219","0.000901662934744732","-3.64291929955129e-17","6.33174068731535e-17","0.99999999999999","0.999999999999999","0.999999999999994","0.999999999999987","0.5606289482851","0.36051584443424","0.985820621456148","0.999999999999999","0.999999999999999"
