"","GBM_cells_in_3D_organoid_culture"
"AAMP",4.98545961131784
"ABCB7",1.33779067965412
"ABCB9",1.9679525827502
"ABHD10",4.07832434696268
"ABRACL",2.8325916699593
"AC002056.1",2.77864016130008
"AC002451.2",1.00177826076562
"AC002504.1",0.339309807965046
"AC002524.1",5.35118531218574
"AC002540.1",0.24657903456346
"AC003005.2",0.534753387850515
"AC003092.2",0.317487996061441
"AC003101.2",0.348445928283102
"AC003986.3",1.27219012191082
"AC004023.1",0.45305590846586
"AC004069.1",0.840124893688812
"AC004080.4",0.470009435866644
"AC004112.1",1.25077385726211
"AC004130.1",1.97135604040236
"AC004233.3",0.910528248229774
"AC004264.2",1.14135643794438
"AC004383.1",1.87660837746389
"AC004477.3",3.41022097485258
"AC004801.7",1.17103399690872
"AC004817.3",1.5287390606778
"AC004817.4",1.73318971086433
"AC004832.6",0.662495940243974
"AC004847.1",0.318960248836813
"AC004890.1",2.41212005693209
"AC004910.1",0.76984698517268
"AC004941.1",0.849281598146663
"AC004947.1",0.621694317850564
"AC004982.2",0.908087954342856
"AC004990.1",0.796867798907387
"AC005005.4",1.0168875032813
"AC005261.4",1.0296940234425
"AC005332.8",1.12859770050586
"AC005393.1",2.45740458701619
"AC005410.1",0.659308608041716
"AC005479.1",0.303628944631579
"AC005479.2",0.49417013296947
"AC005578.1",0.729166791987974
"AC005592.1",1.43495165614589
"AC005618.1",0.645530382748218
"AC005695.3",0.484203792914994
"AC005696.3",0.763237450186585
"AC005703.5",1.19156788075263
"AC005736.1",0.93138968899123
"AC005740.1",0.511095102646197
"AC005899.6",1.09121225834741
"AC005899.7",1.47040376612968
"AC005906.1",0.318934564139491
"AC006023.1",0.957457775099993
"AC006033.1",1.00638508915544
"AC006058.3",2.51264630868502
"AC006238.1",1.35147417128419
"AC006378.2",0.520182266740964
"AC006449.2",0.614282347042073
"AC006466.1",0.535347824721558
"AC006547.1",1.58045610547015
"AC006946.2",0.480923729220356
"AC006946.3",0.298444828918272
"AC006960.3",1.90347417395054
"AC006967.3",0.549527486323995
"AC007029.1",0.702719175829159
"AC007036.1",0.877739803235059
"AC007215.1",0.353918073894485
"AC007318.1",4.61390813385479
"AC007318.2",2.20614100972346
"AC007386.1",0.568798172060924
"AC007450.3",1.56703027199929
"AC007568.1",0.35883587171678
"AC007622.1",0.534483892519044
"AC007638.1",0.774178754386856
"AC007663.3",1.60358354321498
"AC007785.3",0.505017284186042
"AC007849.2",0.643032345919781
"AC007923.2",0.485743434946009
"AC007952.5",0.426776988796598
"AC007952.7",0.462747743888685
"AC007969.1",5.16313809932608
"AC007992.1",0.21392854835471
"AC007998.4",2.28054177973446
"AC008066.1",0.441808671745416
"AC008072.1",1.56973175583272
"AC008115.4",1.26362339256522
"AC008121.1",0.732274688449654
"AC008121.2",0.868766204465001
"AC008147.4",0.461479851355602
"AC008154.2",0.321202128861139
"AC008267.5",2.75955582067047
"AC008278.1",2.59669350414921
"AC008403.3",1.00294277968209
"AC008443.3",0.743063168363003
"AC008494.2",0.908091638520363
"AC008494.3",0.675656488217758
"AC008507.3",2.59812675793043
"AC008543.4",0.476718083613431
"AC008549.2",0.686070570345681
"AC008549.3",0.247024025142452
"AC008736.1",0.671136437952892
"AC008738.2",0.594164568238563
"AC008759.2",0.930440911566449
"AC009005.1",2.21602695103852
"AC009053.2",0.792912177800674
"AC009088.1",2.28036624449902
"AC009108.5",1.02042618414449
"AC009127.2",0.452044320992254
"AC009159.4",0.912413400797993
"AC009220.1",0.748512175107909
"AC009220.3",1.10263793821249
"AC009275.1",0.767059657244899
"AC009336.3",0.639877803348594
"AC009432.1",0.727691542874486
"AC009533.2",0.480140108407839
"AC009779.1",1.69602389826801
"AC009831.4",0.772329696469355
"AC009908.1",1.12159457598733
"AC009967.1",2.16654120854446
"AC010139.1",0.26454022378448
"AC010168.2",1.41039208867903
"AC010205.1",0.444320038258228
"AC010207.1",0.600569978389748
"AC010271.2",0.817938940988235
"AC010326.1",0.440438486100118
"AC010327.5",0.801026555877531
"AC010329.1",0.906623538001922
"AC010401.2",1.02004516483786
"AC010424.1",1.50304298811314
"AC010468.1",1.08043117447981
"AC010595.1",0.653021982655521
"AC010631.1",0.397633086931889
"AC010733.1",2.58203347849184
"AC010904.2",0.812553366263258
"AC010969.2",3.59228660836247
"AC010980.1",0.730323595433477
"AC010980.2",3.46386155267916
"AC011008.2",0.81978378258825
"AC011374.2",1.1035954987441
"AC011416.2",0.395651596584347
"AC011453.1",1.71312069017092
"AC011458.1",0.614302826227845
"AC011468.4",1.61594739771771
"AC011495.1",2.07652737178769
"AC011592.1",0.923801200377231
"AC011773.4",1.45336285874426
"AC011816.2",0.922000591382586
"AC011912.1",0.66682734418302
"AC012150.1",0.476861268093437
"AC012313.4",2.34566575195168
"AC012313.8",1.70681893963087
"AC012414.6",0.405532271635977
"AC012441.2",2.13649681021668
"AC012508.1",1.02310562089935
"AC012603.1",0.623132594449939
"AC012629.3",0.269065161599773
"AC012640.2",3.16700586115494
"AC012640.5",0.403491859605418
"AC013244.1",0.40002710584788
"AC013410.1",0.257376322049237
"AC013448.1",0.74188782924737
"AC013452.2",1.00599020697122
"AC013476.2",0.879992645174099
"AC013553.4",0.325425909411086
"AC013726.1",0.751815683745894
"AC015660.2",0.52517755391638
"AC015726.2",0.617943109606468
"AC015813.4",2.22143844044837
"AC015818.2",2.33286351633177
"AC015819.1",0.600834023410806
"AC015910.1",0.326882531723983
"AC015911.1",0.933533020819072
"AC015911.9",1.90431141860228
"AC015912.2",0.296333170140813
"AC015983.1",0.780965957309628
"AC016397.2",0.98883061817438
"AC016405.2",0.411819238634211
"AC016717.3",0.784976847222631
"AC016739.1",2.98144202914618
"AC016745.1",1.05056349062335
"AC016745.2",1.50421825508718
"AC016876.1",3.94491485558866
"AC016877.3",0.598717326478326
"AC017079.1",0.536815226756162
"AC017104.3",2.82809019265371
"AC018475.1",0.661641067717929
"AC018521.7",1.21980180605852
"AC018553.2",0.617427552512356
"AC018558.1",0.325088095114531
"AC018638.2",3.36006104829685
"AC018641.1",0.464013858572777
"AC018648.1",1.17111801417676
"AC018695.7",0.80511933036335
"AC018755.3",0.838840961178838
"AC019103.1",0.650092894914573
"AC019109.1",0.835958580865024
"AC019129.1",0.204380242032552
"AC019131.2",1.40596682670239
"AC019193.2",0.35096324741435
"AC019322.4",3.28650765561921
"AC020558.3",1.8447013129783
"AC020604.1",0.886110408950124
"AC020656.2",0.949353524090474
"AC020661.1",0.925592159213296
"AC020899.1",0.641196801532364
"AC020904.2",0.715209948984885
"AC020917.3",3.46202699518969
"AC020928.2",0.458993177570644
"AC021016.2",1.60036062400899
"AC021072.1",0.782726509421289
"AC021087.4",0.44836079016072
"AC021106.1",1.86396779081284
"AC021106.3",1.96055117201204
"AC021151.1",0.343290638763867
"AC021491.4",1.28989568440677
"AC021739.5",0.695582825922747
"AC021755.3",0.771905463815356
"AC022075.1",2.2530303797946
"AC022098.3",0.317441388810862
"AC022167.4",0.641483385998779
"AC022167.5",0.806932422818814
"AC022417.1",1.22869671303303
"AC022432.1",1.03478105649919
"AC022483.1",0.603436635223203
"AC022743.1",0.792541964195799
"AC022762.2",1.51372530404264
"AC022893.1",1.21971534432715
"AC022968.1",1.79567460561058
"AC023141.12",0.336617376633785
"AC023141.8",0.481480946656632
"AC023157.1",0.457866777816065
"AC023424.1",0.348144355663489
"AC023424.2",0.308727966053594
"AC023538.1",0.311796607393034
"AC023796.1",1.88386291434826
"AC023983.2",1.70045956200896
"AC024257.2",0.70425281770893
"AC024560.3",2.28194190924951
"AC024587.1",0.387438959704087
"AC024896.1",3.19120098674715
"AC024940.6",1.25495978487339
"AC025035.1",0.351511621033658
"AC025166.1",0.453400323705947
"AC025175.1",1.71974193102346
"AC025254.1",0.394127357260805
"AC025259.2",1.61411421019619
"AC025262.2",0.983723638648233
"AC025459.1",0.328909195912197
"AC025754.2",0.319971036748853
"AC026403.1",6.62601659579483
"AC026410.3",3.13858017583003
"AC026412.1",0.773769057945849
"AC026422.1",0.508995190308857
"AC026464.3",0.50913430929465
"AC026585.1",0.421903120737851
"AC026741.1",0.75390796336244
"AC026884.1",0.324891466507183
"AC027031.1",0.46291717765855
"AC027124.1",0.355646276946349
"AC027176.3",2.38847105332674
"AC027228.3",0.768022415307981
"AC027271.1",0.678020376113566
"AC027338.1",0.263908007960384
"AC027373.1",2.36554616251779
"AC027682.6",0.571804948519439
"AC027688.2",0.925777785818558
"AC027801.5",0.576646322422441
"AC034229.1",1.32429482293825
"AC034229.4",0.62915556983135
"AC034236.3",0.424801563049455
"AC037459.2",1.19965677780112
"AC044802.1",1.2127663695362
"AC046176.1",1.97690495288937
"AC051619.1",1.38339887251375
"AC055764.2",1.23695508439991
"AC060766.1",3.74167266227787
"AC060766.3",0.684591812686829
"AC060766.4",4.08221834306921
"AC060766.6",2.42592015257332
"AC060766.7",2.56344720184407
"AC060788.1",0.354304022561495
"AC060814.3",0.215862480545855
"AC061975.5",0.320865877861424
"AC063943.1",1.55310972662309
"AC063948.1",1.78916728091459
"AC063952.2",0.572689904953199
"AC066615.1",1.92729318467957
"AC067838.1",4.19115264691426
"AC068057.1",0.796504134884545
"AC068138.1",0.240369953326476
"AC068279.1",0.640695409016807
"AC068389.3",0.511381679514299
"AC068418.2",0.700911237434259
"AC068448.1",3.23482842565928
"AC068538.1",0.518127729598067
"AC068700.1",0.345393265774615
"AC068775.1",1.12683933936988
"AC068944.1",2.24364585126029
"AC069154.1",0.949546394231413
"AC069209.1",2.24124520680475
"AC069213.2",0.460317664847319
"AC069218.1",2.63661710203264
"AC069218.2",0.357204980711081
"AC069503.1",0.405134826464687
"AC072052.1",0.533373447997915
"AC073111.5",1.45887598469437
"AC073261.1",2.34242699922019
"AC073263.3",0.260153441895543
"AC073314.1",0.330797432818134
"AC073342.2",0.361382118131583
"AC073346.2",1.02938665113085
"AC073352.2",0.314493205999241
"AC073534.1",0.937431715394502
"AC073539.1",1.16224538162454
"AC073578.4",2.69004406976303
"AC073610.1",0.511517781418368
"AC074143.1",0.326592667396832
"AC078880.4",2.14485116917113
"AC078909.2",1.62738322612309
"AC079054.1",0.378274090549363
"AC079089.2",0.205447052876912
"AC079228.1",0.482346484443047
"AC079250.1",3.34328797072501
"AC079328.1",0.445791075422989
"AC079341.2",1.42149888925596
"AC079598.1",0.696266980605364
"AC079921.2",1.04918401511453
"AC079922.1",2.24687294464782
"AC079949.1",0.214496622035001
"AC080011.1",0.821514110242793
"AC080013.6",3.51656328624503
"AC080023.1",0.266295113472014
"AC080038.2",0.470642729998762
"AC080080.2",0.450231897012659
"AC080112.1",1.14560915092011
"AC083801.2",0.907919189131594
"AC083806.1",0.221003663207263
"AC083867.1",0.274087955595747
"AC083873.1",3.94605502364748
"AC083899.2",0.646193857100221
"AC083906.1",0.643201682030814
"AC083906.5",0.29397492820681
"AC084033.1",0.282277436706537
"AC084035.1",1.04216765430064
"AC084757.3",0.948454223469497
"AC084757.4",0.85083539206342
"AC087072.2",0.288883746880561
"AC087289.2",0.412656837228323
"AC087354.1",0.981970955292763
"AC087392.5",2.21898747672379
"AC087473.1",1.25728219233125
"AC087623.3",1.14714119069744
"AC087645.2",0.528642992522259
"AC087894.1",1.57192570989927
"AC090103.1",0.402362736866337
"AC090152.1",2.48910747775707
"AC090241.3",1.10855506489671
"AC090506.2",1.31698551524347
"AC090643.1",0.953334819970659
"AC090666.1",0.677512396860235
"AC090692.1",2.46209698014945
"AC091133.2",0.765429717734157
"AC091152.4",1.15139267807336
"AC091305.1",1.15399254276426
"AC091390.2",0.316394327332861
"AC091614.1",0.767147166711946
"AC091799.1",0.761315526286888
"AC091807.1",0.354251886582647
"AC091825.1",1.39527477548756
"AC091891.2",0.712822464780569
"AC091962.1",0.221064561851324
"AC092013.1",0.280635893156919
"AC092017.1",0.989044508201331
"AC092053.1",0.841634374998031
"AC092115.1",1.50481465517674
"AC092132.1",0.33392211036592
"AC092162.3",0.435734808524102
"AC092175.1",0.370182510731549
"AC092184.1",2.78139366567315
"AC092192.1",1.75916060764645
"AC092326.1",0.852817370872503
"AC092337.1",1.95468316929708
"AC092354.1",0.697379422064638
"AC092354.2",1.3541177905026
"AC092692.1",0.827695704713349
"AC092724.1",0.964004688996977
"AC092809.2",0.524924134003672
"AC092809.3",1.41029210901468
"AC092814.1",1.83079602190538
"AC092953.2",1.44891281725574
"AC092954.2",0.351114438571145
"AC092991.1",0.519144221560681
"AC092999.1",1.30911556511775
"AC093014.1",0.314021749020286
"AC093072.1",0.826194316280099
"AC093107.2",0.446174044070365
"AC093227.1",2.44006859783335
"AC093278.2",0.275714673683684
"AC093323.3",1.06223892682675
"AC093326.2",0.214187556275089
"AC093510.1",1.1244722817956
"AC093510.2",0.535838520461357
"AC093535.2",1.18690150865639
"AC093582.1",0.864313692287132
"AC093627.7",0.568242981853497
"AC093673.2",0.799705665670321
"AC093698.1",0.579442632222643
"AC093871.1",0.315486343084456
"AC094104.2",1.82429611279191
"AC095057.3",1.82474203816914
"AC096536.1",1.59075800201586
"AC096638.1",0.426419352318842
"AC096720.2",1.69700352476316
"AC097359.2",1.54888593473828
"AC097359.3",0.377082118774621
"AC097523.1",0.717563061843904
"AC097533.1",0.922190575722588
"AC097534.1",0.717677336545654
"AC097534.2",2.05635367784381
"AC098476.1",1.31140134468637
"AC098583.1",2.66726991398153
"AC098590.1",0.483664048177726
"AC098828.2",0.652495871993681
"AC099063.4",0.78406518407583
"AC099398.1",1.06133870583775
"AC099518.6",1.14660047006112
"AC099521.1",0.871100282182638
"AC099850.2",2.07497467860131
"AC100771.1",0.349453953267881
"AC100812.1",1.4189157217941
"AC100821.2",0.537187931945533
"AC100847.1",1.94073403605328
"AC102953.1",0.631090927109418
"AC103724.4",0.959595812884912
"AC103798.2",0.530604487998358
"AC103810.1",0.884253860529977
"AC104058.1",1.63526133300511
"AC104066.1",0.98179138397461
"AC104071.1",0.575374560025754
"AC104117.3",0.900094702472234
"AC104117.4",0.239191509467876
"AC104117.5",0.504548827778876
"AC104306.1",1.06644870655948
"AC104339.1",0.356621505124415
"AC104521.1",0.775633538022821
"AC104561.3",0.552431185923688
"AC104581.1",0.384988801803342
"AC104653.1",0.787177618779234
"AC104653.2",1.11975767464869
"AC105020.2",1.12081484606663
"AC105129.2",0.312943051140678
"AC105206.2",2.07053026207605
"AC105398.1",0.346968135204092
"AC105760.1",0.534098036863702
"AC106028.5",1.01843258174961
"AC106053.1",0.272190952860301
"AC106789.1",0.285409548661116
"AC106795.1",0.488723432632343
"AC106799.3",0.687993541977829
"AC106822.1",1.32646983070188
"AC106872.2",1.6291667241753
"AC106872.8",0.971392084064189
"AC107027.1",0.376748115150685
"AC107294.1",2.92319287174778
"AC108025.2",1.51998780688426
"AC108479.1",1.17751815089485
"AC108693.2",0.374884667863958
"AC108704.1",1.00043720097165
"AC108860.2",0.748579882808952
"AC109347.1",1.34108027018255
"AC109347.2",0.974476971397649
"AC109454.2",1.52371131209893
"AC109583.2",3.29306363025645
"AC110285.5",0.675029737585775
"AC110597.1",1.08217666376331
"AC112187.3",0.746873706403207
"AC112484.3",1.80430662951755
"AC112715.1",0.46566669968758
"AC112907.2",2.30633163759857
"AC113145.1",0.470613035888235
"AC114341.1",0.384440924968339
"AC114491.1",1.59017782105352
"AC114814.3",0.417130449897022
"AC114928.1",2.40550405336503
"AC114947.2",1.51141910248502
"AC115284.2",2.30977585478017
"AC116407.1",0.687153275750159
"AC116614.1",1.642298656346
"AC117394.1",1.16205528251933
"AC117490.1",1.28391454844958
"AC117500.3",1.38340873708107
"AC117500.5",1.82293053303853
"AC118282.4",1.82381136922527
"AC118553.1",0.754100322828343
"AC118658.1",2.02567288909777
"AC119403.1",1.06640019459208
"AC119751.2",0.852806352882125
"AC119751.3",0.432392667169904
"AC119751.4",2.14196421690407
"AC119751.5",1.48346724417016
"AC120042.1",1.17394270446187
"AC121247.1",0.746810802966581
"AC121333.1",0.674841613828242
"AC122710.3",0.570209864061267
"AC122713.2",1.15131896458403
"AC123595.1",0.545017869629828
"AC124016.1",1.15099580392013
"AC124798.1",3.51914450592524
"AC124916.1",1.23166021750187
"AC124947.2",1.47322213043882
"AC125257.1",4.43147491053797
"AC125494.2",2.70742414334357
"AC125603.4",1.12749103068159
"AC125604.1",0.705657484319512
"AC126175.1",1.06078555924034
"AC126474.1",0.739788973704415
"AC126755.3",0.44154213112085
"AC126763.1",0.919519233869732
"AC126768.3",4.82600576843035
"AC127002.1",0.720496160719312
"AC127024.1",0.830957254810509
"AC127496.5",1.60423047815917
"AC127537.1",1.14056599147517
"AC128657.1",0.353724996766109
"AC128713.1",0.33839172565321
"AC130343.2",0.301501626375397
"AC130710.1",1.8604169379071
"AC131212.1",0.675128924321222
"AC131235.1",3.30344648452175
"AC131935.2",0.613991735471624
"AC134878.1",0.545143006451509
"AC135012.1",0.905734547702581
"AC135178.5",4.23769925311889
"AC135178.6",0.516802403684837
"AC135388.1",0.886479213410963
"AC135776.4",1.36010841617209
"AC135977.1",1.62453410814432
"AC136443.3",0.502239196223147
"AC136604.3",0.637822391248946
"AC136632.1",4.48276016327476
"AC136944.2",2.79337682442701
"AC137590.2",0.304167620573907
"AC137630.3",2.33678027903655
"AC137695.1",0.442753393142028
"AC137723.1",1.19939321245608
"AC137767.1",2.46417590603411
"AC137768.1",0.344873987527902
"AC138356.1",1.95163773070705
"AC138356.3",0.641047102164517
"AC138907.10",0.945514189302388
"AC138907.8",1.09451865523497
"AC138907.9",1.00583504899876
"AC138965.3",0.511138999578801
"AC140113.3",0.609560953784372
"AC144450.1",1.31076453832062
"AC145098.2",1.5438999777068
"AC147876.1",0.399756083753148
"AC209154.2",0.873420489128662
"AC233263.6",1.12550045670002
"AC233266.2",0.308541676605939
"AC233279.1",0.638010201652275
"AC233280.2",0.254869711295085
"AC234782.2",1.26291933760269
"AC234782.5",0.495251809887058
"AC234783.1",4.4120619520351
"AC234917.1",0.331490806634086
"AC237221.2",0.476704902434467
"AC239799.2",2.12363330403263
"AC239800.2",0.734474829230274
"AC239868.2",4.26491787010639
"AC243830.2",1.09849485177519
"AC243967.3",1.6122172236384
"AC244255.1",1.09553041111019
"AC244452.3",2.32021454478652
"AC245008.1",0.60340887672687
"AC245060.5",3.31529181343812
"AC245060.6",2.45589849391183
"AC245100.3",0.638419088117101
"AC246787.1",4.37938650645718
"AC246817.2",0.730064459695936
"AC253536.4",0.310437668455989
"ACACA",2.44631094202037
"ACAT1",3.25854933849801
"ACAT2",3.27653845859121
"ACBD7",2.00874915214358
"ACKR3",1.53091633345985
"ACLY",4.70662160769266
"ACOT7",2.09316293324509
"ACOT9",2.00978538541502
"ACSL1",1.29036716041546
"ACTBP11",0.280005124732967
"ACTG1P15",0.642840472249332
"ACTG1P24",0.411837818438325
"ACTR1A",3.62769773112662
"ACTR3B",1.88834791180475
"ADA",0.961685821521153
"ADAM23",0.604986286276182
"ADAMTS4",4.0254766215115
"ADCY10P1",1.30820747225032
"ADD2",2.34469846295589
"ADH5P2",0.324354213707042
"ADH5P4",0.836260876615696
"ADK",0.82719859212111
"AES",5.21705457227187
"AF111169.2",0.89625430784422
"AF129075.2",0.714493173747325
"AF131216.5",0.670017808748038
"AF186192.3",0.443030034450856
"AF250324.1",0.422888513274281
"AGER",3.24248874470159
"AGPAT1",1.85524628904936
"AGT",1.75808982284363
"AHCY",2.98386054668512
"AIFM1",4.18646545598659
"AIFM2",2.02962858683994
"AIP",4.19290008975869
"AJM1",2.47570546141748
"AJUBA",0.466367509303148
"AK4P4",0.280589358558124
"AKAP7",0.861051659252911
"AKAP8P1",1.0039410374815
"AKR1A1",3.63537701873475
"AKR1B10P2",0.37587045082718
"AKR1C2",0.93567943659811
"AKR1C3",0.77821388733177
"AL008635.1",0.939446629666393
"AL008638.5",0.585549505525114
"AL008718.2",0.447706008711153
"AL008721.1",0.937071598701478
"AL009176.1",0.258192719953079
"AL009181.1",0.629139162517549
"AL021068.1",2.11428491106451
"AL021408.2",0.363722433992179
"AL021937.4",0.888504512549687
"AL021997.1",0.413984129577303
"AL022316.1",0.54426647435453
"AL022324.3",1.98342341920332
"AL022326.1",0.664148893823759
"AL023773.1",0.246032681216657
"AL023806.3",1.3171037584399
"AL023881.1",0.968979276348816
"AL024474.1",0.321883164468769
"AL024507.2",1.44656227872748
"AL031008.1",1.32892223576555
"AL031121.1",0.447827160275268
"AL031123.2",1.33309209008553
"AL031283.1",1.12653004813628
"AL031679.1",0.356852961423231
"AL031773.1",0.347734837904564
"AL031777.1",2.19311094792142
"AL031864.2",0.252456958380467
"AL034346.1",0.61227658668437
"AL034379.1",1.42132846730954
"AL034548.1",0.774070561589381
"AL035411.1",4.23311647959836
"AL035414.1",0.305789437606384
"AL035420.2",0.686626269294808
"AL035458.2",0.749435053028711
"AL049597.1",0.684047228772182
"AL049597.2",0.353506567242009
"AL049637.2",0.924065290746682
"AL049780.3",0.40194300765249
"AL049838.1",3.26987672746223
"AL049871.1",3.38239444016332
"AL049873.1",4.71818176372998
"AL079352.1",0.225614788911255
"AL080243.2",3.99918802382925
"AL096711.1",0.933260194743394
"AL096828.3",0.53726089476712
"AL109615.3",0.727256614413773
"AL109618.1",0.805002783693024
"AL109659.3",0.503974660522334
"AL109917.1",1.52913806573767
"AL109918.2",0.595230441639582
"AL109936.2",0.772692492954636
"AL110115.2",0.460931734589969
"AL118505.1",1.6362875059279
"AL121583.1",0.785637772694475
"AL121652.1",0.734357245215673
"AL121656.1",0.316611312780813
"AL121761.1",0.519308779899659
"AL121761.2",0.779390885317846
"AL121782.1",0.820925584028045
"AL121890.2",0.694972693881398
"AL121890.5",1.28508514440612
"AL121950.1",1.40462405646959
"AL121956.4",0.339933550706109
"AL121990.1",0.460427244184246
"AL132642.2",0.816236642190657
"AL132709.1",0.320361650056863
"AL133163.3",1.39651513802429
"AL133245.1",1.80695551550722
"AL133270.1",0.522111301076642
"AL133325.2",0.637213094483963
"AL133338.1",1.75698803939299
"AL135786.1",0.487236238185402
"AL135924.2",1.18170338358388
"AL136038.3",1.00503988587102
"AL136038.5",1.93727876932338
"AL136116.3",0.718746509355013
"AL136126.1",1.82001845505644
"AL136139.1",0.217518763119847
"AL136141.1",2.09666729041251
"AL136172.1",0.534284427734654
"AL136301.1",0.295254730428123
"AL137002.2",0.6413738728198
"AL137783.1",1.34034110097312
"AL137784.3",1.10474375562651
"AL138756.1",2.07496122330336
"AL138781.2",0.30342054985787
"AL138831.1",1.3239553271693
"AL138831.2",0.659563222904059
"AL138831.3",2.3497856877417
"AL138995.1",0.57564535727371
"AL139008.1",1.00714616338339
"AL139094.1",0.526869426916699
"AL139125.2",0.6151392131322
"AL139130.1",0.906814500089405
"AL139246.3",0.521461105980371
"AL139254.3",0.300353046107452
"AL139274.2",0.778671821248677
"AL139384.2",1.01759753115313
"AL139413.1",0.351769098319185
"AL139424.2",1.65691285215239
"AL139424.3",3.15581918712983
"AL157394.1",0.513829823122676
"AL157414.3",0.425412377174375
"AL157713.1",0.558111006856087
"AL157777.1",1.10846111802909
"AL157935.1",0.79604587377084
"AL158063.1",0.792272963205245
"AL158801.5",0.626168642626463
"AL159169.3",1.03852675022147
"AL160275.2",0.376640011043109
"AL160286.2",1.28521049404006
"AL161431.1",2.84650392163114
"AL161669.3",1.4903754012425
"AL161911.1",1.68267099609938
"AL161932.2",0.288641505868852
"AL162311.3",1.01554704924613
"AL162412.1",0.79870110411206
"AL162413.1",3.53488079304165
"AL162431.1",0.301648915419099
"AL162588.1",0.267940062301235
"AL353572.2",0.736965177516337
"AL353626.2",0.587805744979563
"AL353719.1",1.29261345362918
"AL353726.2",0.909183508099718
"AL353795.3",0.863053336920729
"AL353807.2",1.45746983351327
"AL354714.2",2.23170457044329
"AL354718.1",1.90211832860611
"AL354877.1",0.850110839578178
"AL355338.1",2.84978022783893
"AL355353.1",0.496093123226634
"AL355482.1",1.31714579919631
"AL355490.1",0.359101438029804
"AL356379.1",0.46762052896298
"AL357055.2",0.494361593835412
"AL357060.1",0.511597919138437
"AL357078.3",0.480713952681869
"AL357315.2",0.884902644457842
"AL357515.1",0.77889691547447
"AL358613.2",0.236780245916597
"AL358942.1",1.11807021077993
"AL359504.2",3.44829190338754
"AL359641.1",0.654691298948605
"AL359711.2",0.431505190713874
"AL359715.3",1.12503137405767
"AL359752.1",2.71020237948504
"AL359837.1",0.548587618304447
"AL359878.1",1.11844082704696
"AL359885.1",0.467622830428522
"AL360181.4",0.270739648510085
"AL360270.3",0.614772919579449
"AL365181.1",1.65381619737438
"AL365181.4",0.542493615488859
"AL365204.2",1.48647052878401
"AL365205.1",0.486085571718127
"AL365356.5",0.540268810731663
"AL365366.1",0.779139218947199
"AL390037.1",0.924345060450837
"AL390195.2",2.74719353276608
"AL391069.3",2.19836134145273
"AL391294.1",0.950692523186116
"AL391834.2",2.06524606261707
"AL391987.4",0.700928006070312
"AL441992.1",0.508872869818382
"AL442128.2",2.22055571995645
"AL442663.4",3.16375687300965
"AL445235.1",0.743296828475107
"AL445670.1",0.234483266227817
"AL445991.1",0.693405910009547
"AL450313.1",0.725511582291523
"AL450326.2",0.34392859212034
"AL450990.1",0.320793937240883
"AL451064.1",2.15309874045614
"AL451081.2",0.446432628528188
"AL451142.1",0.328488185008307
"AL512274.1",0.612796347030164
"AL512378.1",1.25199557953093
"AL512594.1",1.08074441495945
"AL512604.3",0.471641031994292
"AL512625.1",1.74712867384389
"AL512844.1",0.455058370823602
"AL513165.1",5.84844895917566
"AL513210.1",3.18822301365013
"AL513497.1",2.93884928371202
"AL513534.1",3.74070806444735
"AL583810.2",1.63179362136
"AL583856.1",0.469704295281984
"AL589666.2",1.00564997777264
"AL589743.3",0.473361584122688
"AL589743.6",2.5219870999715
"AL589765.6",1.04757062213597
"AL589765.7",0.345760484561029
"AL589987.1",0.448380134125914
"AL589994.1",0.339348669270074
"AL590004.2",0.328446496123234
"AL590065.1",1.30202373938255
"AL590094.1",0.918802975351962
"AL590139.1",3.40314179941072
"AL590235.1",3.17598247432657
"AL590235.2",0.613121941163344
"AL590552.1",1.96412082317062
"AL590560.3",0.592691707231479
"AL590762.2",0.501071929478299
"AL590762.3",1.97643208367922
"AL591122.1",0.501228466709898
"AL591163.1",3.92323766490262
"AL591499.1",0.884988076801931
"AL591503.1",1.88581804055466
"AL591848.3",0.740332868039594
"AL591926.3",0.476975808620087
"AL591926.6",0.274413825942192
"AL591926.7",0.539098737044092
"AL592071.1",0.926047464577391
"AL592424.1",1.50312995251713
"AL596325.1",0.907894373649337
"AL603750.1",2.61482968115347
"AL603766.1",1.33723748057475
"AL606534.5",1.52539920570211
"AL627223.1",0.391618069739956
"AL627230.1",1.07354178580187
"AL627230.4",2.75262916205796
"AL645929.1",0.294749621895195
"AL645937.2",0.617785990089486
"AL669983.1",0.25988374256636
"AL672207.1",1.20085536017351
"AL683813.2",0.279455190949854
"AL691403.2",0.452929177677569
"AL713866.1",0.995018488563079
"AL731563.3",2.06811024915744
"AL732292.2",1.31247887567162
"AL805961.2",0.862521640967156
"AL845472.1",1.23863972529431
"AL935212.1",0.723344432512854
"ALCAM",1.30336016405505
"ALDH1B1",5.37323991701381
"ALDH3A1",0.658441601938478
"ALDH7A1",2.60459005474135
"ALDOA",6.5127806797974
"ALG1L9P",1.19566256870853
"ALKAL2",0.686578238357627
"ALKBH5",4.10623486288253
"ALKBH7",4.00090720592804
"ALPK2",1.43252835892792
"AMD1P4",1.0150186889974
"AMER1",2.83470912625431
"AMMECR1",0.989371952617171
"ANAPC11",4.45722645215669
"ANAPC15",1.96644879691203
"ANKRD16",1.84077026686436
"ANKRD18B",1.83339663775525
"ANKRD26",1.7780899947162
"ANP32A",4.92878528161063
"ANP32BP1",1.38843079688623
"ANXA2P2",0.424556452649827
"ANXA6",3.73517750837895
"AP000221.1",0.279552456064687
"AP000253.1",1.06407260614479
"AP000265.1",1.16950254396318
"AP000343.1",0.495208249984179
"AP000350.6",1.31418316416149
"AP000357.1",0.295766230040817
"AP000432.2",1.85606243494359
"AP000542.2",2.22819353445671
"AP000542.3",1.7132668056297
"AP000568.1",0.574141390715661
"AP000720.2",0.475978796043846
"AP000808.2",0.72520926219726
"AP000894.4",2.15857791424398
"AP000944.1",1.44592526393111
"AP001059.3",0.53858524406761
"AP001065.1",0.591290380171228
"AP001264.1",0.265483609482041
"AP001267.2",1.67008868279651
"AP001347.1",1.4942678212473
"AP001476.1",0.823662710878101
"AP001505.1",4.72200430286474
"AP001542.3",2.49701566607961
"AP001630.1",0.318072162020789
"AP001816.1",2.54150104149187
"AP002373.2",0.264357581005118
"AP002761.1",0.831186846875924
"AP002852.1",0.58379752510405
"AP002906.1",0.281484011077709
"AP002982.1",0.610532642877688
"AP003041.1",0.841053965984288
"AP003072.4",0.342776406476103
"AP003119.3",3.81028328151388
"AP003122.2",0.775852184774732
"AP003392.5",1.34744329193048
"AP003499.2",3.00844266966777
"AP003548.1",0.629846235193532
"AP003717.2",0.527466379707054
"AP003721.4",0.323238829036789
"AP003969.2",0.824753163979746
"AP005212.1",0.317328537763035
"AP005432.2",1.01682093904655
"AP005671.1",0.272505522107002
"AP006287.1",0.339264200906194
"AP3M2",3.11090742202384
"AP3S1",1.61738555069139
"APBA2",1.49960597426173
"APELA",2.89028951031685
"APEX2",4.17728186799078
"APLN",1.73640742146063
"APOF",0.55132166825447
"APOL4",2.00909957614219
"APOO",1.48753052778934
"APRT",5.70007790893441
"AQP3",1.12475806490324
"AQP7",0.709148768333855
"ARAF",4.31563686602583
"ARHGAP27P2",0.58317982575227
"ARHGAP39",1.29377390051015
"ARHGAP42P4",0.946369902546294
"ARHGDIG",1.28724824704401
"ARHGEF39",1.80170731800874
"ARID4A",2.25173389875315
"ARL14EP",3.38279792484245
"ARL3",2.48044292348903
"ARL4D",3.28810187398528
"ARL5AP1",0.298794873854372
"ARMC10P1",1.83311420125825
"ARMC12",1.19425327323788
"ARMCX1",5.82038940467041
"ARMCX6",4.65311391628956
"ARRB2",4.45673472887343
"ARRDC4",3.87965811421113
"ART5",0.505923572414469
"ARVCF",2.55517105419881
"ARX",1.06487750430083
"ASB13",2.89937414399649
"ASB9",1.39809851825145
"ASCL1",6.57456913956166
"ASNA1",4.73962201285902
"ASRGL1",0.79753568136737
"ASS1",1.05331786678104
"ATCAY",1.28696615643093
"ATOX1",1.61691080868547
"ATP1A2",1.181823771361
"ATP1B2",4.16075479959749
"ATP23",1.80729498612103
"ATP2B3",0.518376453491732
"ATP5F1A",5.16596809245648
"ATP5F1B",9.05168280003138
"ATP5F1C",4.67752396224133
"ATP5F1CP1",0.641086823106866
"ATP5F1D",5.87158229033774
"ATP5F1E",5.86706092111499
"ATP5IF1",4.44560535002446
"ATP5MC1P1",0.791347448607748
"ATP5MC1P3",0.399981712162457
"ATP5MC2",3.78288949972065
"ATP5MC2P4",0.682882941069726
"ATP5MC3",5.81017105347643
"ATP5MD",4.0567408649575
"ATP5ME",4.68703024597499
"ATP5MG",3.11608537422784
"ATP5MPL",3.71640434687455
"ATP5PB",4.7340799249754
"ATP5PF",3.84163250929611
"ATP6AP1",6.34653941403026
"ATP6V1E2",1.39766222953102
"ATRX",2.1946653347368
"AURKAIP1",6.08751885968205
"AVPI1",1.99225162248309
"B3GALT5",0.618317263173016
"B3GLCT",0.758496360434645
"B3GNT4",0.671144349381907
"B4GAT1",6.31075157509196
"BAD",1.10283418189568
"BAG1",3.59611190953169
"BANF1",7.61271704986655
"BARX1",1.69617819054879
"BAZ1A",2.6262401662943
"BBC3",2.94816908848558
"BCAP31",4.2590032040897
"BCAS4",1.00561683888345
"BCL11A",1.63155916237911
"BCL2L12P1",0.544467743085236
"BCL7A",2.72323264933108
"BDH1",0.621482665534968
"BDH2",1.41026209759683
"BEST3",0.599955021133746
"BEX1",5.56989465255099
"BEX3",8.667701029563
"BIK",0.513914454457743
"BIRC5",4.35186930761066
"BLMH",2.24589190236101
"BLOC1S4",4.79659793308783
"BMP4",0.701729300145505
"BMP7",3.328588576708
"BMPR1APS2",1.61865141536881
"BNIP1",1.54998096904338
"BNIP3",4.02613701359545
"BNIP3P1",1.42249771464412
"BOD1",4.87510980029808
"BOLA2B",2.42345120939316
"BOLA2P3",0.621391382715738
"BOP1",3.27979304158585
"BORCS6",3.25562073163906
"BPGM",2.16244401771361
"BRMS1L",0.68561332481037
"BRSK2",1.76213264690439
"BST2",2.32348774945845
"BTBD2",3.24663584419577
"BTF3",7.44470368733463
"BTF3P4",0.471738500317477
"BTG1P1",0.521059277988559
"BTG2",7.2067489919191
"BTN3A2",3.86152847076348
"BX005266.2",0.612469984350581
"BX005266.3",0.707471271700214
"BX088651.4",1.03889764135376
"BX284613.1",0.263882863943402
"BX470102.1",0.391575947251093
"BX537318.2",0.674769941354928
"BYSL",3.6528999680212
"C10orf82",0.677340708093922
"C11orf42",1.06562373598538
"C11orf74",1.01446062440798
"C12orf10",4.59640595765117
"C12orf45",2.03058853435356
"C12orf57",5.19854221612645
"C12orf71",0.369591629303553
"C14orf37",0.583307070274239
"C14orf39",0.596096858474987
"C15orf39",3.27274288205114
"C15orf59",2.57888495238145
"C15orf59-AS1",0.932895470132735
"C15orf61",1.73232064822766
"C17orf58",3.11980181309053
"C18orf32",2.15518955424767
"C18orf65",0.820007658623923
"C19orf24",4.11959902277158
"C19orf25",1.81214649484128
"C19orf53",5.59013711726345
"C1GALT1C1",4.33186783022009
"C1GALT1P1",0.646716954382966
"C1QBP",4.74509663975387
"C1QTNF12",0.783706462997686
"C1QTNF4",0.53614555507994
"C1orf115",1.06360907220691
"C1orf122",4.4801086783453
"C1orf43",5.87938972522281
"C1orf61",4.98097108127992
"C20orf196",0.558304592834511
"C20orf27",3.75863245842289
"C20orf96",3.70325710920395
"C2CD2L",2.86160589242717
"C2CD4D",1.19171447789502
"C2orf40",0.947152575841035
"C2orf72",2.76135053196871
"C2orf80",2.06864713969138
"C4BPB",0.667560890705192
"C4orf48",3.41295501362417
"C5AR2",1.04019477638485
"C5orf38",2.87519854847985
"C6orf118",0.545637821637985
"C6orf141",0.887682551148659
"C7orf50",1.70925205715086
"C8orf46",1.00268076711428
"C9orf116",1.14986736793869
"C9orf72",1.12283110123079
"CA14",5.20586458416392
"CA9",2.53902347529591
"CAAP1",1.45020585034616
"CABIN1",2.61101628827248
"CACNG4",2.159807868184
"CALHM2",1.76051652859999
"CAMKK1",0.972559844305022
"CAMKK2",2.92449134632587
"CAMKV",2.19302273062685
"CAMLG",3.60973140709782
"CAMSAP3",0.784875382821266
"CASK",1.01954241468001
"CASP16P",0.646459619705776
"CASP6",2.05400958485184
"CBFA2T3",0.856251323127933
"CBLN1",1.75207212848586
"CCDC107",1.91326905352029
"CCDC112",2.21833230774089
"CCDC124",3.53193081114793
"CCDC167",2.17867446652207
"CCDC188",2.94514852349273
"CCDC194",0.493749716395957
"CCDC28B",3.34750508245401
"CCDC32",0.808448871315825
"CCDC34",2.19743407011013
"CCDC8",0.633692248062419
"CCDC80",3.63180320580702
"CCDC85B",5.00652445339013
"CCDC88A",1.28240602654877
"CCDC88B",0.909563072902615
"CCDC88C",1.23041945562667
"CCL16",0.777534681379567
"CCNB1",4.48596900965777
"CCNB2",3.19651487278089
"CCND2",3.4753859992754
"CCNE1",2.09161238365331
"CCNG1",4.86283987677003
"CCNJL",1.23395151838132
"CCNQ",3.03473335582879
"CCR4",0.905225920590773
"CCT4P2",0.832502453949485
"CCT6P2",0.465727979573925
"CCT8",5.39530888910042
"CD24",6.80679518474275
"CD320",5.1307415809623
"CD7",0.445003146092576
"CD79A",0.343244891171007
"CD99L2",2.30778028698294
"CDC123",3.13605616049875
"CDC20",4.94359398752858
"CDC25C",0.789221202869967
"CDC34",3.95960023799386
"CDCA4P1",1.54137302327639
"CDK16",5.77458930247352
"CDK18",2.35982083677026
"CDK2AP2P2",0.803128050584373
"CDK5",4.46396130015882
"CDK5R1",4.15645180300023
"CDK7P1",0.510562612564783
"CDK8",0.887186373708504
"CDK8P2",0.473704229545062
"CDKN1C",3.86517815082241
"CDKN2AIPNL",3.23862518540463
"CDRT15L2",0.437930318646472
"CEACAMP7",0.289654142710512
"CEL",0.612216842951627
"CENPE",1.17907455216097
"CENPV",1.51453296348772
"CES2",2.96928360624113
"CES3",1.54127874585506
"CETN2",6.16663421602195
"CFAP36",3.87727102809812
"CFAP58-AS1",1.36730094928291
"CFH",0.873383159550276
"CHADL",2.25894985899571
"CHCHD1",5.22031447329402
"CHCHD2",6.97782862451632
"CHCHD2P3",0.341266106425154
"CHCHD2P9",0.749410779484341
"CHCHD5",3.85798197927495
"CHCHD6",0.874027136522557
"CHD1L",0.605007408165811
"CHIC1",0.682901909296191
"CHRD",0.654866470813971
"CHRM4",0.754418897309901
"CHST7",1.42219548029538
"CIAPIN1",4.1523701173543
"CIART",2.53312649008565
"CIB1",4.60748155282516
"CISD1",2.98134872728546
"CISD3",3.74819900960541
"CISH",1.80690373019929
"CITED1",1.14199990030503
"CKB",6.99379451582244
"CKS2",5.20828392864729
"CLEC11A",2.47302933440092
"CLEC18A",0.513871777866383
"CLEC4F",0.636181372462212
"CLK3",2.36363973541597
"CLNS1A",2.3663711386456
"CLPP",3.93078851148633
"CLTA",2.57075972972243
"CLUH",3.96264350179186
"CMBL",2.70519613014172
"CMC2",2.41772299918555
"CMKLR1",0.740569049184264
"CMPK2",0.453195170732346
"CMSS1",0.871872831148653
"CNOT4P1",0.219105512802754
"CNOT6",2.35410204020436
"CNOT6LP1",0.620363425548861
"CNOT8",3.61116332955297
"COA3",4.84109406064193
"COA6",3.62205742539645
"COBLL1",0.915350464918488
"COL1A2",5.01692881847432
"COL20A1",2.42190053316645
"COLCA1",0.867970018336368
"COMMD6",2.84553984318283
"COPE",2.98947704711689
"COPRS",4.29116823564291
"COPS9",3.04396998699968
"COPZ1",3.56219113588497
"COQ3",1.51487925229213
"COQ8A",2.43030513543974
"COTL1",4.09715359285976
"COX4I1",7.17185162099384
"COX5A",4.09467713341973
"COX5B",6.08667497432051
"COX6A1",3.12239117234785
"COX6B1",5.30952646794759
"COX6C",3.54810414914889
"COX7A2",3.97166676942632
"COX7A2L",2.27119249518552
"COX7B",4.43649474745324
"COX7C",7.01783607198665
"CPAMD8",1.2297808364619
"CPE",1.34550821871953
"CPSF1P1",2.33911247952648
"CR382287.2",0.748676436467058
"CR769775.1",1.05838017207619
"CR769775.4",1.32934849186988
"CR848007.3",0.252374649431417
"CRABP2",2.75473059416363
"CREG2",0.71472453114343
"CRIP1P2",0.204967511380953
"CRMP1",3.42475397722373
"CRYM",1.31615936419053
"CS",5.92316506568218
"CSK",3.65233723843525
"CSPG5",3.6704991177512
"CTBP2P1",0.583494475959436
"CTDNEP1",3.39554517471622
"CTDP1",0.795689810498976
"CTHRC1P1",0.243628462972712
"CTNNBL1",1.88468125896775
"CTSS",0.638691967421658
"CTSV",0.712634099920178
"CTSW",0.505730274846893
"CTSZ",0.598418420764336
"CTXN1",5.00681720888964
"CUEDC2",4.60049023675173
"CUL4B",4.10928234351565
"CUTA",6.8964072318875
"CXCR4",1.23424756608161
"CXorf38",2.46568206435331
"CXorf40A",1.91029967292161
"CXorf40B",2.88332730244778
"CXorf56",2.61914165787955
"CXorf57",1.36279129855862
"CYB5A",1.1303751563073
"CYC1",5.88460081854116
"CYFIP2",0.758925651112521
"CYP2E1",0.705489652651802
"CYP2W1",0.736833048570765
"CYP4F26P",1.69784607579517
"CYP51A1P1",0.506140895681323
"DANCR",4.87292638605528
"DANT2",2.49202736092007
"DAP3P2",0.421857236211747
"DAPK1",0.682604728307879
"DARS-AS1",0.698300284639955
"DBI",6.35675398813913
"DBN1",5.37427184754896
"DBP",2.39593291308451
"DCAF13P1",0.462181759684156
"DCPS",0.985150195708913
"DCTN3",5.04547391095166
"DDIT4",5.07657107499811
"DDT",1.29493057571569
"DDX39BP2",0.472918177464663
"DDX41",5.24117996158209
"DDX54",3.22704418278369
"DDX55P1",1.08614920232773
"DECR2",2.63215527654951
"DEDD2",2.44075354497296
"DESI1",4.38023648457437
"DHRSX",0.658428366453704
"DKC1",6.51236099731903
"DLK2",2.08677801463927
"DLL1",2.03468587282227
"DLL3",3.57022695713882
"DLX2-AS1",1.27275260425678
"DLX5",7.01488935024085
"DMRT2",2.50240454439475
"DMRT3",1.65518213962123
"DNAH11",0.818382260511615
"DNAJB1",5.09233611139745
"DNAJC1",0.761838603236552
"DNAJC12",1.29870835116913
"DNAJC18",1.82951088961506
"DNAJC22",2.49731803323173
"DNAJC28",1.25356259464702
"DNASE1L2",2.16452419652235
"DND1P1",0.857773929378106
"DNM1P35",1.17365143847025
"DNMT3B",0.948336076835509
"DOC2B",0.591768549548929
"DOC2GP",0.404765758421162
"DOHH",2.36541093484773
"DOLPP1",3.05436909330375
"DOPEY2",1.06502822919331
"DPH5",2.57055070017047
"DPM3",5.3417156501264
"DPP3",2.04803972008659
"DPPA4",0.740315568092589
"DPT",0.418036320071921
"DPY30",1.31273945826713
"DPYSL5",3.61320423753492
"DTD1",1.19673746825617
"DTNBP1",1.26664745309836
"DUS2",1.18097700435745
"DUSP14",3.44686117746577
"DUSP22",1.4864307428111
"DUSP26",1.34127549411443
"DUSP9",2.15323768497639
"DYNC1I1",0.7812095426776
"DYNC1I2P1",2.46619075025121
"DYNLL1",4.48576366851337
"DYNLL1P3",0.362773737592063
"DYNLT3P2",0.839039518372822
"DYRK1B",3.88181003307963
"DYRK3",2.52149463686922
"EBP",4.0477596681877
"EBPL",2.24671245228999
"ECEL1",0.571437760163246
"ECHS1",4.05696358350382
"ECSIT",2.99895999049022
"EDF1",6.64696366700069
"EDRF1",1.19266793939736
"EEF1A1",10.6742684717486
"EEF1A1P1",1.72609736485225
"EEF1A1P12",5.35121643326172
"EEF1A1P13",2.36236650798808
"EEF1A1P22",0.859365622027872
"EEF1A1P24",0.607276858224307
"EEF1A1P33",0.561767348926648
"EEF1A1P5",7.08104690605167
"EEF1A1P9",3.41789761067145
"EEF1B2",8.20670652634987
"EEF1E1P1",0.537509495679885
"EEF1GP3",0.342371576181268
"EEF1GP5",0.621379431639324
"EEF1GP7",0.540737859380735
"EEF2",9.92595791963645
"EFNB1",3.35422323921468
"EHD3",2.17541884216985
"EIF1P3",0.379707830089253
"EIF2B3",1.25413904087076
"EIF2B4",4.06257514530211
"EIF2S3",5.24758263631644
"EIF3B",5.99670469660511
"EIF3E",2.47806649856074
"EIF3F",4.04664863733301
"EIF3FP3",4.11081565125061
"EIF3G",6.46670573671765
"EIF3H",3.22296885810857
"EIF3I",5.63598527762431
"EIF3J",4.42650405042217
"EIF3K",4.36073803723976
"EIF4A1P4",0.648160746236674
"EIF4A1P5",0.420632817454288
"EIF4A1P6",0.267571864452552
"EIF4A1P9",0.261143258705503
"EIF4A2P3",0.810674103823166
"EIF5A",5.91817854557498
"EIF5AL1",2.39260633516401
"ELAC2",4.00633764262867
"ELAVL3",1.17476930212233
"ELK1",3.75542236589861
"ELOB",4.32787806577052
"ELOBP2",0.322852730997033
"ELOCP2",1.05865273529343
"ELOF1",4.79406682404279
"EMC10",2.30841818654745
"EMC9",3.35604871967477
"EMD",6.66537299515559
"EMG1",2.62320221618092
"EMID1",1.60119034615554
"EML2",1.06594729467039
"ENDOG",2.06594917910644
"ENHO",1.18998914660276
"ENO1",7.82612099871567
"ENPP1",0.571847513003606
"ENPP4",0.5271952486092
"EPB41",1.53582592373813
"EPB41L3",0.878838956228688
"EPHA4",0.914533350400529
"EPHB3",4.35228675780226
"EPO",0.483613638483079
"EPOP",4.78723472815913
"ERGIC1",2.75375269301154
"ERICH2",1.02337808386804
"ERVK-28",0.327805906024819
"ESF1",2.99171565445536
"ESPN",0.51605771234739
"ESRRA",3.28974733097651
"ETFA",2.40575399143391
"ETHE1",1.64176795643608
"ETS2",2.06525624057574
"ETV2",1.38168304284853
"EVX2",0.654741584354162
"EXOSC4",4.97481350665058
"EXPH5",0.677382131485541
"F12",2.23328404598807
"FABP6",1.29606894137169
"FABP7",5.94501269753835
"FADS2",4.45895382242538
"FAIM2",0.826216506005315
"FALEC",1.66320408678565
"FAM104B",2.8801023068401
"FAM110A",1.6481190726769
"FAM110B",0.817130808504323
"FAM111A-DT",1.28897538687605
"FAM117B",1.74682550341312
"FAM120C",1.66107660868556
"FAM136A",5.48404846433915
"FAM149B1P1",0.332269955546742
"FAM162A",3.2675068328714
"FAM180B",0.416491312391389
"FAM189B",5.16725666703367
"FAM207BP",0.942061860602617
"FAM213A",0.580508298378703
"FAM218BP",0.40144507815181
"FAM220CP",0.814447658137437
"FAM221A",0.915037902035469
"FAM229B",2.34167553448471
"FAM241A",1.32489721334533
"FAM25E",0.291392741980863
"FAM27D1",0.877486961272514
"FAM32A",5.17644430790935
"FAM3A",4.17985539256641
"FAM43B",1.92860629049352
"FAM60CP",2.2069098861574
"FAM72A",0.468765590908859
"FAM78A",0.94000934392046
"FAM89B",3.23013768538897
"FAM90A1",1.22959930343197
"FAM96AP2",2.97533416167187
"FAM96B",5.19450621689617
"FAM98B",2.90198378457411
"FAR2",0.546452971534824
"FARSA",4.43009803111009
"FAU",7.46716699493912
"FAUP1",0.800776921025168
"FBL",6.24571974288619
"FBLIM1",0.790891852701082
"FBN2",0.923968109814163
"FBXL15",2.95159626834991
"FBXO10",0.742509622575234
"FBXO25",1.35663651948684
"FCHO1",0.600126483145099
"FCRLA",2.2662457232446
"FDFT1",5.46539367366513
"FDXR",2.40162465625908
"FERMT1",0.853166843527381
"FGD1",2.65679656654688
"FGF2",0.671158929125186
"FGF22",0.671258446966978
"FGF23",1.09316402876543
"FGFBP3",7.77247868445891
"FGFR2",1.31721907762104
"FGFR4",2.00897233151288
"FH",3.55097945733601
"FKBP1C",2.86636673410346
"FKBP7",3.64794098712659
"FKBP9P1",1.57531449089777
"FLAD1",4.7392323854123
"FLOT2",5.02610802402574
"FLYWCH2",2.27386898368475
"FMOD",1.28304486753096
"FMR1-AS1",0.769683084991562
"FNDC8",0.61046952267596
"FO538757.1",0.837996964507173
"FOS",7.5555065584221
"FOXA1",1.41850724300302
"FOXC2",1.14542985258416
"FOXL1",1.17632749288494
"FOXO4",2.34297005363282
"FOXO6",0.875009020144221
"FP671120.1",2.86235690869745
"FRAT1",2.72965201952236
"FRAT2",4.98460726996424
"FRRS1L",0.775987616198647
"FSCN1P1",0.633558468000612
"FSCN2",1.13015767760711
"FTH1P10",0.788066643535699
"FTH1P2",4.93422870611854
"FTSJ1",4.00560991049831
"FUNDC1",1.97457462662534
"FUNDC2",3.81316078975216
"FUNDC2P1",1.37484866167608
"FUT9",1.04159754241978
"FXR2",3.10063252159989
"FXYD6P2",0.261169436864218
"FZD2",4.68323759239862
"FZD9",2.94544071516765
"G6PD",4.54959703896438
"GABRQ",1.42572013556359
"GACAT3",1.59027432940743
"GADD45G",3.72333091712915
"GADD45GIP1",5.01130830606756
"GAL",0.532743144550338
"GAL3ST3",0.723256037087253
"GALM",1.37405867932977
"GALNT12",0.624025548073737
"GAP43",0.83131475186684
"GAPDH",10.5428124521546
"GAPDHP1",4.57259853781129
"GAPDHP16",0.299938397631706
"GAPDHP37",0.317737102370014
"GAPDHP63",0.77183820093594
"GAPDHP65",1.8045516783929
"GAS2",1.00789645193032
"GAS5",7.49308976599006
"GASAL1",0.613739229726575
"GATA2",0.714854584919021
"GCAT",3.41664008921311
"GCNA",0.642782611348578
"GDPD1",1.26413807462672
"GEMIN5",2.41957893418388
"GFRA1",0.482587107667133
"GFRA3",0.342075464282462
"GGCT",3.2599266411654
"GGN",1.13971677359443
"GGTA2P",0.771275204674371
"GIPC1",4.0357833194668
"GJA1",4.04002482664
"GJB1",1.57003883773613
"GKAP1",0.592816890958692
"GLCCI1",3.30919396093853
"GLDC",1.40161043352821
"GLRXP3",1.90149074695494
"GMPR",1.76122556202637
"GNB1L",1.29159156922428
"GNB2",5.8071973243526
"GNG5",4.70885404062426
"GNL3L",2.76148698511089
"GNMT",0.680126103475236
"GNPDA1",4.32882131324121
"GOLGA2P7",3.59286720120558
"GOLGA8R",0.879931469732216
"GOT2",4.76496643449161
"GPC2",4.69666680794898
"GPD1L",1.93399776053969
"GPHB5",0.618404655993543
"GPI",3.10173897925521
"GPLD1",0.718755216830765
"GPM6A",0.517353074980162
"GPR12",4.21498941415047
"GPR139",0.49875969809079
"GPR157",1.38765842459574
"GPR162",3.9301179025984
"GPR173",3.30291247262288
"GPR182",0.452974992061608
"GPR62",0.455291651031531
"GPR85",2.51279215696171
"GPR88",0.799901662505257
"GPR89B",0.597081206690268
"GPRIN1",1.79383153969564
"GPX1",6.77206315870971
"GRASP",3.02839640098077
"GRHL1",1.25666163998008
"GRHPR",4.56890626434776
"GRIA4",1.20776107833885
"GRIN2D",1.40049614855566
"GRIP2",2.07159115402911
"GRPEL1",4.56604968268485
"GRPEL2",0.784345815358041
"GSC",2.07336577777396
"GSR",2.97109169440974
"GSTO1",2.87378259626378
"GSTP1",7.12238391051828
"GTF2A2",1.21554029818166
"GTF2E2",1.70095569398518
"GTF2IP13",0.894795357967655
"GTF3A",4.68122806137683
"GTF3C6",3.99970308521424
"GTSE1-AS1",1.56363805804696
"H1FX",7.19439560624103
"H2AFJ",2.20540182123673
"H2AFZP2",0.429912625187851
"H2BFM",2.27771442264897
"H3F3A",7.27633525285951
"HADHA",5.25855021602099
"HADHAP2",0.485026459678551
"HAGH",3.03890271217261
"HARS",3.90641697027725
"HAUS1P2",0.253189540297953
"HAVCR1P1",0.424625278997417
"HBQ1",2.21685944212243
"HCAR1",0.892019061793547
"HCCS",3.48239771725356
"HCFC1R1",3.86891162334538
"HCG9",1.03722209082044
"HDAC11-AS1",0.625167476059009
"HDAC3",3.00612195264826
"HDDC2",2.80592549366934
"HDGFL2",3.30466766141524
"HDHD5",3.55408834497468
"HELLPAR",1.04082198585829
"HES7",4.39090519207763
"HFE",0.653503416969488
"HIGD1AP18",0.917469119821602
"HILS1",2.45659353474048
"HINT1",5.20875099956329
"HINT2",4.41300019207516
"HIPK1-AS1",0.95522938062866
"HIST1H1E",6.00869681382837
"HIST1H2BH",2.96347405263726
"HIST1H2BO",2.7500568007516
"HIST1H4G",0.397578617502717
"HIST3H2A",5.72388735478548
"HK2",2.63616162825851
"HLA-C",4.9492383019762
"HLA-S",0.499113477096566
"HLA-T",0.641674874914372
"HLA-Z",0.377589275171707
"HLX",0.898510836370818
"HMBS",3.99694326275008
"HMGA1P7",0.28916092516308
"HMGB1P1",0.504570436404014
"HMGB1P25",0.301485585285214
"HMGB1P27",0.23294076362072
"HMGB1P37",0.48472003434575
"HMGB1P40",0.381901288830927
"HMGB1P45",0.291826213631782
"HMGB3",5.73861346598252
"HMGB3P6",0.644048634710911
"HMGCS1",4.57006953016289
"HMGN1P17",0.276589797744464
"HMGN2",6.96414056626128
"HMGN2P17",1.35585517059162
"HMGN2P21",0.328775473385757
"HMGN2P22",0.453781720994511
"HMGN2P25",0.263046309148843
"HMGN2P31",0.518897651126994
"HMGN2P36",0.217963585518937
"HMGN3",3.28692075449237
"HMGN5",1.42125513996443
"HMOX2",2.24439163754886
"HMX1",2.34886443552674
"HMX2",0.598634476266892
"HMX3",3.22067441758768
"HNRNPA1L2",4.11181641734851
"HNRNPA1P1",1.00651380567518
"HNRNPA1P12",0.779480109732817
"HNRNPA1P27",0.36338160318777
"HNRNPA1P39",0.26985779978272
"HNRNPA1P4",1.35426853012429
"HNRNPA1P41",0.323686352969697
"HNRNPA1P48",1.18792290980052
"HNRNPA1P56",0.276946348852077
"HNRNPA1P60",0.328335465174326
"HNRNPA1P61",0.852577646366366
"HNRNPA1P63",0.381196690354072
"HNRNPA3P5",1.82925095612432
"HNRNPAB",5.19296067120211
"HNRNPC",5.43809938402233
"HNRNPDP1",0.304063249902349
"HNRNPH2",6.53636580945621
"HNRNPKP2",1.2499662703549
"HNRNPKP4",1.50490422973018
"HNRNPLP2",1.44438359370726
"HNRNPUP1",2.04221621034748
"HOMER3",2.84794870233648
"HOXA1",1.25008352900967
"HOXB13",1.62457289107611
"HOXD12",1.16099836852367
"HOXD13",6.67719971426395
"HPRT1",3.09018407601791
"HPS6",3.9159849092295
"HRAS",3.22898203604026
"HRASLS",1.52845584310033
"HS6ST1P1",0.350211485778153
"HSBP1L1",0.845394187836113
"HSD17B10",5.02305386096066
"HSD17B7",2.48790444138156
"HSD17B7P2",1.5978783303238
"HSP90AA5P",0.66559066860934
"HSP90AB3P",2.31362043981126
"HSPA1A",1.1678204494981
"HSPA1B",3.6466686021411
"HSPA8",9.6494374369159
"HSPB1",7.63324481230192
"HSPB1P1",1.52545247095465
"HSPB1P2",0.583893819634333
"HSPBP1",2.94670389958458
"HSPD1",6.83173648587423
"HSPD1P4",1.45930329715856
"HSPE1P4",2.637914575242
"HSPE1P6",0.417853638010506
"HTATSF1",6.16163589943469
"HTR1D",1.27202012784288
"ICA1",0.773965836341063
"ICA1L",0.874005364142482
"ICE2P1",0.238005157537038
"ID3",7.18558724280957
"IDH1",5.2916161860224
"IDH2",4.15443354101379
"IDH3G",5.23924585258549
"IER3-AS1",0.503360829503915
"IFNA20P",0.910390801553048
"IFT74",0.706799262544004
"IGBP1",3.15536359841391
"IGDCC3",1.56613646952466
"IGFBP2",5.25100806186402
"IGFBP6",1.25992094136655
"IGFLR1",0.483142061829363
"IGHMBP2",2.04599474348497
"IGKV1-6",0.409158217567036
"IGLV1-50",0.916791686971288
"IGSF9",3.06443265329013
"IL37",0.709253523619158
"ILDR2",0.739480095792403
"IMP3",3.38221576493541
"IMP4",6.20995981618146
"IMPDH1P5",0.834522748306588
"INAVA",1.4957542379543
"INSIG1",6.08942077182058
"INSM1",5.13707733694845
"INTS13",3.26051000741335
"IQSEC2",0.800174194638159
"IRAK1",7.12117501750983
"IRX1",1.97964816581291
"IRX3",3.70622448861605
"ISCA1P1",1.48514983998203
"ISCA1P4",0.770137705394431
"ISM2",0.533682820520165
"ISOC1",2.2969515321255
"ISOC2",2.95048663952623
"ITGAE",1.28831426121885
"ITPK1",1.1647426115206
"IVD",4.0780714671269
"IZUMO4",1.18565239703313
"JADE3",1.09652426552794
"JADRR",1.53742743216572
"JAK3",0.805130314787777
"JPT1",4.4847565702075
"JTB",6.53131581137013
"KANTR",1.96477637267176
"KARS",4.77139421208598
"KAT14",2.72435441943588
"KBTBD11",1.44960554223246
"KCNA3",0.686405271989563
"KCNA7",0.696484794409749
"KCNAB2",1.28857421463804
"KCNH2",1.60709368518806
"KCNIP2",0.835735427667093
"KCNIP2-AS1",0.976088174121191
"KCNIP3",1.34500506790236
"KCNJ9",0.418310231992033
"KCNK15",0.76287713689948
"KCNQ2",2.93495260878216
"KCNT2",0.891922056745043
"KCTD11",1.36389484328319
"KDM4B",1.84648728781162
"KDM6B",5.15568483246063
"KDM8",1.06889626655941
"KHK",1.89433709404836
"KIAA1191",4.38343821428441
"KIAA2013",4.5850654667745
"KIF20A",4.3396698453695
"KIF21A",3.17502249609697
"KIF26A",0.515530369113443
"KIF5C",3.24345670136147
"KISS1R",0.453707400100758
"KLF10",5.26828109313842
"KLF9",1.65905647056648
"KLHDC8A",6.34643493180408
"KLHL13",2.1168184826882
"KLHL25",1.90146135744971
"KLHL33",0.927029594443738
"KLHL35",0.544488030759334
"KPNA2",5.03128490572934
"KPNA2P2",0.891549817282011
"KPNA5",2.03563896012289
"KREMEN1",1.99388240489476
"KRT18P34",0.600149473472704
"KRT18P52",0.295684654786998
"KRT8P29",0.346085063533896
"KRTAP9-6",1.03793791674939
"KXD1",3.29586260467088
"KYAT1",1.67794824885132
"L29074.1",0.527011835428321
"L2HGDH",1.19579097045598
"LAG3",2.17507671255511
"LAGE3",4.94348289371728
"LAIR1",0.647521502609029
"LAMP5",2.29966556624784
"LAMTOR2",4.61918020640722
"LAMTOR4",4.97645316350794
"LAPTM4B",3.86696700494382
"LAS1L",3.6423538432989
"LBX1",1.63438941539318
"LBX1-AS1",0.711950464793593
"LCTL",0.957834780267714
"LDB1",4.76427265954808
"LDHA",7.73519199450101
"LDHAP5",0.291464587856358
"LDHB",5.21537108921044
"LDHBP1",1.28595990561629
"LDOC1",6.94652503467977
"LEMD1",1.02438420797388
"LEMD1-AS1",0.527635489379839
"LENG1",3.36164521587267
"LENG9",0.515183448669603
"LGALS1",7.51049357672871
"LGALS3BP",6.69473713527996
"LGMNP1",2.00371873555009
"LGR5",3.35111958185889
"LHB",0.446269840959753
"LIN7B",2.76956597583008
"LINC00323",0.596080408040424
"LINC00352",0.725826141938976
"LINC00354",0.299256071515057
"LINC00404",0.855559878142901
"LINC00415",0.216254122079238
"LINC00483",0.609142078310576
"LINC00506",1.11102143659234
"LINC00622",0.83865440913996
"LINC00652",1.15317048780344
"LINC00893",0.405478530543354
"LINC00895",0.841093698145935
"LINC00896",0.357849079804602
"LINC00942",0.652910645083006
"LINC00997",3.85863285301132
"LINC01012",0.739516784772752
"LINC01018",1.32237117847315
"LINC01023",2.84488726666317
"LINC01058",0.849009218240352
"LINC01063",1.52363650845209
"LINC01067",1.53916642641661
"LINC01136",0.764122168330069
"LINC01158",3.5065928391223
"LINC01181",1.01848466589555
"LINC01237",1.10108112917472
"LINC01268",1.59496328308533
"LINC01293",1.15983840847499
"LINC01315",2.59457834220732
"LINC01326",0.365029602801981
"LINC01560",4.50871530405383
"LINC01563",2.34846978363427
"LINC01578",0.760811079185638
"LINC01587",0.318549009347306
"LINC01649",0.371045347355599
"LINC01659",0.440817291855265
"LINC01666",1.12036795337865
"LINC01672",0.717716383084289
"LINC01694",1.65465170392012
"LINC01703",1.62627968613109
"LINC01761",1.45860443762622
"LINC01772",2.10454908843808
"LINC01778",0.832889646906038
"LINC01804",1.98930882926109
"LINC01873",2.70163116611448
"LINC01896",2.89837503493172
"LINC01960",0.226506966533402
"LINC01963",2.62295353563902
"LINC01976",1.13209603342995
"LINC01993",0.848894766052222
"LINC02019",1.28731952810036
"LINC02073",0.509725803182293
"LINC02078",1.07469097747229
"LINC02080",1.17748309831296
"LINC02108",0.788964001743635
"LINC02175",1.4246522858823
"LINC02245",1.02366152071703
"LINC02265",0.525397054121968
"LINC02458",0.527335506807741
"LINC02475",1.06880561877148
"LINC02487",0.922006608125495
"LINC02525",0.944156995939513
"LINC02576",1.00631620340619
"LINGO1",0.874032152061788
"LIPG",2.60928387412909
"LIPT2",1.23927222524098
"LMO1",1.79941005175511
"LNCPRESS1",0.618721486084801
"LOXL1",3.7073925517222
"LOXL1-AS1",1.27461840289692
"LPAR4",2.83688935229636
"LPCAT2",0.603448368622274
"LRCOL1",1.37774737986712
"LRFN1",1.96199887788978
"LRIG3",1.34839816956014
"LRRC10B",0.946178636843998
"LRRC20",1.61987364447428
"LRRC37A7P",1.00108967679033
"LRRC75A-AS1",4.13980231206479
"LRRN2",0.755658052644838
"LSM10",3.67380105835491
"LSM2",3.5213624120243
"LSM4",3.92730555498932
"LSMEM2",0.494672176259867
"LSS",3.49476776357738
"LTA4H",3.10969582695822
"LY6E",4.49184691566048
"LYPLA1P3",0.574083994810564
"LYRM4",1.42499397416102
"LYRM7",2.5000892489531
"LYSMD2",1.97719248020363
"MAD1L1",1.01589359163155
"MAF",1.78749069482356
"MAGEC2",7.28948865348846
"MAGED1",3.45517174462559
"MAGED2",6.20769404229474
"MAGEE1",2.4654365538241
"MAGEH1",4.96178857483949
"MAGOH3P",0.854764542671874
"MAN2A1",1.14697744038796
"MANEAL",2.91841434202661
"MAP1A",4.07715702264703
"MAP1LC3B2",0.625375359667198
"MAP1LC3C",0.763958144186846
"MAP2",3.15370133821892
"MAP2K2",3.52958897383844
"MAP2K3",3.13157886007821
"MAP2K5",1.19113177237852
"MAP2K6",0.895497243611502
"MAP3K21",0.960694307414703
"MAP7D3",3.59150958594981
"MAPK15",1.67021136239696
"MAPK8IP1",1.64224519108756
"MAPKAPK5-AS1",5.01255748080641
"MAPT",1.1141031802254
"MARC1",2.15582791580385
"MARCKS",7.29339730033103
"MARCKSL1",8.28063585369614
"MARCKSL1P2",1.19780610022672
"MARK2P10",0.426172335180141
"MASP1",0.576968176090306
"MAT2B",4.07207923089371
"MATN2",0.613158352755638
"MAZ",4.75845739516152
"MCFD2P1",0.556634537318907
"MCHR1",1.05388555243341
"MCOLN2",0.478205098318296
"MCRIP2",3.24458301020539
"MCTS1",3.57005755946844
"MCUB",1.26773881118431
"MDFI",4.11604832886507
"MDH2",6.26619836349359
"ME1",0.712463854577305
"MEAF6",3.42859535132658
"MED11",4.06663672393944
"MED14OS",0.54503344240929
"MED18",2.66565902069991
"MED28P3",1.07874553494308
"MEIS3P1",0.452234131491711
"MEMO1P1",3.0079053943948
"MEOX2-AS1",0.670493167756663
"MESP1",0.955196599499495
"METTL26",6.20167964941228
"METTL7A",4.07470968286619
"MFNG",0.853897064939129
"MFSD2A",2.35150266956152
"MFSD3",4.03339457850864
"MGST1",1.19242460831963
"MGST2",0.542844670879741
"MGST3",4.1886478966923
"MID1IP1",4.87093771022404
"MIR1179",0.324568248725081
"MIR124-2HG",2.22751445226144
"MIR1299",0.500527220827462
"MIR17HG",2.19121552231053
"MIR194-2HG",0.781697260453839
"MIR298",0.707823852338256
"MIR30B",0.697234981264597
"MIR30D",0.701029698478179
"MIR320A",0.398210751828088
"MIR331",0.823354610133395
"MIR376A1",0.470275298858606
"MIR376B",0.533056218231038
"MIR382",0.897200471452898
"MIR4482",0.367371494440833
"MIR4502",0.534348686853572
"MIR4530",0.503136192157863
"MIR4666A",0.808787702606468
"MIR4682",0.820929197215946
"MIR503HG",2.17135756791484
"MIR548A3",0.86343089392016
"MIR621",3.4617165011907
"MIR645",0.805525192317841
"MIR668",0.414806805019177
"MIR8070",0.343293415106648
"MLF2",5.13096584492199
"MLLT10P1",1.72222828856744
"MLST8",5.21552334718133
"MMP23B",0.502271621899843
"MN1",0.719077906897884
"MNX1",2.48004832711499
"MNX1-AS1",1.89288576880571
"MORF4L2",7.2947494831
"MORN2",0.955779648881486
"MPC2",2.45349515005805
"MPI",4.09255106595501
"MPND",1.990274602832
"MPP1",1.65647944835359
"MPST",4.85525621392993
"MPV17L2",4.30873138842024
"MREGP1",0.801607610187774
"MRM1",2.96353201421642
"MRM3",3.15043135640214
"MRPL10",4.3320642346864
"MRPL11",2.2770980435048
"MRPL13",2.02097638261396
"MRPL14",3.12038417405814
"MRPL15",3.71186326880991
"MRPL20",4.61633992576828
"MRPL21",3.30712641105138
"MRPL22",2.16557485382494
"MRPL23",0.94377566473135
"MRPL24",5.53875785202383
"MRPL27",4.39702758351901
"MRPL28",5.09862364809877
"MRPL30P1",0.832268159131994
"MRPL35P2",0.813438198777328
"MRPL36",4.30346824340258
"MRPL37",3.33718619557223
"MRPL4",0.859263359848011
"MRPL40P1",0.277306596671803
"MRPL41",5.00277946338154
"MRPL42P2",0.355105143130598
"MRPL43",2.63717355005466
"MRPL45",2.68542312011244
"MRPL47",3.56157300564351
"MRPL51",7.7469811631192
"MRPL54",3.16597263724185
"MRPL58",4.0157087740459
"MRPS15",4.79589425751042
"MRPS17P1",1.51771910247398
"MRPS18C",1.72487440863942
"MRPS23",4.25995203128275
"MRPS26",6.44765540877655
"MRPS34",7.44980686110353
"MRPS35",2.46827164191122
"MRPS36",2.72957138307287
"MRPS7",5.11652340170119
"MRTO4",4.31068828107762
"MSGN1",0.597123066895036
"MSI1",3.72216819538141
"MSMO1",4.81064196050601
"MSN",3.57772342682576
"MSRB1",3.04007586433808
"MSRB1P1",0.454384468695089
"MT1F",1.25808560454127
"MT1G",2.44729241382313
"MT1XP1",1.75279679020426
"MT3",0.542756587454363
"MTATP6P17",0.314264503102018
"MTATP6P20",0.261290421737413
"MTCH2",3.84230827580037
"MTCO1P1",1.2633918000424
"MTCO1P17",0.237211727070948
"MTCO3P17",0.412234817782447
"MTCO3P39",1.03835944041802
"MTDHP1",0.665981741328989
"MTFR1",1.35686927353014
"MTND1P10",0.701934211675122
"MTND2P12",1.34587063320861
"MTND3P22",0.349545103661818
"MTND4LP22",0.330240858471651
"MTND4P30",0.692461459388431
"MTND5P15",0.594864924739221
"MTND6P2",0.963732184157895
"MTURN",4.51224313551574
"MVB12B",1.22785571586729
"MVD",4.06994503984404
"MXD4",4.65321727381342
"MYBBP1A",4.3639174759755
"MYBPC2",0.325815897570655
"MYCL",2.36636923673974
"MYCN",9.02217456580213
"MYCNOS",2.34085192783437
"MYD88",0.595833562705493
"MYL6P3",0.24608383458486
"MYO5C",1.53903984751155
"MZT2A",2.80582255513788
"MZT2B",3.44013247982502
"NABP2",5.15665883075689
"NACA",7.06576715537642
"NACA2",0.400511420722775
"NACA3P",5.53514242451061
"NACAP1",1.5947782167929
"NACAP7",0.388452082058099
"NANOG",0.677235317663576
"NANS",1.70364530770418
"NAP1L1",6.29948472455919
"NAP1L1P1",3.00597747476371
"NARF",3.7553954411435
"NAXE",6.5385797201117
"NBDY",1.42027040342044
"NCAN",0.797367213801154
"NCBP2-AS2",5.94234306159843
"NDRG3",1.61604176732802
"NDRG4",3.63458857442626
"NDUFA1",5.15161948931626
"NDUFA12",1.64621285013069
"NDUFA2",2.39732530971022
"NDUFA3",3.76176604380061
"NDUFA4",6.38907086447956
"NDUFA5P6",3.08113738628193
"NDUFA6",5.57663904033331
"NDUFA8",3.5734979687075
"NDUFAB1",3.7765262509961
"NDUFAF1",2.72262818503773
"NDUFAF2",0.958713393488913
"NDUFAF4",3.61558736678329
"NDUFAF8",4.87109217546954
"NDUFB10",5.84231292503348
"NDUFB11",5.13260367486532
"NDUFB2",3.00424797385377
"NDUFB3",3.10943715550535
"NDUFB4",5.63317778709956
"NDUFB5",3.57432221434383
"NDUFB6",1.57096414526791
"NDUFB7",4.60705664552583
"NDUFB9",3.18641439442303
"NDUFC1",1.83079259009994
"NDUFS3",3.66215030417802
"NDUFS5",5.14847091494665
"NDUFS7",2.66416385467266
"NDUFS8",4.7170685033986
"NEFL",5.36051106777797
"NEFM",0.451280325068244
"NEIL2",2.82644313249828
"NENF",3.38467232304006
"NEPNP",0.574308069684423
"NEU1",4.32955734049099
"NEU4",0.760212874100683
"NEURL1B",0.688230049830195
"NFATC4",4.2292352701045
"NFE2L3P1",0.955689207780551
"NFIA",1.4878673267246
"NFKBIE",2.29678982854613
"NHP2",4.86122880965314
"NHSL2",1.18680878216576
"NIM1K",0.72638867783382
"NINJ1",4.07919674682727
"NIPSNAP1",4.43070647501371
"NIT2",3.53987659125662
"NKAIN1",2.47155260597874
"NKAIN4",1.14272538893015
"NKAP",3.39424734106959
"NKD2",0.738040474864736
"NKG7",0.47259322772218
"NKIRAS2",4.60191860087904
"NKX2-3",0.694811045224947
"NKX2-4",0.316091974529155
"NLE1",3.17161337959815
"NLRP1",1.07938117976866
"NME2P1",0.64092650397374
"NME4",6.04726719413942
"NME7",0.834330283714356
"NMRK1",1.03380916042133
"NOA1",2.7533799565604
"NOB1",4.20946693686983
"NOC2LP1",0.430047157784837
"NOL3",4.57607630015778
"NONO",7.40654939395961
"NOP10",6.56452432281647
"NOP53",5.80909885727722
"NOP53-AS1",0.643993756934872
"NOSIP",2.41547228768472
"NOTCH1",3.69364022852924
"NPAP1",0.860951084844385
"NPM1",7.0390772769498
"NPM1P12",0.491641242968096
"NPM1P31",0.370390072951315
"NPM1P39",2.29569906254801
"NPM1P42",0.425766503454911
"NPM1P47",0.282475696676102
"NPM3",4.62613294282439
"NPPC",0.542659497750451
"NR0B1",3.69602566340224
"NR1D1",4.12837497411091
"NR2F6",3.36622999867974
"NRARP",2.3586695004344
"NSDHL",3.32433408729082
"NSMCE1",2.48695202040152
"NT5C3B",4.17083946607446
"NTHL1",3.29711444592825
"NUAK2",1.54024423825135
"NUCB2",1.59489770972838
"NUDCD2",4.00307374317062
"NUDT1",3.60868018321766
"NUDT10",3.77629855052303
"NUDT11",4.0046331332251
"NUDT16L1",4.50267504278032
"NUDT2",2.20856884344553
"NUDT7",0.962090787572997
"NUDT9P1",0.522535971790372
"NUP37",1.98404267426623
"NUP88",2.92409599945244
"NUP93",2.98049720007464
"NUTF2",4.30313517787523
"NXN",1.62683098939591
"NXPE3",3.12384984902865
"NXT1",4.46459748978208
"NYNRIN",1.17988352923153
"OAZ2",4.11067697903078
"OCIAD2",2.86549194353987
"OCRL",3.69997281578236
"ODF3B",0.995293945231234
"OLA1",2.78623214298736
"OLA1P2",1.26862030219117
"OLA1P3",1.7845605878214
"OLMALINC",2.98683320357157
"OPN1SW",4.85782691941269
"OPRD1",2.18072881601288
"OR10A3",1.04349690022353
"OR10G3",1.01461468902579
"OR10H1",1.04304417223892
"OR10K1",0.898232817678183
"OR14J1",1.59982027597702
"OR1A1",1.17830742549839
"OR1L3",0.388090910653473
"OR2AE1",0.359404043599426
"OR2B6",0.753913682921622
"OR2L2",0.887433189195119
"OR2W6P",0.304717643285458
"OR4D9",0.812921688669064
"OR4F15",0.606388990307394
"OR4F17",1.50757190762239
"OR52A1",0.871396517147027
"OR52I1",1.3999496786678
"OR52M1",0.328970793369454
"OR56A4",0.954852950128332
"OR5AS1",1.96389057765723
"OR5B21",0.275675328775246
"OR5C1",0.210423368488232
"OR6D1P",1.35011323437098
"OR6K1P",0.986453571367351
"OR6V1",0.319021681694229
"OR7A17",0.750464032722155
"OR7E117P",0.646139542611044
"OR7E15P",0.249638096768788
"OR7E94P",1.27708385955701
"OR8B9P",0.784708947148521
"OR9H1P",1.12633490464389
"OSR1",2.44114654402941
"OSR2",3.68436989031923
"OTOR",0.541329690223015
"OTP",0.967160097680317
"OTUD5",3.47825533330042
"OTUD6A",0.466593861906077
"OTX1",3.14987231510502
"P2RX4",2.18546966311977
"P3H4",5.46266790295768
"P4HA2-AS1",1.26069094807008
"PA2G4P2",0.96139873865066
"PABPC1",6.98549184028452
"PABPC1P3",2.01985277622772
"PABPC1P4",0.538021131456841
"PABPC3",1.6376017917868
"PAFAH1B3",4.90559122049001
"PAICS",5.97995725139719
"PAIP2",3.1604461925716
"PAIP2B",1.33712886529217
"PAK4",2.01543628498066
"PANK1",1.50644341142504
"PANO1",1.97482661829023
"PARD6A",2.22571408442825
"PARK7",4.51821968652796
"PARP1",4.90221360310934
"PARP16",1.32036755694406
"PBDC1",3.65388040957136
"PBXIP1",4.7781625082967
"PCBD1",4.55318608359193
"PCCB",2.47201573903092
"PCDH8",0.460633335593955
"PCGF5",1.08224327150197
"PCK1",2.51272346640503
"PCMTD1P1",0.309942362213567
"PCOLCE2",2.66210509921157
"PCSK9",0.672290171658597
"PCYT1B",0.929837398769124
"PDCD2",4.42484369442093
"PDCD2L",1.61836591549525
"PDCD7",4.14150612588347
"PDCL3",3.10737225523817
"PDGFB",1.5262131567022
"PDHA1",4.60221639974897
"PDIA2",2.03713198815694
"PDK3",0.943448743706433
"PDLIM1",1.67747378234658
"PDP2",3.31380249173343
"PDSS1P2",0.388569393336417
"PDZD11",5.74274820665645
"PDZRN3",1.25622085672588
"PEBP1",6.6811098109295
"PEG10",8.5388167555779
"PEMT",1.05222392136287
"PES1",3.67704284930291
"PEX5",3.38687356812285
"PEX6",3.09129386596451
"PFDN2",4.03295557571771
"PFDN4",2.76703854615852
"PFDN5",6.04543246586992
"PFDN6",3.23985421243291
"PFN1",8.04891007878623
"PFN1P1",1.56368874222065
"PGAM1",5.93637821981558
"PGAM5",4.56093281046664
"PGD",5.78599947887483
"PGDP1",0.479130302052412
"PGF",1.84109896102969
"PGK1",3.30079428887338
"PGLYRP1",0.401432824548531
"PGM1",2.40790987594031
"PGP",5.09289705067528
"PGRMC1",6.46605005059142
"PHB2",7.02204871520895
"PHF14",3.54511497874228
"PHF23",5.23502802379851
"PHKA1",1.40993691623838
"PHKA2-AS1",0.855026509751116
"PIF1",2.69062675427842
"PIFO",0.817696372386098
"PIGR",0.951767444279317
"PIK3IP1",3.17982120314066
"PIK3R3",3.04716891264819
"PIM2",3.52531785828193
"PIMREG",3.63341302775928
"PIN1",3.60156910231867
"PINK1",0.980467769210739
"PIPSL",1.25877422240546
"PIR",1.64245140491042
"PITX1",3.86281959075749
"PKIA",0.597314155728028
"PKMP1",0.773411096511929
"PKP3",0.862690242268058
"PLA2G12AP1",0.597580426923657
"PLA2G3",2.78863928505527
"PLEKHA3P1",0.39481596315947
"PLEKHA8P1",0.803771407930795
"PLEKHB1",3.68935573316656
"PLEKHF1",1.36783937493746
"PLK1",4.06578550250113
"PLP1",4.11486176448302
"PLS1",0.73605789520007
"PLXDC2",1.60195058575559
"PML",2.70873351008464
"PMVK",3.33174044515253
"PNMA3",2.24287641050693
"PNMA8A",6.4215382490165
"PNMA8C",2.03914690623083
"PNP",3.77894345050834
"PNPO",2.25988044171999
"POLB",1.92007177474766
"POLR1E",3.68547449191836
"POLR2E",4.8167810857191
"POLR2F",2.4322528427589
"POLR2G",4.65957609640284
"POLR2I",3.9464304898281
"POLR2J",3.73222356459348
"POLR2L",3.79418514218369
"POLR3H",2.70622017012524
"POLR3K",3.81345295355498
"POMP",3.33426953199657
"PON2",4.82027686132659
"POR",2.40847585891575
"PORCN",2.82646916077288
"POU3F1",0.651687365384842
"PPA1",3.97949537987665
"PPARGC1B",0.775743670909731
"PPIA",7.22226680537709
"PPIAP21",1.72898274632796
"PPIAP22",6.94653659377228
"PPIAP35",1.68241276853847
"PPIAP43",0.530182455087848
"PPIAP48",0.467582273263525
"PPIAP58",1.17235318092435
"PPIAP59",0.323814188715043
"PPIAP60",0.521895543271318
"PPIAP65",0.637356090508998
"PPIAP72",0.709455577242676
"PPIAP77",0.663807042871232
"PPIAP89",0.552759046227744
"PPIAP9",1.5909111872588
"PPIF",5.17929013487014
"PPM1AP1",0.254698806939409
"PPM1H",0.965024214689532
"PPP1R14B",5.32108627443106
"PPP1R2P1",0.490009275340465
"PPP1R3F",1.94711546440735
"PPP1R3G",1.02222022664757
"PPP1R9A",0.837411389299966
"PPP2R1A",3.94563423667851
"PQBP1",4.65571638812423
"PQLC1",1.07229226025176
"PRADC1",2.89160154751282
"PRADC1P1",0.442040471590021
"PRAF2",2.6133820715543
"PRAME",0.506041752627933
"PRB3",0.991578994887827
"PRDX1",5.43820965982983
"PRDX1P1",0.560217719829528
"PRDX4",3.66873219050348
"PRDX4P1",0.206260125940488
"PRDX6",6.54364380857016
"PRELID1P1",0.94852255256243
"PRELID3A",1.68117896268598
"PRELID3B",5.62984512120434
"PRELID3BP7",0.405431276786364
"PRKAR1B",0.688448702470239
"PRKAR2B",1.72154422042991
"PRKCG",0.526413116137198
"PRKCQ-AS1",1.18862728551217
"PRKCZ",0.770988419667444
"PRKX",0.74338182331626
"PRKXP1",1.24462980317619
"PRMT1",5.042625714631
"PROB1",2.22207826278659
"PROC",0.727756157857845
"PROM1",1.03924337702644
"PRPS1",5.15747460328345
"PRPSAP2",1.95103631381548
"PRR11",1.71699591837384
"PRR30",0.27312589047071
"PRR36",5.13071702302668
"PRR7",3.31178188307458
"PRSS3P4",0.421235584308297
"PSEN2",1.90638509738286
"PSMA4",5.32209893128486
"PSMA6P4",0.237752124281118
"PSMA7",6.63495573351793
"PSMB2",3.5894533842541
"PSMB3",4.37886173694594
"PSMB4",8.12563149287502
"PSMB6",7.07493487390473
"PSMB8",3.12966960774613
"PSMB9",2.94924439545503
"PSMC1P1",4.2343272269878
"PSMD10",5.60724263370117
"PSMD3",4.92017822063434
"PSMD4",5.0796439037318
"PSME1",6.17271263967622
"PSME2",5.45487088641004
"PTCH2",1.46534640134459
"PTENP1-AS",0.927203428965324
"PTGES2",3.96761048598304
"PTGES2-AS1",1.86824007937217
"PTGES3",5.19914028265776
"PTGES3P1",2.66707943810195
"PTGR1",0.546093501815183
"PTMA",9.20792885313461
"PTMS",8.11160988968429
"PTP4A3",1.43851862912263
"PTPN2",0.951278147660807
"PTPRO",0.924828614956156
"PTRHD1",3.4592733811925
"PTTG1",4.83218985345715
"PUF60",4.3015029114873
"PUM3",2.28658091062003
"PUS1",4.03939104665495
"PUSL1",3.17703762445731
"PWWP2B",1.71199531159806
"PYCR3",2.78669661582975
"PYROXD2",1.29354938221293
"QPCTL",3.0495234584055
"QPRT",1.74627393581699
"RAB11FIP4",0.963661915709003
"RAB20",0.525986935439344
"RAB33A",3.40544539840711
"RAB3A",2.02598445774778
"RAB40B",2.02794343554429
"RAB41",2.03171570863068
"RAB7B",0.582378806797119
"RAB9A",2.51141133626133
"RABEP2",1.85179796424594
"RABEPK",2.47595268874596
"RAC1P2",5.78615583736004
"RAC1P4",0.45985455458387
"RAC2",0.273228122444339
"RAC3",4.26868322871849
"RACK1",7.80027844952702
"RADIL",0.610616983885716
"RAN",8.04669163399628
"RANP1",3.78572367309375
"RAP2A",3.55247279125943
"RAP2B",4.52691631956726
"RARA",2.01567698106342
"RARRES3",0.77221972839906
"RASAL1",0.600459445096903
"RASD2",1.90218688961933
"RASL11A",0.80568138791173
"RASL12",3.19300782360843
"RASSF7",1.98775803083591
"RBBP7",4.4101406111898
"RBM10",3.45284521193
"RBM38",2.09438138825471
"RBMX2",4.63167997445584
"RBMX2P5",0.475870499151699
"RBMXP2",0.979239525919942
"RCC1",3.55755862763445
"RCL1",2.00343538193903
"RCOR2",4.74254494836365
"RDH14",2.82568903108269
"RDH16",0.974024908463497
"REC8",6.14923530036213
"REEP1",0.739078627364737
"REXO1L1P",1.95555787091898
"RF00017",0.996987499055007
"RF00272",0.722505398258234
"RF00438",0.381352543855637
"RF02272",0.822721553174465
"RFX5",5.39679170953478
"RGPD4-AS1",0.851065708434782
"RGR",1.76317142875319
"RGS10",1.51496644253511
"RGS14",2.06784986341847
"RGS8",0.530486865673693
"RHBDL3",1.12604338248026
"RHOBTB2",0.672927872938087
"RHOQP2",0.317967785874896
"RIBC1",1.85790786930308
"RIDA",3.21594667728567
"RILPL2",2.52942347901608
"RIMS4",1.33959754087243
"RIOK1",3.69165013275607
"RIPPLY3",0.604234644347175
"RITA1",0.838155941488839
"RN7SKP106",0.66308653597157
"RN7SKP112",0.46641146540393
"RN7SKP181",0.406325760660812
"RN7SKP185",0.415677358873108
"RN7SKP213",0.376059590815845
"RN7SKP246",0.434769222372447
"RN7SKP66",0.241582531965014
"RN7SL104P",3.12398191196472
"RN7SL156P",0.802236856009649
"RN7SL163P",1.89482381912561
"RN7SL18P",0.438439339685564
"RN7SL190P",1.04482853713458
"RN7SL191P",0.385023050366678
"RN7SL208P",0.849491077358397
"RN7SL251P",0.511511735978368
"RN7SL296P",0.420215002770492
"RN7SL300P",0.395448267786527
"RN7SL301P",0.400550109636631
"RN7SL317P",1.736204291881
"RN7SL339P",2.24660430941559
"RN7SL342P",0.362006317937189
"RN7SL353P",2.24632441509699
"RN7SL356P",1.18632996990999
"RN7SL371P",2.34509480531554
"RN7SL385P",0.82658571658333
"RN7SL43P",0.539996100432902
"RN7SL472P",0.444754799715685
"RN7SL475P",0.530395194041293
"RN7SL525P",2.2018138638098
"RN7SL543P",0.545779711330953
"RN7SL585P",1.84841304980838
"RN7SL586P",0.469956292006282
"RN7SL58P",0.472953351709693
"RN7SL592P",0.962530452331413
"RN7SL605P",2.47129049460925
"RN7SL644P",2.01627985187052
"RN7SL66P",1.00497754071197
"RN7SL697P",0.482019382339402
"RN7SL70P",1.10164475032488
"RN7SL711P",1.07244905919689
"RN7SL753P",0.292522522405791
"RN7SL767P",1.35536613426844
"RN7SL769P",0.388708759775203
"RN7SL785P",2.80758323366232
"RN7SL790P",0.849193627270028
"RN7SL811P",2.62378884514276
"RN7SL825P",0.73594861499981
"RN7SL837P",0.30560576505625
"RNA5SP103",0.675449141134252
"RNA5SP18",3.33073981078551
"RNA5SP199",0.492499720932912
"RNA5SP242",0.512073793910505
"RNA5SP243",0.943097205059825
"RNA5SP361",0.477948556184969
"RNA5SP69",0.626540659078117
"RNA5SP75",0.629797836556371
"RNA5SP99",0.396310160081749
"RNASE2",0.370724721646734
"RNF10",3.41057677049329
"RNF112",2.76277373939381
"RNF113A",6.40330110611966
"RNF122",1.84038838476738
"RNF130",2.39904609971378
"RNF14",1.45095358893221
"RNF165",1.04102389167133
"RNF181",5.67881975565876
"RNF222",0.792703688245695
"RNF44",5.10900500769364
"RNF5",6.36945837948917
"RNFT2",1.5120125400834
"RNMTL1P1",0.475944741053179
"RNPEPL1",3.78050483708917
"RNPS1P1",2.67648039180262
"RNU1-1",0.466052782446778
"RNU1-138P",0.309817169483308
"RNU1-36P",0.623901694760889
"RNU1-47P",0.774010572217882
"RNU12-2P",1.48024835969368
"RNU2-62P",0.229643411805979
"RNU4-1",1.12548629204176
"RNU4-39P",2.34354033319588
"RNU5B-1",0.949249852649572
"RNU5B-2P",1.16032565066037
"RNU6-1004P",0.818819078719658
"RNU6-1011P",2.05500140936973
"RNU6-1064P",0.417988099194643
"RNU6-1150P",0.446067344935391
"RNU6-1172P",0.400936918341153
"RNU6-1176P",1.1833289971461
"RNU6-1187P",0.397282573107872
"RNU6-1212P",0.335735927571993
"RNU6-1251P",0.398552730197232
"RNU6-1266P",0.60812075247817
"RNU6-1328P",0.489381981029446
"RNU6-304P",0.479060654733168
"RNU6-307P",0.456024708411037
"RNU6-322P",1.1440378210804
"RNU6-45P",0.877365924151107
"RNU6-483P",0.888077828255991
"RNU6-487P",0.433476039066902
"RNU6-510P",1.86598477856622
"RNU6-520P",0.329010172576432
"RNU6-62P",0.571854535457615
"RNU6-703P",1.08592056784743
"RNU6-758P",0.780787328600431
"RNU6-8",2.76665161344764
"RNU6-869P",0.478039804157048
"RNU6-878P",0.381465168696663
"RNU6-945P",1.42241461463627
"RNU6ATAC35P",0.562149373304227
"RNU7-155P",0.559884370117726
"RNY3P16",1.85615349709279
"RNY3P8",2.1845378862443
"RNY4",0.470705082856347
"ROMO1",5.45033457654182
"RP2",1.5909964480862
"RPAIN",3.51198444507415
"RPIA",2.01762147867272
"RPL10",6.38324071491793
"RPL10A",8.68603557799399
"RPL10P16",6.14278651340162
"RPL10P9",4.06695503940381
"RPL11",8.63716046532867
"RPL11P5",0.395941846886947
"RPL12",8.81959524883586
"RPL12P10",0.477130144113308
"RPL12P13",0.582409416110384
"RPL12P2",0.736320439328979
"RPL12P30",0.52533477655306
"RPL12P35",0.719636691202517
"RPL12P4",1.82508591993393
"RPL12P6",0.290483613954115
"RPL13",8.1725608185036
"RPL13A",9.26054112781275
"RPL13AP20",2.47039045896047
"RPL13AP5",7.35733763823879
"RPL13AP7",1.57141300994236
"RPL13P12",5.88586469009441
"RPL13P2",0.246123061442323
"RPL14",6.93135360088001
"RPL14P1",6.77407497605832
"RPL17P33",0.431967424692688
"RPL17P34",0.601243319081665
"RPL17P36",3.57790944302697
"RPL17P50",3.17759584180875
"RPL18",8.40036882527879
"RPL18A",7.93383509358206
"RPL19",9.18505619345532
"RPL19P16",1.2974119580025
"RPL21",6.81237724916119
"RPL21P119",0.572744389306072
"RPL21P120",0.498936196755296
"RPL21P17",0.520553235262816
"RPL21P43",1.13416946839808
"RPL21P67",0.286616859315421
"RPL22",5.50932091985294
"RPL22L1",4.56604512213358
"RPL23",8.39532133778718
"RPL23A",6.89500658453692
"RPL23AP2",1.30856636067993
"RPL23AP35",0.335346284719504
"RPL23AP43",0.639434581347879
"RPL23AP48",1.62674045682447
"RPL23AP59",0.612531113249253
"RPL23P8",2.56411945862336
"RPL24",7.78596096386272
"RPL24P2",4.37390635709062
"RPL24P4",5.13785391450533
"RPL24P7",0.585944211119237
"RPL26L1",2.64001425145585
"RPL26P19",2.0729827111866
"RPL26P6",1.27592808948196
"RPL27",7.86457851584544
"RPL27A",4.60757208637845
"RPL28",6.78006680159818
"RPL29",7.6274521153712
"RPL3",9.20396224673163
"RPL30",5.54186008926895
"RPL30P4",0.572817370105315
"RPL31",6.84398640212919
"RPL34",4.96291134173106
"RPL35",6.79601085026368
"RPL35AP26",0.505915900403294
"RPL35AP4",0.324443653883613
"RPL35P1",2.90974644917412
"RPL35P5",3.5879537614447
"RPL36",5.23815094516325
"RPL36AL",6.67459458691584
"RPL36AP26",0.993304035774796
"RPL36AP39",0.968625066612688
"RPL36AP45",0.436517230843825
"RPL37",7.44075848861046
"RPL37A",4.68781348249031
"RPL37AP1",0.589033674612993
"RPL37AP8",1.15984730190972
"RPL37P2",0.473448958191706
"RPL38",6.72529711415336
"RPL39",7.71999043211024
"RPL39P40",0.242104881793842
"RPL39P5",0.764087868284527
"RPL3P4",7.5825143594354
"RPL3P7",1.16762199921189
"RPL4",7.72680605654338
"RPL41",10.9353645017146
"RPL4P5",4.89292677568373
"RPL5P11",0.740024681755017
"RPL5P18",1.57446687687245
"RPL5P34",2.19508224811507
"RPL6",7.63901270428758
"RPL6P27",6.5446574829186
"RPL7",7.59151657640152
"RPL7A",9.2849536993576
"RPL7AP30",2.97483702415676
"RPL7L1P9",0.587191322352648
"RPL7P17",0.476944416046289
"RPL7P41",0.630494283878329
"RPL7P44",0.422526352099594
"RPL7P47",1.03474853685498
"RPL7P48",0.458291904906267
"RPL7P6",0.880574631069854
"RPL7P8",0.921284309961592
"RPL7P9",5.72020479132907
"RPL8",9.09829572856255
"RPL9",7.34345256184174
"RPL9P18",0.481485980296046
"RPLP0",8.84493119846424
"RPLP0P1",0.724343087230395
"RPLP1",8.62558741861737
"RPLP2",9.08752349113951
"RPP25L",4.09555314462821
"RPP40",2.12174375531426
"RPS10P3",0.420727014232582
"RPS11",10.1041350177459
"RPS12",8.5545714164706
"RPS12P23",0.314828353449153
"RPS13",8.6926693190771
"RPS14",6.88390984871419
"RPS15",8.52811982143374
"RPS15A",5.45269542462246
"RPS15AP36",1.31646576064465
"RPS15AP38",0.706399679343628
"RPS16",9.3490646969188
"RPS18",8.58368537359669
"RPS18P12",0.980774047606618
"RPS18P13",0.317314508950121
"RPS18P6",0.361601212203132
"RPS18P9",3.0254185255397
"RPS19",6.61434350483876
"RPS19BP1",5.01229642914833
"RPS19P1",0.665322523839542
"RPS2",8.85593597213028
"RPS20",7.44155792627116
"RPS21",7.87955581190518
"RPS23",6.60754765366578
"RPS24",6.31744905763407
"RPS24P8",3.35675955276882
"RPS25",9.10936095180771
"RPS26",5.62015051613729
"RPS27",10.0958932342681
"RPS27A",8.06825792569074
"RPS27AP11",0.767384859394462
"RPS27AP16",6.81031043166418
"RPS27AP19",0.219416829058753
"RPS27L",3.06717096912044
"RPS27P16",1.03475831018262
"RPS28",6.89382526905088
"RPS29",3.3063494942277
"RPS29P23",0.546701104863396
"RPS29P5",1.30225464335157
"RPS2P48",0.578963714871132
"RPS2P55",0.708238487748892
"RPS2P7",2.57077600386846
"RPS3",7.08588669009819
"RPS3A",5.56510597773861
"RPS3AP2",0.439659560023677
"RPS3AP25",0.372874513428243
"RPS3AP36",0.652258723382688
"RPS3AP5",3.64528239443716
"RPS3AP6",6.05891692661124
"RPS4XP1",0.499012625957473
"RPS4XP13",0.750873684121157
"RPS4XP6",1.04990243888515
"RPS5",7.96326700392867
"RPS5P3",0.4598005066519
"RPS6",9.0624033362239
"RPS6KB2",1.9297477229555
"RPS6P20",0.838763712527338
"RPS7",7.7407726362427
"RPS7P10",4.10976439727404
"RPS7P14",1.00506803848177
"RPS7P4",0.631651769834741
"RPS8",9.17908654747985
"RPS9",4.33672758831259
"RPSA",7.57827899234401
"RPSAP1",0.305548429260903
"RPSAP12",0.575882957885489
"RPSAP29",0.413113011189298
"RPSAP45",0.29966032510058
"RPSAP49",0.378949947696301
"RPSAP5",0.38274776640337
"RPSAP61",2.19333963318672
"RPSAP72",0.500030470955146
"RPUSD2",3.27888290707769
"RRP1",3.78457862018868
"RRP9",3.94724160108025
"RRS1",3.80251462240202
"RSG1",1.09974549929986
"RSL1D1",6.80065863232038
"RSL24D1P1",0.793474425425021
"RSL24D1P3",0.902245874429368
"RSL24D1P4",0.2516487300292
"RTCA-AS1",1.00798779087131
"RTL8A",8.79297150781337
"RTL8B",6.61786725221126
"RTL8C",9.02593030747477
"RTN4R",1.31142960653728
"RTN4RL1",0.886000755742484
"RTRAF",3.37042634057828
"RUNDC3A",0.829624035697146
"RUNDC3A-AS1",0.845854887125068
"RUVBL1",3.16294560288616
"RXFP4",0.674929302090932
"S100A4",2.5059213571695
"SAC3D1",3.42411967470822
"SALL3",3.33267077412462
"SALRNA3",0.900295980559104
"SAMD1",6.68694639081271
"SAPCD1-AS1",0.292336107802681
"SAPCD2",3.73356337209652
"SARM1",1.31195313630039
"SAT1",8.21706375586682
"SBK1",3.40861558654213
"SCAMP5",1.54240753682452
"SCAND1",3.43640555403105
"SCARB1",3.35433127042532
"SCDP1",0.536298221661782
"SCGB1B2P",1.58885053885008
"SDC2",2.64823671304881
"SDCBPP2",0.661465034519266
"SDF2L1",4.09448085229068
"SDSL",1.32042816745884
"SEC11C",1.94740627017963
"SEC61B",3.8942776410795
"SEC61G",4.49061857636538
"SELENBP1",3.34079281678437
"SELENOS",4.90186089981181
"SELENOW",4.53725474909784
"SEM1",2.08573926043366
"SEMA3A",1.28089052050807
"SEMA4B",2.09115654311393
"SEMA7A",2.00607961299629
"SEPT6",3.64097815177721
"SEPT9",3.21248446233719
"SERP1",3.07795063131889
"SERPINB1",0.67878800302198
"SERPINF1",5.40304351072456
"SERPINH1",0.474796912333001
"SETD9",1.30042744406008
"SETP14",3.26584907297959
"SETP20",0.627286653620492
"SETSIP",0.481378770607726
"SF3B5",7.22079228326291
"SFN",0.419960058451823
"SFRP2",5.41367687077764
"SGF29",1.95829818707659
"SH2D3A",0.838476500058262
"SH2D5",1.80119936104691
"SH3BGR",2.01152825404294
"SH3BGRL",2.43894993435507
"SHC1P2",1.03665720784914
"SHD",0.788827869648848
"SHF",0.804858685052073
"SHROOM2",1.30131370994438
"SIGLEC31P",0.562496084859543
"SIMC1",1.11951409126334
"SIRT4",1.39302269998857
"SIX1",3.31891798225579
"SIX2",1.72072551527654
"SKP1",3.64199751954893
"SLAMF9",1.20309846796712
"SLC10A4",4.14423959976908
"SLC11A1",0.675780434924245
"SLC16A11",0.647973774085429
"SLC16A14",1.02161273780935
"SLC19A3",1.82418413699868
"SLC22A5",0.677782253792792
"SLC25A1",5.65384658872268
"SLC25A11",5.43125236074002
"SLC25A19",1.89334695972697
"SLC25A25-AS1",1.9507272315991
"SLC25A3",7.34589381708603
"SLC25A33",1.54114139080541
"SLC25A38",3.62308164000336
"SLC25A39",6.53999394621962
"SLC25A41",1.05510680955257
"SLC25A42",1.07771468383499
"SLC25A43",2.07911411124048
"SLC25A45",3.02566895676893
"SLC25A5",8.66170690636096
"SLC25A5P7",0.985279554401194
"SLC25A6",7.48551546486405
"SLC26A4",1.70066755190527
"SLC26A4-AS1",1.46285427921702
"SLC27A5",1.2233629699869
"SLC29A4",2.9945557809832
"SLC2A4",1.91743136712238
"SLC2A4RG",4.67456369977357
"SLC2A6",3.4017705534472
"SLC32A1",1.54932220961532
"SLC35E2",0.47517076310722
"SLC35F2",1.08669599487553
"SLC39A4",0.892901323594194
"SLC43A2",1.31060282743107
"SLC6A8",7.06630686244813
"SLC7A2",1.65501629790302
"SLC7A4",0.307327625759373
"SLC8A3",1.10418315355588
"SLC9A3R1",2.73122085414747
"SLC9A4",0.474966884115997
"SLCO5A1",1.23655087285518
"SLIRP",1.97844754844352
"SLITRK2",1.48461957405249
"SMAD6",0.893669560667268
"SMAD9",0.664449321890726
"SMARCE1P6",0.606086066757546
"SMCO4",0.581500306922782
"SMDT1",5.10137197322295
"SMG1P7",1.69866350632389
"SMIM10",4.77285585358212
"SMIM10L2A",0.730696701647068
"SMIM11P1",0.339719889341682
"SMIM20",2.01542062065467
"SMIM3",3.86090356232575
"SMIM37",0.966711949575354
"SMKR1",0.682420456442658
"SMOC1",2.06200141725654
"SMPD2",3.31461953683812
"SMS",3.34782930140416
"SNAPC2",4.50837805646285
"SNHG15",4.18497004071929
"SNHG19",6.15389329920817
"SNHG5",4.81148404244444
"SNHG6",4.94984236691615
"SNHG7",3.51287663159542
"SNHG8",4.89631415838588
"SNRNP25",4.38556505342907
"SNRPA",3.93841997983539
"SNRPA1",4.92188300337078
"SNRPC",3.31538887309374
"SNRPD1",3.44494596222545
"SNRPD2",5.94221953561245
"SNRPE",4.72014568201605
"SNRPEP6",0.380083049298434
"SNRPF",2.49668976079334
"SNRPG",4.25315225326699
"SNX11",2.47013297148019
"SNX12",4.2729667797675
"SNX18P13",0.278748465069908
"SNX18P25",0.566464103658351
"SNX18P7",3.33007894575317
"SNX18P9",1.12269931687422
"SOD1",6.21930605068032
"SORBS3",2.92852311201145
"SORD",1.95405228370322
"SOWAHB",0.868687936270038
"SOWAHD",0.508137562515591
"SOX1-OT",0.885398762453477
"SOX4",6.7335801488703
"SOX5P1",0.242439671167832
"SOX8",5.18903447081051
"SP9",1.99650944546868
"SPAG7",3.77108827346808
"SPATA24",1.7806540193856
"SPATA5L1",2.67410453240416
"SPATC1L",1.90852803920127
"SPDYE5",1.32203868552694
"SPG21",4.05126933405519
"SPRY3",2.44796484106055
"SPSB4",0.697476434263833
"SREBF1",3.13786875120923
"SRM",6.7456244667625
"SRP14",7.72045690279921
"SRP14P1",0.954292172269112
"SRPK3",1.84568492417581
"SRR",2.81339749926015
"SRSF10P1",0.449156726563464
"SRSF12",2.64626046221177
"SSBP3",1.75155036161941
"SSNA1",5.10811757628004
"SSR2",6.15405024083779
"SSR4",6.63591969807047
"SSTR3",0.816296188547263
"ST13",6.51922624751289
"ST13P5",3.61013636061438
"ST13P6",2.8889809554668
"ST20-AS1",2.39750609510858
"ST6GAL2",1.31750305967188
"ST6GALNAC4",2.44558366106803
"STAG3L4",2.54015649140571
"STAMBPL1",0.946030663401238
"STAP2",1.67839986962958
"STAT5A",0.661615764296735
"STC1",2.62710681121996
"STC2",0.285435393950648
"STIP1P3",0.50044293882518
"STK11",2.39217007325684
"STK24-AS1",0.412721242481515
"STK32A",1.48708341050695
"STOML2",7.11677491633075
"STOX1",0.621931744170044
"STRA6",0.454294602063652
"STX8",0.639893482697841
"SUB1",2.94034986789282
"SUB1P1",0.750533065563306
"SUCLG2P2",2.00193147305592
"SULT1A2",0.283161163155696
"SULT1B1",0.755179834654374
"SUMO2P1",3.01872444829866
"SUMO2P15",0.557686484435864
"SUMO2P4",0.384875143554281
"SWSAP1",2.16838671475881
"SYBU",0.924681103164573
"SYDE2",0.742317465192644
"SYPL1P2",1.71506158383362
"TAF7",3.57889113842075
"TAF9B",3.49861535576341
"TAGLN3",4.35453510578074
"TALDO1",4.06059457871786
"TANGO6",0.720509972641923
"TAS2R39",0.422127772787358
"TAS2R6P",1.19215369703786
"TBC1D25",2.65403373145282
"TBC1D3L",0.686877387584659
"TBC1D7",1.2656019331558
"TBCA",2.25835974817057
"TBCB",4.44095045263117
"TBCC",4.8748483878365
"TBX1",1.79481059282921
"TBX3",1.48567212591735
"TCEAL4",6.31399593875406
"TCEAL5",0.367304174745533
"TCEAL8",7.23192021207306
"TCEANC",0.734966431357562
"TCOF1",3.25616716148018
"TDRKH",3.12035960765701
"TDRKH-AS1",1.6425900982496
"TEAD4",1.55360060515237
"TERF1P5",0.416186441067526
"TEX46",0.459608233334125
"TFAP2B",1.05137021757124
"TFAP4",2.93178183645987
"TFCP2",1.1546822584415
"TFDP2",2.53822448032702
"TFEB",0.648157069542606
"TGFB2-AS1",0.218610715565362
"TGFBR3L",0.480495784155041
"TH",1.12341777732022
"THA1P",0.727867256720602
"THAP3",2.4043826396179
"THAP4",2.74423452603044
"THAP5P1",1.90782563857945
"THG1L",3.05274287594807
"THOC2",3.78419203456395
"THRA",3.56096489914776
"TIGD3",1.39478866167699
"TIGD6",2.21867136644886
"TIMM10",3.97859596741864
"TIMM13",5.53544380887433
"TIMM17B",3.98562745199972
"TIMM22",4.3243156739103
"TIMM8A",4.02344871370958
"TIMM8B",5.61367332677831
"TKT",5.14153892620195
"TLE6",1.06708135618356
"TLX1",2.73911735415977
"TM7SF2",3.79619323899243
"TMA16",2.56119593395861
"TMED3",2.12009647029432
"TMED9",5.45984035712532
"TMEM101",3.49980841066077
"TMEM109",0.864476706659005
"TMEM11",2.73360070925067
"TMEM119",0.717407973816295
"TMEM120A",4.05644196607029
"TMEM120B",1.19813427458254
"TMEM126A",3.32991052873819
"TMEM145",0.869470623471512
"TMEM160",3.82356256232921
"TMEM161A",2.94356336361861
"TMEM173",3.1461549119295
"TMEM177",3.63130028444968
"TMEM191C",0.762129534045658
"TMEM206",2.58440413479245
"TMEM216",0.799582564080254
"TMEM221",0.795467912699044
"TMEM254-AS1",0.737981076103338
"TMEM258",2.5201197140902
"TMEM35A",1.72193859664568
"TMEM39B",2.59428480035787
"TMEM45A",1.45484000397419
"TMEM47",1.33611093555065
"TMEM53",1.28585699097604
"TMEM78",0.780675590953114
"TMEM81",4.97717647405392
"TMEM86B",1.22254985694101
"TMEM97",5.7152322947196
"TMPRSS5",2.60490392358196
"TMPRSS9",0.599661239092972
"TMSB15A",4.09829692648269
"TNFAIP3",1.67791168615515
"TNFRSF13C",1.86595321434719
"TNIP1",2.30711317900999
"TOB2P1",0.866079310389965
"TOMM20P4",1.27075675942519
"TOMM22",6.41280477839327
"TOMM7",5.3448219727376
"TOP1",2.54783241063498
"TOP1MT",2.57796435121459
"TP53I11",2.3936303846797
"TP53TG1",1.93759872196373
"TPI1",7.96841991863847
"TPI1P1",3.91135534293352
"TPMTP1",0.297925092242872
"TPPP3",2.87002986520384
"TPSB2",0.616611563920648
"TPT1P4",1.2471716924996
"TPT1P9",1.33642842948529
"TRAFD1",3.47978493596008
"TRAP1",1.81956353722578
"TRAPPC1",6.40152179821766
"TRAPPC2L",3.96759766905664
"TRAPPC5",1.83318502601757
"TRAV30",0.448494461596849
"TRBV20OR9-2",0.449458973937887
"TRBV8-2",0.350068114493653
"TRBVB",0.294546765795702
"TRERF1",1.21901846761064
"TRGV9",0.517858063997456
"TRH",0.954762177596146
"TRIM16",1.12238021507293
"TRIM36",1.95437668289938
"TRIM69",2.56572021697916
"TRIM72",0.918952989470154
"TRMT112",6.59417635714898
"TRMT2B",2.19254743652548
"TRMT9B",1.81008635227077
"TRNP1",3.4967179350625
"TSC22D3",2.01470762299106
"TSEN15P1",0.333211954969865
"TSEN34",5.19838906044644
"TSIX",1.38552873122421
"TSPAN12",2.64870199627543
"TSPAN15",0.984994742161993
"TSPAN17",3.82639127584234
"TSPAN33",1.56612256776125
"TSPO",4.58018325943135
"TSPOAP1",0.688769205701739
"TSPYL2",6.01649535341294
"TSR2",5.1140068547001
"TSR3",4.88373132941889
"TSSC2",0.731047792339579
"TSSC4",3.65837401867931
"TST",3.90812131793635
"TTLL12",4.42431161448062
"TTR",0.404827878305457
"TUBA1A",8.89030946935167
"TUBB2A",4.28936955713475
"TUBB2B",6.41783081631723
"TUBB4A",4.00852067078749
"TUBB4BP3",0.391591758670933
"TUBBP1",2.93401046050784
"TUBBP6",0.90543859463151
"TUBD1",1.9150085169239
"TUFMP1",0.334908496445538
"TUSC1",3.92086243728533
"TXN",4.85393222856193
"TXNDC17",4.87146716901545
"TXNIP",9.27181034883598
"TXNL4A",1.56553920614169
"TYSND1",4.12005683773838
"U95743.1",0.954329252248825
"UBA1",6.70105360149591
"UBA52",0.74322695530263
"UBE2D2",1.88736109295328
"UBE2G1",2.93399490919063
"UBE2M",4.66209489771446
"UBE2MP1",1.80913509623812
"UBE2NL",0.636941648227988
"UBE2NP1",0.376682700523477
"UBE2S",3.36029752394236
"UBL4A",6.20935423676121
"UBL5",6.62470553699184
"UBL7",3.56481662704748
"UBQLN2",6.2863761976303
"UCK2",3.28434550318016
"UCP2",5.03104996029825
"UFSP1",2.98333353451047
"UIMC1",1.59612042780251
"UNC13B",1.11929778237164
"UPF3B",3.25381465747824
"UQCC2",3.35677295017883
"UQCR10",5.30905610962014
"UQCRB",4.83950757982722
"UQCRC2",4.85584261483664
"UQCRFS1",4.10558226853833
"UQCRH",5.06381100117993
"UQCRQ",5.83707278556065
"UROS",2.71998015981018
"USF1",4.27221290603298
"USP11",5.76849267038931
"USP12PX",0.58255676356495
"USP2",1.18542985825148
"USP27X-AS1",1.04506970436067
"UXT",4.59264070145269
"VBP1",3.28627604909341
"VCP",6.4815864043436
"VDAC1",5.01453651480231
"VDAC1P2",0.810346745094655
"VDAC3",4.18299490915049
"VMO1",1.89339241618758
"VN1R20P",0.391240905079479
"VN1R28P",0.202675684767816
"VN1R42P",1.69226148418985
"VN1R80P",0.644057051154725
"VPS37D",2.99123753367106
"VTRNA1-2",0.935356515986542
"WDR13",3.45447838002825
"WDR77",3.491445362079
"WFDC1",0.589272324514789
"WFDC2",0.746412073120776
"WFIKKN1",2.03656011422537
"WNK2",1.35247720386851
"WNT11",0.719511363769139
"WRAP53",2.09757497316288
"WSCD1",2.47903426242144
"WWC2-AS2",0.288213857309275
"XRCC6P1",0.385159379000403
"XRCC6P2",1.93898855015177
"YBX1P4",0.954282642191007
"YBX2P1",0.279390360369209
"YBX3P1",0.991635539167747
"YDJC",4.57995791843623
"YTHDF2P1",0.347567001101159
"YWHAE",5.67874042900217
"YWHAEP5",1.20302505888674
"YWHAZP2",0.815098815969995
"YWHAZP4",1.51902202236166
"Z69733.1",1.13566654859322
"Z74021.1",2.40409108416696
"Z82244.2",0.522157836854534
"Z83818.2",2.02998042628401
"Z83847.1",0.816850166885902
"Z92846.1",0.315741143318497
"Z95114.4",1.19375752377916
"Z95624.1",0.590192923589857
"Z97653.1",0.639989490888085
"Z98043.1",2.9607004004774
"Z98751.1",0.42381683978226
"Z98752.4",1.18569699031263
"Z98755.1",1.40169125031172
"Z99916.3",1.63096794965918
"ZAR1",1.97892791399834
"ZC3H11B",1.13295141077459
"ZC3H12A",1.41863617768372
"ZC4H2",1.41305547241147
"ZCCHC10",1.36620978874914
"ZCCHC12",2.12750675931581
"ZCCHC3",5.50068894264616
"ZDHHC11B",0.6678992614143
"ZFP64",1.27373134947532
"ZGLP1",1.27830472386531
"ZIC2",2.46372548310897
"ZIC5",0.706207899849169
"ZMAT2",4.5889018193851
"ZMAT5",1.36094450359199
"ZNF101P2",0.955467670152069
"ZNF106",4.94192149657748
"ZNF165",0.76662604636062
"ZNF18",2.31691513982137
"ZNF232",2.64828677012237
"ZNF346",2.13849649033592
"ZNF358",4.12096933969916
"ZNF426-DT",2.74431326605906
"ZNF428",0.89219606611552
"ZNF454",0.922345501861817
"ZNF48",2.74172418019618
"ZNF491",1.90627460062775
"ZNF503",0.700276265309884
"ZNF556",0.990294434391224
"ZNF560",0.521481450369854
"ZNF569",0.877865808544165
"ZNF579",3.79623889738131
"ZNF602P",1.11947224738915
"ZNF648",0.784414376409647
"ZNF74",3.92271911522692
"ZNF764",0.550144599722584
"ZNF786",2.00894890993963
"ZNF835",0.819668747269121
"ZNF877P",0.232882888663352
"ZNF879",0.983637722368552
"ZNHIT1",5.04075910091467
"ZNHIT3",3.10554808430012
"ZNRF1",1.57116597690368
"ZNRF2",1.0160355665575
