"","PGBO","QGBO"
"AC002347.1",0.946368454305924,1.31577160505905
"AC002504.1",0,0.678619615930092
"AC002524.1",5.18114717951591,5.52122344485558
"AC002540.1",0,0.49315806912692
"AC004023.1",0.266805924766202,0.639305892165518
"AC004069.1",0.597579999295461,1.08266978808216
"AC004383.1",1.68428668284666,2.06893007208111
"AC004817.4",1.56257610738854,1.90380331434012
"AC004832.6",0.195670369639356,1.12932151084859
"AC004847.1",0,0.637920497673627
"AC004890.1",2.19903785833892,2.62520225552526
"AC004941.1",0.663740058713189,1.03482313758014
"AC004990.1",0.627262607844542,0.966472989970231
"AC005261.4",0.771897229985757,1.28749081689925
"AC005332.8",0.767160019685801,1.49003538132593
"AC005393.1",2.24833869916868,2.6664704748637
"AC005479.2",0.298915865920217,0.689424400018723
"AC005695.3",0.2273328276412,0.741074758188788
"AC005696.1",1.10893285057972,1.57647153213821
"AC005696.3",0.596415053061584,0.930059847311586
"AC005740.1",0.295887037848247,0.726303167444147
"AC005906.1",0.101372087509217,0.536497040769765
"AC006033.1",0.513290063210147,1.49948011510074
"AC006058.3",2.21641644079546,2.80887617657458
"AC006238.1",1.03693457624988,1.6660137663185
"AC006946.2",0.263915081683775,0.697932376756937
"AC006960.3",1.60896444815281,2.19798389974827
"AC006963.1",0.96377095739171,1.28778170900792
"AC006967.3",0.372759915888983,0.726295056759006
"AC007029.1",0.540258929267728,0.86517942239059
"AC007318.2",1.77048746063418,2.64179455881273
"AC007622.1",0.176793021864368,0.89217476317372
"AC007663.3",1.21618539238415,1.99098169404582
"AC007849.2",0,1.28606469183956
"AC007923.2",0.31967193722743,0.651814932664588
"AC007952.5",0.0473769376401018,0.806177039953095
"AC007952.7",0.136956586402975,0.788538901374394
"AC007969.1",4.98953085108124,5.33674534757091
"AC007992.1",0,0.42785709670942
"AC008072.1",1.26443509217614,1.87502841948929
"AC008121.1",0.373955562315702,1.09059381458361
"AC008121.2",0.458936740535676,1.27859566839433
"AC008147.4",0.271047438678805,0.651912264032399
"AC008278.1",2.11466494307566,3.07872206522275
"AC008403.3",0.354132998879144,1.65175256048503
"AC008494.2",0.341644266305395,1.47453901073533
"AC008494.3",0.324004161464744,1.02730881497077
"AC008507.3",2.30248694851223,2.89376656734863
"AC008543.4",0.259031975158676,0.694404192068185
"AC008549.2",0.325167611182895,1.04697352950847
"AC008549.3",0.0500095208429532,0.44403852944195
"AC008759.2",0.515028430882306,1.34585339225059
"AC009088.1",2.04243427055771,2.51829821844034
"AC009127.2",0.245173666044863,0.658914975939645
"AC009159.4",0.6999543148328,1.12487248676319
"AC009163.6",1.26292578095411,1.68267531244439
"AC009220.1",0.448223560615925,1.04880078959989
"AC009220.3",0.914997485067144,1.29027839135784
"AC009533.2",0.269295538694103,0.690984678121574
"AC009779.1",1.50348805596269,1.88855974057332
"AC009831.4",0.546696863649884,0.997962529288824
"AC009967.1",1.90697803947663,2.42610437761229
"AC010132.4",1.27415473765316,1.64971982543684
"AC010139.1",0,0.52908044756896
"AC010326.1",0.190287470746387,0.69058950145385
"AC010424.1",1.30968093425252,1.69640504197377
"AC010468.1",0.859089021120437,1.30177332783918
"AC010595.1",0.436352813072382,0.86969115223866
"AC010631.1",0.112821203972945,0.682444969890833
"AC010733.1",2.17221561080273,2.99185134618094
"AC010904.2",0.526885748530336,1.09822098399618
"AC010980.2",3.24627842285433,3.68144468250399
"AC011008.2",0.569092597129178,1.07047496804732
"AC011416.2",0,0.791303193168693
"AC011468.4",1.26215841166078,1.96973638377464
"AC011495.1",1.90827797139357,2.24477677218182
"AC011773.4",1.2778352579448,1.62889045954373
"AC011816.2",0.568651119453868,1.2753500633113
"AC011944.2",1.21793664931153,1.89206126497097
"AC012313.4",2.03033706281421,2.66099444108915
"AC012508.1",0.775226748730688,1.27098449306801
"AC012629.3",0,0.538130323199545
"AC012640.2",2.99470132019146,3.33931040211843
"AC012640.5",0,0.806983719210837
"AC013244.1",0.22517303516767,0.57488117652809
"AC013410.1",0,0.514752644098475
"AC013476.2",0.672612112984822,1.08737317736337
"AC013553.4",0.100727186663036,0.550124632159137
"AC015660.2",0.1935615218478,0.85679358598496
"AC015726.2",0.337053127888375,0.898833091324562
"AC015818.2",2.13588779350521,2.52983923915834
"AC015911.1",0.552295037529303,1.31477100410884
"AC015911.9",1.7032373255216,2.10538551168297
"AC015983.1",0.546169136103072,1.01576277851618
"AC016405.2",0.158240792796245,0.665397684472177
"AC016717.3",0.431012788112738,1.13894090633252
"AC016739.1",2.5657554282013,3.39712863009105
"AC016877.3",0.352126889898143,0.845307763058508
"AC017079.1",0.253443213139309,0.820187240373016
"AC018475.1",0.462559655125093,0.860722480310765
"AC018521.7",1.03618589230584,1.4034177198112
"AC018641.1",0.177813075087132,0.750214642058423
"AC018648.1",0.857050764410621,1.48518526394289
"AC019103.1",0.300654003673406,0.99953178615574
"AC019129.1",0,0.408760484065103
"AC019131.2",1.1277948376613,1.68413881574347
"AC019322.4",3.05006980075036,3.52294551048806
"AC020558.3",1.60648208182564,2.08292054413096
"AC020661.1",0.682768405096263,1.16841591333033
"AC020928.2",0.257655708595452,0.660330646545837
"AC021087.4",0,0.89672158032144
"AC021106.1",1.4983468191267,2.22958876249899
"AC021106.3",1.41825560521718,2.5028467388069
"AC021739.5",0.424651131388204,0.966514520457289
"AC022098.3",0.0785409172622438,0.55634186035948
"AC022167.4",0.397893279189742,0.885073492807817
"AC022432.1",0.848715133537629,1.22084697946074
"AC022968.1",1.19445430248529,2.39689490873588
"AC023141.8",0,0.962961893313263
"AC023157.1",0.271352640983492,0.644380914648638
"AC023538.1",0,0.623593214786068
"AC023796.1",1.62705608639164,2.14066974230488
"AC023983.2",0.918357741867175,2.48256138215075
"AC024940.6",0.805606143292144,1.70431342645463
"AC025166.1",0,0.906800647411893
"AC025262.2",0.814108630153638,1.15333864714283
"AC025754.2",0.0785409172622438,0.561401156235462
"AC026403.1",6.26461564724038,6.98741754434929
"AC026410.3",2.92819429927869,3.34896605238137
"AC026422.1",0.302401240008906,0.715589140608809
"AC026585.1",0,0.843806241475702
"AC026741.1",0.259130076128197,1.24868585059668
"AC027124.1",0,0.711292553892698
"AC027338.1",0.0832915013208612,0.444524514599907
"AC027688.2",0.749685691789676,1.10186987984744
"AC034236.2",2.97904881173305,3.34532477751843
"AC034236.3",0.0998174442401845,0.749785681858726
"AC037459.2",1.00405220695644,1.39526134864579
"AC046176.1",1.71185997813202,2.24194992764672
"AC055764.2",1.02853296085413,1.44537720794568
"AC060766.1",3.43339552930485,4.0499497952509
"AC060766.4",3.60733100494094,4.55710568119749
"AC063943.1",0.888455956268702,2.21776349697748
"AC066615.1",1.34968234117185,2.50490402818729
"AC067838.1",3.8998943163362,4.48241097749231
"AC068057.1",0.587305217295673,1.00570305247342
"AC068138.1",0,0.480739906652952
"AC068448.1",3.0215059071434,3.44815094417516
"AC068944.1",2.0108121048071,2.47647959771349
"AC069213.2",0,0.920635329694638
"AC069218.2",0,0.714409961422162
"AC072052.1",0.18885480922895,0.87789208676688
"AC073261.1",1.94343666776892,2.74141733067145
"AC073346.2",0.800425581752586,1.25834772050911
"AC073352.2",0,0.628986411998482
"AC073534.1",0.44021974934613,1.43464368144287
"AC073578.4",2.44484333408695,2.93524480543911
"AC073610.1",0.159770608126214,0.863264954710523
"AC078909.2",1.28775992584969,1.96700652639648
"AC079089.2",0,0.410894105753825
"AC079250.1",3.1207593677269,3.56581657372312
"AC079328.1",0.227558186304906,0.664023964541072
"AC079598.1",0.466581618501811,0.925952342708917
"AC080013.6",3.14844616554831,3.88468040694176
"AC080080.2",0.105149505089529,0.79531428893579
"AC080112.1",0.905454466938847,1.38576383490138
"AC083873.1",3.75716335463955,4.13494669265542
"AC083906.1",0.28711721789781,0.999286146163818
"AC087072.2",0.0717717750910058,0.505995718670117
"AC087354.1",0.797809904292121,1.1661320062934
"AC087392.5",1.80694287325304,2.63103208019454
"AC087623.3",0.954306653703329,1.33997572769156
"AC090152.1",2.07133548432816,2.90687947118598
"AC090643.1",0.787177004823145,1.11949263511817
"AC091305.1",0.762479735661309,1.54550534986721
"AC091614.1",0.553876053463029,0.980418279960864
"AC091807.1",0.0400993322098282,0.668404440955465
"AC091825.1",0.897594072898677,1.89295547807644
"AC091962.1",0,0.442129123702648
"AC092017.1",0.696087943224811,1.28200107317785
"AC092053.1",0.659829081409678,1.02343966858638
"AC092115.1",1.29107097287855,1.71855833747493
"AC092132.1",0,0.66784422073184
"AC092162.3",0.123794791659233,0.747674825388971
"AC092175.1",0.163624612499748,0.576740408963349
"AC092184.1",2.5175899543771,3.0451973769692
"AC092326.1",0.690439955140159,1.01519478660485
"AC092337.1",1.78284948840966,2.1265168501845
"AC092814.1",1.39031496970745,2.27127707410331
"AC092999.1",1.12186865341791,1.49636247681759
"AC093014.1",0.0811208014836505,0.546922696556922
"AC093072.1",0.588570836505452,1.06381779605475
"AC093510.1",0.671467402525603,1.57747716106559
"AC093510.2",0.367039465521773,0.70463757540094
"AC093535.2",0.980841807079118,1.39296121023365
"AC093582.1",0.548909939468783,1.17971744510548
"AC093673.2",0.566215208634425,1.03319612270622
"AC094104.2",1.56110135455328,2.08749087103055
"AC095057.3",1.57659520663327,2.072888869705
"AC096536.1",1.25648827040056,1.92502773363117
"AC096638.1",0,0.852838704637685
"AC098590.1",0.273177312306641,0.694150784048812
"AC098828.2",0.46231784149148,0.842673902495881
"AC099063.4",0.553057374849362,1.0150729933023
"AC099518.6",0.88019110568095,1.41300983444128
"AC099521.1",0.66203345058857,1.08016711377671
"AC099560.2",4.9455475547602,5.46210626257771
"AC099850.2",1.87597004212904,2.27397931507358
"AC100771.1",0.100778419441656,0.598129487094107
"AC100812.1",1.13931843121548,1.69851301237273
"AC100847.1",1.66524846014908,2.21621961195748
"AC103724.4",0.60660429336704,1.31258733240278
"AC103798.2",0.347986090427117,0.7132228855696
"AC104058.1",1.33649126641667,1.93403139959355
"AC104066.1",0.639474136476075,1.32410863147315
"AC104306.1",0.481825699652755,1.6510717134662
"AC104521.1",0.605074096885308,0.946192979160333
"AC104581.1",0,0.769977603606683
"AC105020.2",0.938703066409762,1.3029266257235
"AC105129.2",0,0.625886102281357
"AC106053.1",0.108490351490487,0.435891554230116
"AC106789.1",0,0.570819097322232
"AC106872.8",0.592057986421001,1.35072618170738
"AC107294.1",2.57347908116434,3.27290666233123
"AC108025.2",1.35311470514668,1.68686090862183
"AC108479.1",1.01358615254654,1.34145014924316
"AC108673.3",2.92550574144078,3.27414608913674
"AC108693.2",0.194247328265878,0.555522007462039
"AC108704.1",0.623760582555429,1.37711381938788
"AC109347.1",1.08047392426061,1.60168661610449
"AC109347.2",0.636178111769817,1.31277583102548
"AC109583.2",3.05044004419898,3.53568721631392
"AC112484.3",1.32717809433802,2.28143516469708
"AC114491.1",1.11849666386546,2.06185897824159
"AC115284.2",2.06390084539911,2.55565086416123
"AC116614.1",1.11287149345562,2.17172581923637
"AC117490.1",0.83713080543385,1.73069829146531
"AC117500.3",1.12184433441429,1.64497313974785
"AC117500.5",1.49106779141141,2.15479327466565
"AC118282.4",1.64140002325936,2.00622271519119
"AC120042.1",0.994554583140385,1.35333082578336
"AC122710.3",0.318188071225342,0.822231656897192
"AC123595.1",0.319563341304808,0.770472397954848
"AC124916.1",0.982545649196732,1.480774785807
"AC124947.2",1.14751581651016,1.79892844436749
"AC125494.2",2.37568476913174,3.03916351755539
"AC126175.1",0.839675809260532,1.28189530922015
"AC126755.3",0.240610937869255,0.642473324372445
"AC126768.3",4.59627820673359,5.05573333012711
"AC127002.1",0.527827060440851,0.913165260997774
"AC127024.1",0.525154835964028,1.13675967365699
"AC127496.5",1.36694435340234,1.841516602916
"AC127537.1",0.959021987354761,1.32210999559558
"AC128657.1",0,0.707449993532218
"AC128713.1",0,0.67678345130642
"AC131935.2",0.409511146046331,0.818472324896918
"AC134878.1",0.287530683860648,0.80275532904237
"AC135388.1",0.699224102217211,1.07373432460471
"AC135776.4",0.995141130276106,1.72507570206807
"AC136443.3",0.21850825422234,0.785970138223953
"AC137590.2",0,0.608335241147813
"AC137630.3",2.08074960070793,2.59281095736518
"AC137695.1",0.262132261203261,0.623374525080795
"AC138356.3",0.416852706756692,0.865241497572341
"AC138907.8",0.896089430920484,1.29294787954945
"AC138907.9",0.821054044906597,1.19061605309092
"AC140113.3",0,1.21912190756874
"AC147876.1",0.205782749272278,0.593729418234018
"AC233266.2",0,0.617083353211878
"AC233279.1",0.33876108696679,0.937259316337759
"AC233280.2",0,0.50973942259017
"AC234782.5",0.242382109790383,0.748121509983733
"AC237221.2",0.230841143428956,0.722568661439978
"AC245008.1",0.244633953412425,0.962183800041315
"AC245100.3",0.348072715310653,0.92876546092355
"ACBD7",1.83667926804948,2.18081903623769
"ACKR3",1.30499685534821,1.75683581157148
"ACTG1P15",0.227607264425307,1.05807368007336
"ACTG1P24",0,0.82367563687665
"ADAMTS4",3.79714476899852,4.25380847402449
"ADH5P2",0.0292235394674725,0.619484887946612
"AF111169.2",0.51632270092806,1.27618591476038
"AF129075.2",0.547547413964059,0.881438933530592
"AF131216.5",0.372367042501235,0.967668574994841
"AF186192.3",0.21381940915876,0.672240659742952
"AF250324.1",0.250763043456222,0.59501398309234
"AIFM1",3.93539838064788,4.43753253132531
"AK4P4",0.0752050934371508,0.485973623679097
"AKAP8P1",0.778026815086728,1.22985525987628
"AKR1C3",0.600700011725024,0.955727762938517
"AL008635.1",0.735517280006912,1.14337597932587
"AL008721.1",0.668057918340378,1.20608527906258
"AL009176.1",0.0322838207820547,0.484101619124103
"AL021068.1",1.77817692877338,2.45039289335564
"AL021408.2",0.160944342964655,0.566500525019703
"AL021937.4",0.673395975639587,1.10361304945979
"AL021997.1",0,0.827968259154605
"AL022316.1",0.370001772978031,0.718531175731028
"AL023773.1",0.0535187797408882,0.438546582692425
"AL023806.3",1.01843869046537,1.61576882641443
"AL031008.1",1.04434662324239,1.61349784828871
"AL031121.1",0.217505932077313,0.678148388473223
"AL031679.1",0,0.713705922846462
"AL031773.1",0,0.695469675809128
"AL031777.1",1.47832769069255,2.90789420515029
"AL034346.1",0.354303906269025,0.870249267099716
"AL034379.1",0.8684286779714,1.97422825664769
"AL035411.1",4.03629335475692,4.4299396044398
"AL049637.2",0.736528258092032,1.11160232340133
"AL049780.3",0.205236486129933,0.598649529175047
"AL049871.1",3.20482221477879,3.55996666554786
"AL049873.1",4.45020939124094,4.98615413621902
"AL096711.1",0.511978650927535,1.35454173855925
"AL096828.3",0.369640801643097,0.704880987891143
"AL110115.2",0.109191986263263,0.812671482916675
"AL117332.1",2.12332093111002,2.4754168027296
"AL121761.2",0.606973724076511,0.951808046559181
"AL121890.5",0.924478519272845,1.64569176953939
"AL133163.3",1.13156230923286,1.66146796681571
"AL133270.1",0.201192980926793,0.84302962122649
"AL133325.2",0.367577592428903,0.906848596539022
"AL133338.1",1.51110598656626,2.00287009221972
"AL136126.1",1.57730503755357,2.0627318725593
"AL136141.1",1.71903069236714,2.47430388845789
"AL136301.1",0,0.590509460856245
"AL138995.1",0.187462176459706,0.963828538087714
"AL139008.1",0.624538147897888,1.38975417886889
"AL139125.2",0.254082706147004,0.976195720117395
"AL139274.2",0.597441452888277,0.959902189609076
"AL139384.2",0.78889210138881,1.24630296091745
"AL139413.1",0.177613401261015,0.525924795377355
"AL157414.3",0.0763546809403638,0.774470073408386
"AL157777.1",0.770903567469645,1.44601866858853
"AL158050.1",1.72977653902144,2.27954295706493
"AL158063.1",0.398115137303651,1.18643078910684
"AL158801.5",0.404301577986893,0.848035707266032
"AL161669.3",1.29162696587527,1.68912383660974
"AL161911.1",1.27958799068369,2.08575400151507
"AL162412.1",0.57736971972809,1.02003248849603
"AL162413.1",3.33116642695725,3.73859515912605
"AL162431.1",0.102220618501869,0.501077212336328
"AL162588.1",0,0.53588012460247
"AL353572.2",0.478246704743447,0.995683650289227
"AL353719.1",0.97810652365692,1.60712038360144
"AL353807.2",1.17468948389097,1.74025018313557
"AL354714.2",1.97396530832359,2.48944383256299
"AL354718.1",1.54065194508751,2.26358471212472
"AL354877.1",0.388221371348692,1.31200030780767
"AL355338.1",2.61387973631442,3.08568071936344
"AL357060.1",0.334701848882569,0.688493989394304
"AL357078.3",0.101259224924393,0.860168680439344
"AL357315.2",0.696702522902172,1.07310276601351
"AL357515.1",0.538902218645302,1.01889161230364
"AL358613.2",0,0.473560491833193
"AL358942.1",0.863537103375374,1.37260331818448
"AL359641.1",0.321984536435276,0.987398061461934
"AL359711.2",0.122776527453699,0.740233853974049
"AL359752.1",2.45705890747464,2.96334585149545
"AL359837.1",0.166218342549402,0.930956894059492
"AL365181.1",1.48562008231393,1.82201231243483
"AL365204.2",1.24051574409907,1.73242531346895
"AL365356.5",0.328591929949756,0.75194569151357
"AL365366.1",0.61273077660974,0.945547661284657
"AL390037.1",0.550901020943991,1.29778909995768
"AL390195.2",2.55624780073317,2.93813926479898
"AL391069.3",1.86330288733349,2.53341979557198
"AL391294.1",0.741939024488963,1.15944602188327
"AL391834.2",1.79769800170143,2.33279412353271
"AL442128.2",1.94855308053373,2.49255835937917
"AL445991.1",0.483897644732798,0.902914175286295
"AL450326.2",0.158793736805675,0.529063447435005
"AL450990.1",0,0.641587874481765
"AL451064.1",1.7369287467358,2.56926873417647
"AL451142.1",0,0.656976370016613
"AL512844.1",0.264232574681237,0.645884166965967
"AL583856.1",0.23513630339788,0.704272287166088
"AL589743.6",2.28316139919074,2.76081280075226
"AL589765.7",0.0925951831424037,0.598925785979654
"AL589987.1",0.18298456826312,0.713775699988707
"AL590065.1",1.0843950510023,1.51965242776279
"AL590552.1",1.75434165437858,2.17389999196265
"AL590560.3",0.19609179799413,0.989291616468828
"AL590762.3",1.77427433433212,2.17858983302632
"AL591163.1",3.74174645297843,4.10472887682681
"AL591926.3",0.206443602891733,0.74750801434844
"AL591926.5",2.40359165210505,3.05012062218519
"AL592424.1",1.33398283433285,1.6722770707014
"AL603750.1",2.08011069920703,3.14954866309991
"AL606534.5",1.30112494559587,1.74967346580836
"AL627223.1",0.132100555209884,0.651135584270028
"AL627230.1",0.884422349069418,1.26266122253433
"AL627230.4",2.47179575298361,3.03346257113231
"AL627230.7",3.08176669042055,3.5400299882198
"AL669983.1",0,0.51976748513272
"AL672207.1",0.915874145787368,1.48583657455965
"AL731563.3",1.85729242060768,2.27892807770721
"AL732292.2",0.693724230723167,1.93123352062007
"AL935212.1",0.485151533144126,0.961537331881581
"ALCAM",1.10327442478626,1.50344590332384
"ALDH1B1",5.17318149936303,5.57329833466459
"ALKBH7",3.77832314826542,4.22349126359066
"AMER1",2.66315482961905,3.00626342288957
"ANAPC15",1.7848026603684,2.14809493345567
"AP000221.1",0.0151827321459862,0.543922179983387
"AP000253.1",0.854823645898288,1.2733215663913
"AP000343.1",0.202010277051026,0.788406222917332
"AP000432.2",1.67033818343603,2.04178668645116
"AP000542.2",2.03048236375669,2.42590470515674
"AP000568.1",0.377985168799616,0.770297612631706
"AP000808.2",0.438076913022484,1.01234161137204
"AP000944.1",1.26825437325632,1.6235961546059
"AP001059.3",0.283515684438938,0.793654803696282
"AP001264.1",0.045162554706051,0.485804664258032
"AP001462.1",2.07807679226479,2.45698187308432
"AP001505.1",4.47933777734216,4.96467082838732
"AP001542.3",2.30149044338107,2.69254088877815
"AP001630.1",0,0.636144324041578
"AP001816.1",2.37638182316251,2.70662025982122
"AP002373.2",0,0.528715162010236
"AP002982.1",0.255155863144107,0.965909422611269
"AP003041.1",0.560362224581513,1.12174570738706
"AP003119.3",3.63788747747913,3.98267908554863
"AP003392.5",0.997187964346997,1.69769861951396
"AP003499.2",2.73327209247692,3.28361324685862
"AP003548.1",0.459532987156249,0.800159483230816
"AP003717.2",0.311999297440497,0.742933461973612
"AP003969.2",0.632224999893894,1.0172813280656
"AP005212.1",0,0.63465707552607
"AP005432.2",0.815584598466021,1.21805727962709
"AP005671.1",0.0893423846251215,0.455668659588883
"AP006287.1",0.0745118115621138,0.604016590250275
"APELA",2.7167603430576,3.06381867757609
"APOL4",1.83356788085143,2.18463127143294
"APRT",5.51401474438531,5.88614107348351
"AQP3",0.958957095384837,1.29055903442164
"ARL4D",2.95288279605441,3.62332095191616
"ARL5AP1",0,0.597589747708743
"ARMC10P1",1.41490053514597,2.25132786737052
"ARRB2",4.28690651758284,4.62656294016403
"ARRDC4",3.65060211219229,4.10871411622998
"ARVCF",2.38361562990843,2.72672647848919
"ARX",0.642237139917362,1.4875178686843
"ASB9",1.12957203073572,1.66662500576718
"ASCL1",6.19777485361389,6.95136342550944
"ASS1",0.869020389501566,1.23761534406052
"ATCAY",0.937775612154696,1.63615670070717
"ATP1B2",3.95073845468029,4.3707711445147
"ATP5F1CP1",0.16960034801027,1.11257329820346
"ATP5F1D",5.65611771954297,6.08704686113251
"ATP5MC2P4",0.422086633273314,0.943679248866138
"ATP5MD",3.85868194440897,4.25479978550602
"AURKB",4.16428283207807,4.55392045420202
"B3GNT4",0.501698312093803,0.840590386670011
"BARX1",1.39614594854195,1.99621043255563
"BBC3",2.68593963483647,3.21039854213469
"BCL11A",1.41145160313269,1.85166672162552
"BEST3",0.419271593128762,0.780638449138729
"BMPR1APS2",1.31417248550877,1.92313034522885
"BOLA2P3",0.370816358892122,0.871966406539355
"BORCS6",2.96870428613987,3.54253717713826
"BST2",1.91962478693364,2.72735071198326
"BTG1P1",0.240213960897573,0.801904595079545
"BTG2",6.95939737841101,7.45410060542719
"BX005266.3",0.421146234463795,0.993796308936633
"BX284613.1",0,0.527765727886803
"C10orf82",0.438088062519709,0.916593353668135
"C12orf57",4.99053340912103,5.40655102313186
"C15orf39",3.09224687276818,3.45323889133411
"C15orf59",2.36209708058665,2.79567282417624
"C15orf59-AS1",0.678716663150499,1.18707427711497
"C18orf32",1.95118483135542,2.35919427713992
"C19orf24",3.93067588176787,4.30852216377529
"C1QBP",4.56731363023034,4.9228796492774
"C1orf61",4.79532189485851,5.16662026770132
"C2CD2L",2.68268376331855,3.0405280215358
"C2orf80",1.72813181388332,2.40916246549944
"C4orf48",3.24918819519244,3.57672183205589
"C5orf38",2.68278230644504,3.06761479051466
"CA14",4.99342221221821,5.41830695610962
"CA9",2.24737410428312,2.83067284630871
"CACNG4",1.97012028908549,2.34949544728252
"CAMKV",2.01458014874717,2.37146531250654
"CAMSAP3",0.5976312922825,0.972119473360033
"CBLN1",1.46227750515785,2.04186675181387
"CCDC112",2.00821482872123,2.42844978676055
"CCDC167",2.00868120708089,2.34866772596326
"CCDC188",2.77294689045237,3.1173501565331
"CCDC80",3.33120710438804,3.932399307226
"CCND2",3.29772959322257,3.65304240532823
"CCNE1",1.90209568729656,2.28112908001006
"CCNG1",4.65822103964779,5.06745871389227
"CCT4P2",0.509985488075196,1.15501941982378
"CCT6P2",0.279179973095785,0.652275986052066
"CDCA4P1",1.18339644554366,1.89934960100913
"CDK18",2.174655310103,2.54498636343751
"CDK2AP2P2",0.430898927609765,1.17535717355898
"CDK5",4.26203408824704,4.6658885120706
"CDK7P1",0.333365497292968,0.687759727836597
"CDKN1C",3.62472177186673,4.10563452977809
"CDKN2AIPNL",2.999224497645,3.47802587316426
"CDRT15L2",0.206613317112016,0.669247320180928
"CEACAMP7",0,0.579308285421023
"CEBPA-AS1",1.46593189758179,1.80372572705861
"CES2",2.77218259212497,3.16638462035729
"CES3",1.23526376032065,1.84729373138948
"CFAP58-AS1",1.12278282437383,1.61181907419198
"CFH",0.602129881401117,1.14463643769943
"CHCHD2P3",0,0.682532212850308
"CHCHD2P9",0.44058155671343,1.05824000225525
"CIART",2.35951737184196,2.70673560832935
"CISD3",3.52400739500905,3.97239062420177
"CISH",1.58104687091,2.03276058948858
"CITED1",0.980827583547463,1.3031722170626
"CKB",6.82347350884444,7.16411552280042
"CNOT6LP1",0.362267092408341,0.878459758689381
"COQ3",1.34813510484782,1.68162339973643
"COX5A",3.85677212827898,4.33258213856048
"COX6C",3.38441868542631,3.71178961287146
"CR769775.4",1.04897698581188,1.60971999792788
"CR848007.3",0,0.504749298862833
"CRYM",1.09766450467246,1.53465422370859
"CTBP2P1",0,1.16698895191887
"CTXN1",4.83427118953695,5.17936322824233
"CUL4B",3.92644117995366,4.29212350707764
"CXCR4",0.891536220948926,1.57695891121428
"CXorf40A",1.70480567748913,2.11579366835409
"CYB5A",0.946568931493417,1.31418138112119
"CYC1",5.58148524465427,6.18771639242804
"CYFIP2",0.589439454242715,0.928411847982328
"CYP2W1",0.55736888769994,0.916297209441591
"CYP4F26P",1.49619650394096,1.89949564764938
"CYP51A1P1",0.326685263118528,0.685596528244119
"DAP3P2",0.165548924174086,0.678165548249408
"DBN1",5.17156913572874,5.57697455936918
"DBP",2.23013808550752,2.56172774066151
"DDIT4",4.90322783635085,5.24991431364537
"DHRS11",2.71108148006914,3.0719390474252
"DLL1",1.82030764485251,2.24906410079204
"DLL3",3.25856246663627,3.88189144764138
"DLX2-AS1",1.0893709851734,1.45613422334016
"DLX5",6.6957534875861,7.33402521289561
"DMRT3",1.39369509948643,1.91666917975604
"DND1P1",0.666460404763464,1.04908745399275
"DPH2",4.67080021426454,5.07632602678499
"DUSP26",1.16070571105714,1.52184527717172
"DUSP9",1.83985622931663,2.46661914063615
"DYNC1I1",0.611101675589319,0.951317409765882
"DYNC1I2P1",2.15555394928162,2.7768275512208
"DYNLL1P3",0,0.725547475184127
"DYNLT3P2",0.214226651477953,1.46385238526769
"DYRK1B",3.71842087122413,4.04519919493513
"EBP",3.77622483300039,4.31929450337502
"EBPL",2.02869440549937,2.4647304990806
"EEF1A1P1",1.366240979136,2.0859537505685
"EEF1A1P13",2.10641372815986,2.6183192878163
"EEF1GP7",0.203071699919509,0.87840401884196
"EFNB1",3.05943532375638,3.64901115467299
"EID2",4.48614461497101,4.84074699443391
"EIF2B4",3.87454018865111,4.25061010195312
"EIF4A1P4",0.435212033202189,0.861109459271158
"EIF4A1P9",0.038970104997629,0.483316412413377
"ELAVL3",0.939746889290356,1.4097917149543
"ELK1",3.54333126257343,3.96751346922379
"ELOCP2",0.797871547160533,1.31943392342633
"EMC9",3.18096356286489,3.53113387648465
"EMD",6.48368737437404,6.84705861593714
"EPO",0.205793699291236,0.761433577674922
"EPOP",4.6089503445314,4.96551911178685
"ESRRA",3.09375475115189,3.48573991080112
"FABP6",0.939295128692555,1.65284275405083
"FABP7",5.6473403923259,6.2426850027508
"FALEC",1.40257020767406,1.92383796589724
"FAM110A",1.47005711795693,1.82618102739687
"FAM180B",0.183628041635023,0.649354583147755
"FAM207BP",0.669485412417984,1.21463830878725
"FAM212A",2.3090167945055,2.6330623344372
"FAM213B",3.47047219181989,3.81901531047425
"FAM220CP",0.507981198669828,1.12091411760505
"FAM241A",1.1371593129582,1.51263511373245
"FAM27D1",0.716247790895917,1.03872613164911
"FAM43B",1.5934657768875,2.26374680409954
"FAM96AP2",2.63482612370764,3.3158421996361
"FANCG",4.63943004546237,5.03542394917454
"FAUP1",0.564776393854648,1.03677744819569
"FBXW9",2.14839535288811,2.47670209450797
"FCHO1",0.41828691835357,0.781966047936629
"FCRLA",2.08994201261192,2.44254943387727
"FDFT1",5.30215576778451,5.62863157954574
"FERMT1",0.692097074810442,1.01423661224432
"FGF23",0.806367945255882,1.37996011227497
"FGFR4",1.83036593208232,2.18757873094344
"FKBP1C",2.62894856177477,3.10378490643215
"FKBP9P1",1.41152372854702,1.73910525324851
"FLOT2",4.8453114225745,5.20690462547697
"FOXC2",0.831175604781465,1.45968410038685
"FOXL1",0.904422843041222,1.44823214272866
"FP671120.1",2.45494426696756,3.26976955042733
"FRAT1",2.44583816392836,3.01346587511636
"FSCN1P1",0.392668115099258,0.874448820901967
"FUNDC2",3.63770089433297,3.98862068517134
"FUNDC2P1",1.08647871820182,1.66321860515033
"GACAT3",1.40455619508821,1.77599246372666
"GADD45G",3.38187570980734,4.06478612445096
"GAL3ST3",0.471384598429859,0.975127475744648
"GAPDHP1",4.193941077086,4.95125599853659
"GAPDHP37",0,0.635474204740028
"GAPDHP65",1.60512176697866,2.00398158980713
"GASAL1",0.430248998365548,0.797229461087603
"GEMIN8P4",2.16308530434804,2.52126661684671
"GFRA1",0.306986017167096,0.65818819816717
"GGN",0.913160068818483,1.36627347837038
"GGTA2P",0.550028572334335,0.992521837014407
"GJA1",3.70614899831486,4.37390065496515
"GJB1",1.39606453350994,1.74401314196232
"GLRXP3",1.71917904272551,2.08380245118438
"GNMT",0.507116105069116,0.853136101881355
"GPC2",4.4507430444978,4.94259057140016
"GPM6A",0.31124579635388,0.723460353606443
"GPR12",3.99964393593923,4.43033489236172
"GPR182",0.161294696767851,0.744655287355364
"GPR85",2.32023401257402,2.70535030134939
"GPR88",0.608633303550153,0.991170021460361
"GPX1",6.58283606150727,6.96129025591214
"GRIA4",1.00619772726181,1.40932442941589
"GRIP2",1.76934283404394,2.37383947401429
"GRWD1",3.21402354260742,3.62399592875662
"GSR",2.80412559979816,3.13805778902131
"GSTP1",6.93356278031065,7.31120504072592
"H2AFZP2",0.052595908169487,0.807229342206215
"H2BFM",2.07392515342473,2.4815036918732
"HADHAP2",0.138123877209871,0.831929042147232
"HAUS1P2",0.0852825769996787,0.421096503596228
"HAVCR1P1",0.227190330764427,0.622060227230407
"HBQ1",2.03179286686993,2.40192601737492
"HIGD1AP18",0.544864796884203,1.290073442759
"HINT1",4.96649055736793,5.45101144175865
"HIST1H2BO",2.4593183405103,3.0407952609929
"HIST3H2A",5.5426301054756,5.90514460409535
"HLA-S",0,0.998226954193133
"HLA-T",0.470486638772985,0.81286311105576
"HLA-Z",0,0.755178550343415
"HMGB1P1",0.251994537215702,0.757146335592327
"HMGB1P37",0.235278195646377,0.734161873045123
"HMGB1P45",0,0.583652427263563
"HMGB3",5.45304069783243,6.02418623413262
"HMGN1P17",0,0.553179595488928
"HMGN2P17",1.13570005783291,1.57601028335033
"HMGN2P21",0,0.657550946771513
"HMGN2P22",0,0.907563441989022
"HMGN2P31",0.229402258662943,0.808393043591045
"HMGN5",1.21777875057786,1.62473152935101
"HMOX2",2.07466457515497,2.41411869994275
"HMX2",0.289840792422696,0.907428160111088
"HNRNPA1P12",0.598381355656976,0.960578863808658
"HNRNPA1P39",0.0790380860560483,0.460677513509392
"HNRNPA1P4",1.16951256093565,1.53902449931293
"HNRNPA1P41",0.0443360980084995,0.603036607930894
"HNRNPA1P60",0.0614022163053012,0.595268714043352
"HNRNPA1P61",0.590893780646746,1.11426151208599
"HNRNPA1P63",0.0337806150533307,0.728612765654813
"HNRNPA3P5",1.59702198557771,2.06147992667093
"HNRNPUP1",1.76366814794745,2.3207642727475
"HOXA1",1.01448823606576,1.48567882195358
"HOXB13",1.30104124094133,1.94810454121088
"HOXD12",0.975904801362862,1.34609193568447
"HRAS",3.0596782989645,3.39828577311601
"HS6ST1P1",0.142854836721958,0.557568134834349
"HSD17B10",4.59444666933681,5.45166105258452
"HSD17B7P2",1.42762343286994,1.76813322777767
"HSD17B8",2.58156273125438,2.97448137567727
"HSP90AA5P",0.486906274383887,0.844275062834793
"HSPA1A",0.872394138346359,1.46324676064984
"HSPB1P2",0.391544380199466,0.7762432590692
"HSPD1P4",1.23643496417261,1.6821716301445
"HSPE1P4",2.35619929310183,2.91962985738217
"HSPE1P6",0.210283839116014,0.625423436904998
"HTR1D",0.742378810468829,1.80166144521694
"ICA1",0.553179034486384,0.994752638195743
"IDH3B",5.39132633741797,5.72517618234959
"IDH3G",5.06154866342973,5.41694304174125
"IER3-AS1",0.243245102016932,0.763476556990898
"IFNA20P",0.449410461172038,1.37137114193406
"IGFBP6",1.09696656733794,1.42287531539516
"IGLV1-50",0.694616197231082,1.1389671767115
"IMPDH1P5",0.645370799230832,1.02367469738234
"INTS5",3.44074047823538,3.81611775098117
"ISCA1P1",1.28530672208291,1.68499295788115
"JADRR",1.23922894786705,1.8356259164644
"KANTR",1.77585169885658,2.15370104648694
"KCNA3",0.293717822285747,1.07909272169338
"KCNH2",1.37313851295932,1.84104885741679
"KIF21A",2.97760994463155,3.37243504756238
"KREMEN1",1.79366616620739,2.19409864358212
"KRTAP9-6",0.860190510497939,1.21568532300084
"LAG3",1.82912912455785,2.52102430055237
"LDB1",4.60056159057327,4.92798372852288
"LDHAP5",0,0.582929175712717
"LDOC1",6.74041689983982,7.15263316951972
"LEMD1",0.857794390205999,1.19097402574176
"LENG9",0.353080086764234,0.677286810574972
"LGMNP1",1.82115242011589,2.18628505098429
"LHB",0.23336209730721,0.659177584612296
"LINC00483",0.441181670937419,0.777102485683734
"LINC00506",0.943137351624002,1.27890552156068
"LINC00896",0.072362057176893,0.643336102432312
"LINC01018",1.07991345899047,1.56482889795583
"LINC01058",0.646850901659197,1.05116753482151
"LINC01136",0.579648854980874,0.948595481679265
"LINC01293",0.712300769835852,1.60737604711414
"LINC01326",0.113665326848242,0.61639387875572
"LINC01560",4.30193608082291,4.71549452728475
"LINC01563",2.09447757610894,2.6024619911596
"LINC01649",0.174842393627996,0.567248301083202
"LINC01659",0.251699190790716,0.629935392919814
"LINC01666",0.863671237928857,1.37706466882845
"LINC01694",1.42143638744817,1.88786702039206
"LINC01804",1.5471049731241,2.43151268539808
"LINC01873",2.29218044810864,3.11108188412031
"LINC01896",2.57704043617828,3.21970963368516
"LINC01960",0,0.453013933066803
"LINC01963",2.30961209592143,2.93629497535661
"LINC01993",0.65346345353288,1.04432607857156
"LINC02080",0.959222005914344,1.39574419071157
"LINC02108",0.617173408070754,0.960754595416517
"LINC02525",0.729308204617992,1.15900578726103
"LINC02576",0.80683611680644,1.20579629000595
"LINGO1",0.698239691413795,1.04982461270978
"LIPG",2.44439141289477,2.7741763353634
"LMO1",1.29528681881285,2.30353328469737
"LNCPRESS1",0.400104564071828,0.837338408097774
"LOXL1",3.54161681954273,3.87316828390168
"LPAR4",2.64769164291849,3.02608706167423
"LRCOL1",1.09289911384342,1.66259564589082
"LRRC37A7P",0.83262766500094,1.16955168857971
"LRRC75A-AS1",3.97277530410216,4.30682932002742
"LRRN2",0.558155408873165,0.953160696416511
"LSMEM2",0.320427854353588,0.668916498166146
"LYPLA1P3",0.195415662756668,0.952752326864461
"MAGED2",6.01905064196122,6.39633744262825
"MAGEE1",2.26751480288474,2.66335830476347
"MAGOH3P",0.676402057493558,1.03312702785019
"MAP1A",3.90116001982899,4.25315402546506
"MAP2",2.95920267012904,3.34820000630881
"MAP2K6",0.695598543903541,1.09539594331946
"MARCKSL1",8.11624029894535,8.44503140844692
"MARCKSL1P2",0.994935702292907,1.40067649816053
"MARK2P10",0.243299243807311,0.609045426552972
"MASP1",0.386088550902407,0.767847801278206
"MATN2",0.430021988350775,0.796294717160501
"MCFD2P1",0.360905518165505,0.752363556472308
"MCHR1",0.803368247681266,1.30440285718555
"MDH2",6.10024648506724,6.43215024191994
"MED11",3.87529495866896,4.25797848920992
"MED14OS",0.35638225936891,0.733684625449669
"METTL7A",3.62524986793446,4.52416949779792
"MFNG",0.457983615763822,1.24981051411444
"MFSD3",3.73986698566749,4.32692217134978
"MID1IP1",4.57294134031566,5.16893408013242
"MIR124-2HG",2.06459084451254,2.39043806001034
"MIR1299",0.32464296506605,0.676411476588875
"MIR30B",0.530630733874327,0.863839228654867
"MIR30D",0,1.40205939695636
"MIR331",0.358582829738663,1.28812639052813
"MIR376A1",0,0.940550597717212
"MIR376B",0.292278141024458,0.773834295437618
"MIR382",0.675609099541153,1.11879184336464
"MIR503HG",2.00253719888405,2.34017793694564
"MIR548A3",0.650203220737283,1.07665856710304
"MIR8070",0,0.686586830213297
"MLLT10P1",1.55695512135855,1.88750145577633
"MNX1-AS1",1.55468812726812,2.2310834103433
"MPV17L2",3.91353723957664,4.70392553726384
"MREGP1",0.600739060084217,1.00247616029133
"MRPL21",3.14538261418634,3.46887020791641
"MRPL27",4.22131732526631,4.57273784177172
"MRPL30P1",0.462811444609288,1.2017248736547
"MRPL35P2",0.620750356904761,1.00612604064989
"MRPL40P1",0,0.554613193343605
"MRPL41",4.66532498124337,5.34023394551971
"MRPS34",7.26959922858171,7.63001449362535
"MT-TQ",5.83840545532075,6.21652240498085
"MT1G",2.13143659370042,2.76314823394585
"MTCO1P1",0.951671680893482,1.57511191919133
"MTCO1P17",0,0.474423454141897
"MTCO3P39",0.482540355796986,1.59417852503906
"MTND4LP22",0,0.660481716943302
"MTND4P30",0.433945345989605,0.950977572787257
"MTND5P15",0.37691696428615,0.812812885192292
"MTND6P2",0.633326496978,1.29413787133779
"MTRNR2L10",1.47410441163419,1.82124651741832
"MYCL",1.94793020718342,2.78480826629606
"MYCN",8.76878768844247,9.27556144316178
"MYCNOS",2.14682420835171,2.53487964731704
"MYL6P3",0,0.49216766916972
"NACAP7",0.143902221489732,0.633001942626467
"NCAN",0.583068667521925,1.01166576008038
"NCBP2-AS2",5.72542433879938,6.15926178439748
"NDUFA1",4.95723836743979,5.34600061119273
"NDUFA2",2.23013325002722,2.56451736939322
"NDUFA5P6",2.03292638668585,4.12934838587801
"NDUFAF8",4.65586313264041,5.08632121829867
"NDUFB10",5.66548078843875,6.01914506162822
"NDUFB11",4.8032847160201,5.46192263371055
"NDUFB6",1.40061808973561,1.74131020080021
"NEFM",0.1584168419382,0.744143808198288
"NFE2L3P1",0.748526265767353,1.16285214979375
"NIPSNAP1",4.24157480410649,4.61983814592093
"NKAP",3.20366563419325,3.58482904794594
"NLE1",2.99771206368928,3.34551469550701
"NME2P1",0.448298522646597,0.833554485300882
"NPM1",6.82762809304663,7.25052646085297
"NPM1P12",0.29573257037305,0.687549915563141
"NPM1P39",1.9269946471079,2.66440347798811
"NR0B1",3.47664503252332,3.91540629428117
"NSDHL",3.10159615932709,3.54707201525456
"NT5C",4.62914474590655,4.97059816816531
"NUAK2",1.18149298727817,1.89899548922452
"NUDT10",3.53105536241703,4.02154173862903
"NUDT11",3.75979660121471,4.24946966523548
"NUDT2",1.96475484417502,2.45238284271604
"NUDT9P1",0.297120495202493,0.74795144837825
"NYNRIN",0.932201859701171,1.4275651987619
"OR10H1",0.849746807882743,1.23634153659509
"OR10K1",0.645751412759759,1.15071422259661
"OR1L3",0,0.776181821306945
"OR2B6",0.565658283639029,0.942169082204216
"OR2W6P",0,0.609435286570917
"OR4F17",1.32026706696416,1.69487674828063
"OR52A1",0.68665493082878,1.05613810346527
"OR52M1",0,0.657941586738908
"OR5AS1",1.78376955498323,2.14401160033124
"OR5B21",0,0.551350657550492
"OR6D1P",1.17659278610395,1.52363368263801
"OR6K1P",0.781410867047414,1.19149627568729
"OR6V1",0,0.638043363388458
"OR7E15P",0,0.499276193537577
"OR9H1P",0.962711895595048,1.28995791369274
"OSR1",2.21002953047302,2.6722635575858
"OSR2",3.46209640743866,3.9066433731998
"PA2G4P2",0.656558013956256,1.26623946334506
"PABPC1P3",1.48285113837654,2.55685441407889
"PARD6A",1.94427773463773,2.50715043421876
"PBDC1",3.43060802726829,3.87715279187442
"PCBD1",4.33847972640841,4.76789244077545
"PCDH8",0.24870876795732,0.672557903230591
"PCK1",1.86558779213956,3.1598591406705
"PCSK9",0.471147224535306,0.873433118781888
"PDGFB",1.32911989664125,1.72330641676315
"PDSS1P2",0.14426220062374,0.632876586049093
"PDZRN3",1.0330784394894,1.47936327396235
"PGDP1",0.279897143246955,0.678363460857869
"PGLYRP1",0.12626791306401,0.676597736033053
"PHF23",4.98402903787818,5.48602700971884
"PIK3R3",2.8596065271317,3.23473129816468
"PIM2",3.2621058731762,3.78852984338766
"PIM3",5.06746849589555,5.41383130062032
"PIPSL",1.07134528099824,1.44620316381267
"PITX1",3.65455976736463,4.07107941415036
"PKMP1",0.596933559306432,0.949888633717427
"PLA2G3",2.1724678898769,3.40481068023364
"PLEKHB1",3.47463479134109,3.90407667499202
"PLK1",3.89817486455617,4.23339614044608
"PLP1",3.90457112873281,4.32515240023324
"PNPO",2.06679780645712,2.45296307698286
"POLR1E",3.52406543388249,3.84688354995422
"POLR3K",3.56102559776278,4.06588030934718
"PORCN",2.66183917911989,2.99109914242588
"POU3F1",0.430677533013358,0.872697197756326
"PPA1",3.79673562689426,4.16225513285904
"PPIAP22",6.77987797033229,7.11319521721227
"PPIAP43",0.243065453447778,0.817299456727918
"PPIAP48",0.278836735879924,0.656327810647126
"PPIAP58",0.831855074320101,1.51285128752859
"PPIAP60",0.345728315048342,0.698062771494295
"PPIAP65",0.228510516241995,1.046201664776
"PPIAP72",0.542732804389132,0.87617835009622
"PPIAP77",0.3727798979151,0.954834187827365
"PPIAP89",0.281465981105266,0.824052111350221
"PPM1AP1",0,0.509397613878818
"PPP1R2P1",0.125048939726116,0.854969610954815
"PQBP1",4.47683375433874,4.83459902190971
"PRADC1",2.70148612325207,3.08171697177358
"PRAME",0.315472731478561,0.696610773777306
"PRB3",0.726804728399604,1.25635326137605
"PRDX1P1",0.378899742341759,0.741535697317297
"PRDX4",3.50583958482702,3.83162479617994
"PRDX4P1",0,0.412520251880977
"PRELID1P1",0.694528809116755,1.20251629600811
"PRELID3BP7",0,0.810862553572728
"PRKXP1",1.08242501098117,1.40683459537122
"PRPS1",4.76875767847052,5.54619152809639
"PRR22",1.41340404849442,1.89235588412171
"PRR30",0.10082125639625,0.445430524545171
"PRR36",4.90982186442407,5.35161218162929
"PRSS3P4",0,0.842471168616595
"PSMB6",6.87600468405738,7.27386506375208
"PTGES2",3.79782527689001,4.13739569507607
"PTGES2-AS1",1.68916559585181,2.04731456289253
"PTMS",7.92668572564474,8.29653405372384
"PTPRO",0.705703417370005,1.14395381254231
"QPCTL",2.86018998846379,3.23885692834721
"QPRT",1.52514474745072,1.96740312418326
"RAB33A",3.07862748559469,3.73226331121953
"RAB3A",1.69312443741843,2.35884447807712
"RAB40B",1.86425971528904,2.19162715579955
"RAB41",1.80729299313388,2.25613842412749
"RAC1P2",5.57333361832136,5.99897805639871
"RACK1",7.63484213839061,7.96571476066343
"RAP2B",4.35634560151406,4.69748703762045
"RASL11A",0.619760669240461,0.991602106582998
"RBMX2P5",0.20538838988796,0.746352608415437
"RBMXP2",0.792487585251691,1.16599146658819
"RCOR2",4.52667584313837,4.95841405358894
"REC8",5.85560841460281,6.44286218612145
"REXO1L1P",1.73956293083679,2.17155281100117
"RF02272",0.326987034133665,1.31845607221526
"RGPD4-AS1",0.661310502078326,1.04082091479124
"RGR",1.47651860850737,2.04982424899901
"RGS8",0.351359288540928,0.709614442806458
"RHOV",1.51151481631721,1.84677730380252
"RIBC1",1.62788508428371,2.08793065432245
"RIMS4",1.016285065503,1.66291001624186
"RN7SKP112",0.302789581023764,0.630033349784097
"RN7SKP185",0,0.831354717746217
"RN7SKP66",0,0.483165063930028
"RN7SL104P",2.49919502965681,3.74876879427263
"RN7SL156P",0.483196349658722,1.12127736236058
"RN7SL18P",0,0.876878679371127
"RN7SL191P",0.17390078847076,0.596145312262595
"RN7SL208P",0.588172899537298,1.1108092551795
"RN7SL251P",0.141159606538121,0.881863865418615
"RN7SL296P",0.228520892993668,0.611909112547315
"RN7SL371P",2.04639681706831,2.64379279356276
"RN7SL43P",0.143351033961769,0.936641166904034
"RN7SL472P",0.239601067097473,0.649908532333897
"RN7SL475P",0.34415256586157,0.716637822221015
"RN7SL525P",1.86529287102537,2.53833485659423
"RN7SL585P",1.3787813312458,2.31804476837095
"RN7SL586P",0.207463922156093,0.732448661856472
"RN7SL58P",0,0.945906703419387
"RN7SL592P",0.754217406560023,1.1708434981028
"RN7SL605P",2.28513860116268,2.65744238805583
"RN7SL644P",1.35891602478465,2.67364367895639
"RN7SL697P",0.303673783766106,0.660364980912698
"RN7SL70P",0.853051285270193,1.35023821537956
"RN7SL711P",0.763656143914665,1.38124197447912
"RN7SL753P",0,0.585045044811582
"RN7SL767P",1.00741082743775,1.70332144109913
"RN7SL769P",0,0.777417519550407
"RN7SL785P",2.55779916453394,3.0573673027907
"RN7SL837P",0,0.6112115301125
"RNA5SP103",0.292454751676898,1.05844353059161
"RNA5SP242",0.211931369085488,0.812216218735522
"RNA5SP243",0.394103634902933,1.49209077521672
"RNA5SP361",0,0.955897112369938
"RNA5SP69",0,1.25308131815623
"RNA5SP75",0.274903134118113,0.984692538994628
"RNA5SP99",0.19755741591625,0.595062904247248
"RNASE2",0.18735995418277,0.554089489110698
"RNF112",2.5813774871227,2.94416999166492
"RNF122",1.67831127073084,2.00246549880392
"RNF165",0.852478953933982,1.22956882940868
"RNF208",2.35796310641299,2.7102351051556
"RNMTL1P1",0,0.951889482106358
"RNPS1P1",2.47671305424639,2.87624772935884
"RNU1-36P",0.214250162340388,1.03355322718139
"RNU1-47P",0.365079751263457,1.18294139317231
"RNU2-62P",0,0.459286823611958
"RNU4-39P",2.1413706024282,2.54571006396357
"RNU5B-1",0,1.89849970529914
"RNU6-1004P",0.440043967940653,1.19759418949866
"RNU6-1011P",1.64579055828427,2.46421226045519
"RNU6-1064P",0.210174280742522,0.625801917646763
"RNU6-1251P",0,0.797105460394463
"RNU6-1266P",0,1.21624150495634
"RNU6-304P",0,0.958121309466337
"RNU6-307P",0.282508078940332,0.629541337881743
"RNU6-322P",0.882976817750333,1.40509882441047
"RNU6-45P",0,1.75473184830221
"RNU6-510P",1.59813800524076,2.13383155189167
"RNU6-520P",0,0.658020345152863
"RNU6-62P",0.288938491398993,0.854770579516237
"RNU6-722P",1.27993025045002,1.61869308228951
"RNU6-8",2.50764271323838,3.0256605136569
"RNU6-945P",1.24030069016229,1.60452853911025
"RNU6ATAC35P",0.345608760922752,0.778689985685703
"RNU7-155P",0,1.11976874023545
"RNVU1-15",0.880307797241203,1.32562658618779
"RNY3P16",1.35046574211519,2.36184125207039
"RPL10",6.11621505248147,6.65026637735439
"RPL10P16",5.93013410386196,6.35543892294129
"RPL10P9",3.56454212206375,4.56936795674387
"RPL12P10",0.196543606473037,0.75771668175358
"RPL12P35",0.392291235720671,1.04698214668436
"RPL12P4",1.63504835009498,2.01512348977288
"RPL13AP20",2.29059523598778,2.65018568193316
"RPL13AP5",7.17476269530807,7.53991258116951
"RPL14P1",6.59580687767504,6.95234307444159
"RPL17P33",0.224043368484293,0.639891480901082
"RPL17P34",0.211493984655469,0.990992653507861
"RPL17P36",3.09616423902351,4.05965464703044
"RPL21P119",0,1.14548877861214
"RPL21P120",0.259745207338501,0.738127186172092
"RPL21P17",0.333846392654491,0.707260077871142
"RPL22L1",4.402190871853,4.72989937241417
"RPL23A",6.70947361170499,7.08053955736885
"RPL23AP2",1.09845990658591,1.51867281477394
"RPL23AP43",0.46251654411486,0.816352618580898
"RPL23AP59",0.247739735740971,0.977322490757535
"RPL24P4",4.81029571518749,5.46541211382317
"RPL26P6",1.02668502121124,1.52517115775268
"RPL35",6.6141811573957,6.97784054313165
"RPL35P1",2.6992295523271,3.12026334602114
"RPL35P5",3.23752071893501,3.93838680395439
"RPL36AP26",0.624383049644777,1.36222502190482
"RPL36AP39",0.4619790199637,1.47527111326168
"RPL37AP1",0.41697516160356,0.761092187622426
"RPL37AP8",0.437032011859092,1.88266259196036
"RPL37P2",0.280014414213944,0.666883502169468
"RPL39",7.51420729914936,7.92577356507111
"RPL39P40",0,0.484209763587685
"RPL3P7",0.997988637734894,1.33725536068889
"RPL5P18",1.29550527863945,1.85342847510545
"RPL7AP30",2.59030260087986,3.35937144743367
"RPL7P44",0.12473773285776,0.720314971341429
"RPL7P47",0.717900831174542,1.35159624253542
"RPL7P8",0.696950009443049,1.14561861048013
"RPL8",8.93712976277974,9.25946169434536
"RPLP0",8.65783233224648,9.032030064682
"RPLP0P1",0.245688709430815,1.20299746502998
"RPP25L",3.7769399022741,4.41416638698232
"RPS10P3",0.256945510392021,0.584508518073144
"RPS14",6.69068943455368,7.0771302628747
"RPS15AP36",0.994495606054338,1.63843591523497
"RPS15AP38",0.507607678772334,0.905191679914922
"RPS18P12",0.705682620136256,1.25586547507698
"RPS18P6",0.119333003389622,0.603869421016642
"RPS19P1",0.495500913529813,0.835144134149271
"RPS2",8.63613072821945,9.07574121604112
"RPS21",7.71401691050036,8.04509471331
"RPS24P8",2.83117848011929,3.88234062541836
"RPS27AP11",0.588552918239865,0.946216800549058
"RPS27P16",0.187407245061515,1.88210937530372
"RPS2P7",2.35081816272735,2.79073384500957
"RPS3A",5.39502998268467,5.73518197279255
"RPS3AP5",3.30225037128002,3.9883144175943
"RPS4XP1",0.154998471710511,0.843026780204435
"RPS4XP13",0.526695187141512,0.975052181100802
"RPS7P14",0.343158227190236,1.6669778497733
"RPS7P4",0.43087121137824,0.832432328291242
"RPS9",4.09510550421652,4.57834967240867
"RPSAP12",0.334556409574854,0.817209506196123
"RPSAP45",0.0465755064119702,0.552745143789189
"RPSAP49",0.117850029035798,0.640049866356805
"RPSAP72",0.226530376820202,0.77353056509009
"RRS1",3.54078299282495,4.06424625197909
"RSL24D1P1",0.529929347137483,1.05701950371256
"RSL24D1P3",0.466902145837549,1.33758960302119
"RTCA-AS1",0.827792523979508,1.18818305776311
"RTL8B",6.37282428114066,6.86291022328186
"RTL8C",8.75684842568445,9.29501218926509
"RTN4R",1.14951876871553,1.47334044435902
"RUNDC3A",0.665295517852894,0.993952553541398
"RXFP4",0.24116360056594,1.10869500361592
"S100A4",2.3448679182409,2.6669747960981
"SALRNA3",0.652370469300106,1.1482214918181
"SAMD1",6.52479735291878,6.84909542870664
"SAPCD2",3.51303595842611,3.95409078576692
"SBK1",3.22093860885294,3.59629256423133
"SCAND1",3.26385250410584,3.60895860395626
"SDF2L1",3.83472825257471,4.35423345200666
"SELENBP1",2.78611252080781,3.89547311276093
"SEMA7A",1.80263543005351,2.20952379593907
"SETP20",0.39511015467033,0.859463152570655
"SF3B5",7.05619292344787,7.38539164307794
"SHD",0.480654639637866,1.09700109965983
"SIGLEC31P",0.233867553797,0.891124615922086
"SIX2",1.42422993491053,2.01722109564255
"SLC10A4",3.97904152656383,4.30943767297434
"SLC22A5",0.476682641689488,0.878881865896096
"SLC25A5",8.4654713499878,8.85794246273412
"SLC26A4-AS1",1.26269007738608,1.66301848104796
"SLC2A4",1.69448454275517,2.14037819148958
"SLC2A6",3.17922201642313,3.62431909047126
"SLC32A1",1.06637304569018,2.03227137354047
"SLC43A2",1.04996743661992,1.57123821824222
"SLC9A4",0.299744686965522,0.650189081266472
"SMARCE1P6",0.343185657139262,0.86898647637583
"SMOC1",1.78943863417982,2.33456420033326
"SNAPC2",4.33927484547683,4.67748126744887
"SNHG8",4.64492047320762,5.14770784356413
"SNRNP25",4.20252831976411,4.56860178709403
"SNRPA",3.71528309872188,4.1615568609489
"SNRPD2",5.761321040158,6.1231180310669
"SNRPF",2.31085273156293,2.68252679002374
"SNX18P25",0.291529967256337,0.841398240060366
"SNX18P7",2.90602362230997,3.75413426919637
"SOWAHB",0.608370520427772,1.1290053521123
"SOWAHD",0.283639353693567,0.732635771337615
"SOX5P1",0,0.484879342335665
"SOX8",4.92543900963748,5.45262993198353
"SPATA24",1.58929502952191,1.9720130092493
"SREBF1",2.94245239436505,3.33328510805341
"SRP14P1",0.777992411326614,1.13059193321161
"SRPK3",1.66504716914194,2.02632267920969
"SSNA1",4.94174318111677,5.27449197144332
"SSR4",6.4347672962159,6.83707209992504
"SSTR3",0.520704778920909,1.11188759817362
"ST13P6",2.71377263084992,3.06418928008368
"ST20-AS1",2.23136171938071,2.56365047083644
"STAP2",1.50791856689937,1.8488811723598
"STC1",2.06978018884622,3.1844334335937
"SUB1P1",0.473244098642295,1.02782203248432
"SULT1A2",0.0864810054931266,0.479841320818265
"SUMO2P15",0.305304392814247,0.810068576057482
"SUMO2P4",0,0.769750287108562
"SWSAP1",1.99691546673163,2.33985796278598
"SYBU",0.729883746648894,1.11947845968025
"SYPL1P2",1.30043161854118,2.12969154912607
"TAGLN3",3.97886717141283,4.73020304014864
"TAS2R39",0.0737677975814327,0.770487747993283
"TAS2R6P",0.688551152838207,1.69575624123751
"TBX1",1.62023924373682,1.9693819419216
"TBX3",1.32076692402515,1.65057732780955
"TCOF1",3.05932043555966,3.45301388740071
"TH",0.806811497152583,1.44002405748786
"THAP5P1",1.64704560763269,2.16860566952622
"THG1L",2.87746846215815,3.228017289738
"TIMM13",5.3082385609539,5.76264905679476
"TIMM22",4.07747306969009,4.57115827813052
"TM7SF2",3.59283269441318,3.99955378357168
"TMEM160",3.57507359590378,4.07205152875464
"TMEM173",2.86455313781961,3.4277566860394
"TMEM191C",0.46575379152862,1.0585052765627
"TMEM221",0.632675456815209,0.958260368582879
"TMEM47",1.08944584115144,1.58277602994987
"TMEM78",0.581963604576612,0.979387577329617
"TMEM86B",0.932712015686377,1.51238769819563
"TMEM97",5.53908966135447,5.89137492808473
"TMSB15A",3.87237852666842,4.32421532629696
"TNFAIP3",1.44209738577554,1.91372598653476
"TOB2P1",0.642244505512727,1.0899141152672
"TOMM20P4",0.791076750770627,1.75043676807975
"TPI1P2",1.69157950632833,2.09263129584615
"TPPP3",2.67697471663211,3.06308501377557
"TPT1P4",1.06541353257411,1.4289298524251
"TPT1P9",1.05257891226869,1.62027794670189
"TRBV20OR9-2",0.167024057321215,0.731893890554558
"TRBV8-2",0.171168793693707,0.5289674352936
"TRH",0.732089542176126,1.17743481301617
"TSPAN12",2.45393740756596,2.84346658498489
"TSPAN17",3.57737870405062,4.07540384763406
"TSPAN33",1.37368744019058,1.75855769533192
"TSPYL2",5.74047941108128,6.2925112957446
"TSR3",4.71999957255135,5.04746308628643
"TTLL12",4.2608252106572,4.58779801830403
"TTR",0.163054560117337,0.646601196493577
"TUBA1A",8.68097434090656,9.09964459779679
"TUBB4A",3.80040152402169,4.21663981755328
"TUBB4BP3",0,0.783183517341867
"TUFMP1",0.102082656942723,0.567734335948354
"UBE2M",4.48871187064276,4.83547792478616
"UBE2MP1",1.64045056891335,1.97781962356289
"UFSP1",2.81084598565912,3.15582108336182
"UQCR10",5.13013929970342,5.48797291953687
"UQCRB",4.65890478176646,5.02011037788799
"UQCRFS1",3.92182443226103,4.28934010481564
"USF1",4.05969740083616,4.48472841122981
"USP12PX",0.408609563345106,0.756503963784795
"USP2",0.987716663255878,1.38314305324708
"USP27X-AS1",0.834766452088429,1.25537295663291
"UXT",4.36340881351877,4.82187258938661
"VN1R20P",0.164523986277495,0.617957823881463
"VN1R28P",0,0.405351369535632
"VN1R42P",1.40397681751388,1.98054615086582
"WSCD1",2.31042092914996,2.64764759569292
"YBX1P4",0.751670955247849,1.15689432913417
"YBX2P1",0,0.558780720738417
"YDJC",4.41127045150845,4.74864538536401
"YTHDF2P1",0.152332479340866,0.542801522861452
"YWHAEP5",0.951861315250582,1.4541888025229
"YWHAZP3",2.11158872466868,2.45091152962337
"YWHAZP4",1.25584098498791,1.78220305973541
"Z69733.1",0.967012355203296,1.30432074198314
"Z83818.2",1.84084599196807,2.21911486059994
"Z97653.1",0.295834005498621,0.984144976277549
"Z98043.1",2.79917761716431,3.1222231837905
"Z98752.4",0.883456464438206,1.48793751618705
"ZAR1",1.75179020135481,2.20606562664188
"ZCCHC12",1.72398651470711,2.53102700392451
"ZNF106",4.67022866505819,5.21361432809677
"ZNF426-DT",2.51006826398601,2.9785582681321
