,logFC,logCPM,LR,PValue,adj.P.Val,Contrast,FC
RF01225,9.876067517,5.931505197,7.295289442,0.006913563,0.999991211,QNPbyTAP,939.707216
Nog,9.325855736,7.458260632,7.668596867,0.005619014,0.999991211,QNPbyTAP,641.7447311
Ngfr,9.158590912,7.357127256,7.587556266,0.005877256,0.999991211,QNPbyTAP,571.4925622
Bloc1s3,9.067507761,5.157150519,6.807221426,0.009078993,0.999991211,QNPbyTAP,536.5272963
NEWGENE_1307313,8.858065818,5.547834906,7.157334668,0.007465805,0.999991211,QNPbyTAP,464.0272817
Sparc,8.821345242,10.06941184,6.243285046,0.012466503,0.999991211,QNPbyTAP,452.3655462
Sox9,8.608687015,6.643343548,7.000964646,0.00814658,0.999991211,QNPbyTAP,390.366926
Anxa1,8.549890923,6.562903912,7.066931879,0.00785196,0.999991211,QNPbyTAP,374.7776014
Nptx1,8.545926037,5.39367494,7.044682304,0.007950092,0.999991211,QNPbyTAP,373.749033
Hrc,8.048562248,5.715185122,6.146058865,0.013170528,0.999991211,QNPbyTAP,264.7638323
Tnfrsf12a,7.713842318,7.854710292,5.626900061,0.017686883,0.999991211,QNPbyTAP,209.9413181
Mir497,7.685872944,3.896788069,5.685248712,0.017108114,0.999991211,QNPbyTAP,205.9104079
Lmo1,7.593516206,5.786449802,5.655033525,0.017405342,0.999991211,QNPbyTAP,193.1417448
Arl4d,7.525898991,5.669603153,5.723767639,0.016736779,0.999991211,QNPbyTAP,184.2983048
Eid2b,7.410814684,4.94981586,5.595011706,0.018011691,0.999991211,QNPbyTAP,170.1678502
Mir6326,7.391969309,3.644928347,5.403939039,0.020091357,0.999991211,QNPbyTAP,167.9594675
Plekhg2,7.330479206,6.559414252,5.437727005,0.019706298,0.999991211,QNPbyTAP,160.9511646
Ahnak,7.292369983,9.051757682,5.341166381,0.020827533,0.999991211,QNPbyTAP,156.7552534
LOC103689931,7.239265569,4.723187435,5.434350808,0.019744429,0.999991211,QNPbyTAP,151.0901259
Zfp36,7.14950148,6.900591738,5.146483761,0.023293496,0.999991211,QNPbyTAP,141.9758245
AC103090.1,7.125555518,8.006075366,4.903216208,0.026806725,0.999991211,QNPbyTAP,139.6387481
Acan,7.080697003,4.800731062,5.670822283,0.017249369,0.999991211,QNPbyTAP,135.363691
AC109096.1,7.070623543,6.486231026,5.299942806,0.021326125,0.999991211,QNPbyTAP,134.421821
Cd151,7.004754711,4.15576355,4.99962385,0.025352828,0.999991211,QNPbyTAP,128.4225474
Sez6,6.962102273,6.063760051,5.433299966,0.019756312,0.999991211,QNPbyTAP,124.6813847
Ppp1r15a,6.889322128,8.561983724,4.325239471,0.03755113,0.999991211,QNPbyTAP,118.5475575
Furin,6.847711054,5.902601415,5.016928016,0.025100663,0.999991211,QNPbyTAP,115.1771768
LOC100911730,6.840548109,4.535023562,5.038067988,0.02479613,0.999991211,QNPbyTAP,114.6067423
Ntf4,6.711025502,3.370185928,4.52730852,0.033358042,0.999991211,QNPbyTAP,104.7659072
AABR07003030.1,6.610990172,3.016968112,4.456061715,0.034777591,0.999991211,QNPbyTAP,97.74765398
Tax1bp3,6.584776594,7.354239849,4.426805739,0.03537866,0.999991211,QNPbyTAP,95.98763019
Gfap,6.581945551,4.415769392,5.087265518,0.024102167,0.999991211,QNPbyTAP,95.79945553
Slc25a10,6.56647857,7.26428117,4.381554375,0.036329853,0.999991211,QNPbyTAP,94.77788551
Ifitm2,6.535355519,7.261079182,4.436530312,0.03517767,0.999991211,QNPbyTAP,92.75515244
Fzd4,6.519963168,5.909059059,4.78447605,0.028717383,0.999991211,QNPbyTAP,91.77079296
Ypel3,6.515645459,6.132978714,4.488154635,0.034130501,0.999991211,QNPbyTAP,91.49655114
Borcs6,6.495332075,5.436027198,4.592371144,0.032114557,0.999991211,QNPbyTAP,90.21729188
Plekhh3,6.484378941,5.778945441,4.626808338,0.031476065,0.999991211,QNPbyTAP,89.53494363
Emp3,6.427751074,8.803772345,4.576344731,0.032416294,0.999991211,QNPbyTAP,86.08864614
Paqr4,6.419746651,3.5511437,4.222375754,0.039894265,0.999991211,QNPbyTAP,85.61232797
Kazald1,6.411418571,7.16920487,4.331629018,0.037410426,0.999991211,QNPbyTAP,85.11954719
Nr1d1,6.403728779,7.327532009,4.253641503,0.039166262,0.999991211,QNPbyTAP,84.66705358
Cend1,6.364952514,4.700889224,4.523253516,0.033437187,0.999991211,QNPbyTAP,82.42171135
Zbtb4,6.345304814,7.093451329,4.210510754,0.040174239,0.999991211,QNPbyTAP,81.30683967
Mvp,6.336500819,4.580789385,4.574430092,0.032452539,0.999991211,QNPbyTAP,80.81217841
Fosb,6.315533761,4.889438886,4.507018166,0.033756039,0.999991211,QNPbyTAP,79.64620747
Irgq,6.307695699,5.333362605,4.39557994,0.036032203,0.999991211,QNPbyTAP,79.21466845
Pold4,6.301097688,6.210636434,4.368760544,0.036603607,0.999991211,QNPbyTAP,78.85321582
Nkiras2,6.279280144,6.124803403,4.294100101,0.038244831,0.999991211,QNPbyTAP,77.66970839
Ppp2r5b,6.276013928,6.17721036,4.370740844,0.036561093,0.999991211,QNPbyTAP,77.49406552
Ctsd,6.263048869,8.220166639,4.400023431,0.035938437,0.999991211,QNPbyTAP,76.80076992
Prss23,6.253490158,6.913232548,4.542679956,0.033059795,0.999991211,QNPbyTAP,76.29360123
Cebpa,6.231472964,6.185217327,4.348507235,0.0370414,0.999991211,QNPbyTAP,75.13811217
RGD1561590,6.227518498,4.378557253,4.562064472,0.032687648,0.999991211,QNPbyTAP,74.9324386
LOC100910875,6.218017353,5.094958397,4.469396543,0.034507177,0.999991211,QNPbyTAP,74.44057804
Mrpl43,6.214345108,8.38694537,3.741312491,0.053082733,0.999991211,QNPbyTAP,74.25133745
Atp1b2,6.206540503,6.524297977,4.125208696,0.042248809,0.999991211,QNPbyTAP,73.8507416
Vstm2b,6.187604501,4.670042141,4.408631801,0.035757509,0.999991211,QNPbyTAP,72.88775205
Rcn3,6.171751969,6.88016019,4.103297977,0.04279965,0.999991211,QNPbyTAP,72.09123549
Sphk2,6.129615029,6.695520437,4.149555943,0.041645444,0.999991211,QNPbyTAP,70.0161112
Tgfb1,6.126450445,4.527121089,4.458745864,0.034722982,0.999991211,QNPbyTAP,69.86269757
Clec11a,6.125586822,5.036933069,4.625507839,0.031499935,0.999991211,QNPbyTAP,69.82088902
Slc9a3r2,6.105592998,4.435464289,4.386964425,0.036214737,0.999991211,QNPbyTAP,68.85993899
AABR07005633.1,6.104325216,6.010114472,4.106869462,0.042709349,0.999991211,QNPbyTAP,68.79945426
Trim47,6.101159324,4.648603403,4.622959646,0.031546761,0.999991211,QNPbyTAP,68.64864428
Smpd1,6.100102323,8.292801056,3.702278354,0.054338222,0.999991211,QNPbyTAP,68.59836677
Rras,6.090364108,6.086411155,4.265827181,0.038886312,0.999991211,QNPbyTAP,68.13688594
Adrb1,6.081183424,4.783287177,4.578284991,0.032379607,0.999991211,QNPbyTAP,67.70466907
Cyb561a3,6.075300533,3.829753586,3.999256144,0.045520349,0.999991211,QNPbyTAP,67.42915126
Trim8,6.06313804,6.598160767,4.078258221,0.043438414,0.999991211,QNPbyTAP,66.8630861
Atp6v0c,6.0516832,8.647002773,4.102295948,0.042825021,0.999991211,QNPbyTAP,66.33430257
Znhit2,6.038767033,5.61071893,4.141515811,0.041843684,0.999991211,QNPbyTAP,65.74307505
Grn,6.037509588,10.13162194,3.669015293,0.055432925,0.999991211,QNPbyTAP,65.68579869
Timp2,6.021538748,6.540629809,4.362335901,0.036741892,0.999991211,QNPbyTAP,64.96265758
Igf2,6.017026709,5.259131047,4.296319712,0.038194942,0.999991211,QNPbyTAP,64.75980378
Aldoc,6.012699539,11.3124793,3.336691305,0.067750719,0.999991211,QNPbyTAP,64.56585645
Bles03,6.008552603,7.088736194,3.883442386,0.048764476,0.999991211,QNPbyTAP,64.38053244
Chmp2b,6.003269057,6.568562129,4.155420247,0.041501474,0.999991211,QNPbyTAP,64.14518443
Ghdc,5.967531769,5.500586569,4.156765389,0.041468524,0.999991211,QNPbyTAP,62.57574984
Hps6,5.964356776,5.050077002,4.231123038,0.039689171,0.999991211,QNPbyTAP,62.43818847
Itga3,5.948806636,3.99244339,4.123124908,0.042300874,0.999991211,QNPbyTAP,61.76881017
Rnasek,5.934719835,6.922764612,3.904331087,0.048161797,0.999991211,QNPbyTAP,61.16862052
Tbc1d17,5.929806333,6.060398768,3.932559342,0.047359816,0.999991211,QNPbyTAP,60.96064799
Aatk,5.913655702,4.90693585,4.141576632,0.041842181,0.999991211,QNPbyTAP,60.28201357
Vamp2,5.913514004,8.176493376,3.471974089,0.06241678,0.999991211,QNPbyTAP,60.27609308
AC126148.1,5.898740439,6.547988491,3.90477024,0.048149211,0.999991211,QNPbyTAP,59.66200016
Hexim1,5.896357198,9.538487949,3.196686051,0.073787647,0.999991211,QNPbyTAP,59.56352363
Zbtb45,5.889677687,5.783903914,3.965943693,0.04642949,0.999991211,QNPbyTAP,59.28838883
S100a4,5.88746325,6.061560984,3.235325452,0.072065983,0.999991211,QNPbyTAP,59.19745508
Slc25a11,5.882731475,8.039323529,3.508279588,0.061062834,0.999991211,QNPbyTAP,59.00361632
Tpp1,5.874759356,8.36724785,3.400620024,0.065171918,0.999991211,QNPbyTAP,58.67847027
Sdf2,5.869251027,7.323005234,3.637179584,0.056502576,0.999991211,QNPbyTAP,58.45485819
Fzd2,5.866281922,7.350820966,3.654728113,0.05591028,0.999991211,QNPbyTAP,58.33468024
Gprc5b,5.856968425,7.074975259,4.229653861,0.039723541,0.999991211,QNPbyTAP,57.9593064
Mir21,5.840537549,5.177283983,4.03460433,0.044576127,0.999991211,QNPbyTAP,57.30295168
Bag3,5.835168934,4.272289834,4.046505526,0.044262881,0.999991211,QNPbyTAP,57.09010989
Cib1,5.834896749,4.5963948,4.067886825,0.043705919,0.999991211,QNPbyTAP,57.07934002
Rogdi,5.817582769,6.232306119,3.889778954,0.048580817,0.999991211,QNPbyTAP,56.39841719
AABR07001555.1,5.813184732,2.45527733,4.07276779,0.043579811,0.999991211,QNPbyTAP,56.22674913
Ehd2,5.812571715,6.168456055,3.912194049,0.047936976,0.999991211,QNPbyTAP,56.20286285
G6pc3,5.808392217,6.652284593,3.774942525,0.052025688,0.999991211,QNPbyTAP,56.04027836
Ggn,5.804174099,3.839650901,3.685581521,0.054884829,0.999991211,QNPbyTAP,55.87666843
Tmem223,5.798122232,7.704104493,3.515242435,0.06080676,0.999991211,QNPbyTAP,55.64276599
Rom1,5.787318433,5.138058228,3.972150236,0.046258666,0.999991211,QNPbyTAP,55.2276346
RF00096,5.778226374,7.74710023,3.470653765,0.062466618,0.999991211,QNPbyTAP,54.88067701
Eid2,5.774250765,6.756742892,3.686494792,0.054854781,0.999991211,QNPbyTAP,54.72965149
Mtmr10,5.767355177,5.886173618,3.931662695,0.047385073,0.999991211,QNPbyTAP,54.46868666
Dact3,5.762512586,5.354164551,3.879871309,0.048868303,0.999991211,QNPbyTAP,54.28616205
Stac2,5.75874902,4.665215693,3.91718297,0.047794905,0.999991211,QNPbyTAP,54.14473002
Adm,5.751430461,4.895164915,4.240036623,0.039481315,0.999991211,QNPbyTAP,53.87075803
Sipa1,5.742762148,3.873952958,3.748753299,0.052846914,0.999991211,QNPbyTAP,53.54805053
AC123095.1,5.741694167,6.164806823,3.921846717,0.047662496,0.999991211,QNPbyTAP,53.50842527
Rela,5.729023684,7.609237467,3.519130429,0.060664268,0.999991211,QNPbyTAP,53.04054463
Plscr3,5.708743062,8.04670264,3.335173131,0.06781327,0.999991211,QNPbyTAP,52.30014577
Mesd,5.707985772,8.348003196,3.296901743,0.069410688,0.999991211,QNPbyTAP,52.27269992
Pagr1,5.70467008,5.742340204,3.854552126,0.049611171,0.999991211,QNPbyTAP,52.15270146
Rundc1,5.701625513,5.789194171,3.780727146,0.051846125,0.999991211,QNPbyTAP,52.04275796
Phldb3,5.696617926,4.129594802,3.697462921,0.054495271,0.999991211,QNPbyTAP,51.86243095
Smarcd2,5.693091376,6.572876766,3.696804317,0.054516788,0.999991211,QNPbyTAP,51.73581228
Rabac1,5.684877681,6.547676711,3.661700856,0.055676768,0.999991211,QNPbyTAP,51.44210169
Sertad3,5.6846913,4.893203294,3.96537161,0.046445269,0.999991211,QNPbyTAP,51.43545637
Tmem100,5.683721293,5.981320669,3.817976872,0.050705428,0.999991211,QNPbyTAP,51.40088494
Wdr81,5.653615862,4.982584538,3.917771962,0.047778162,0.999991211,QNPbyTAP,50.33939115
Zfyve27,5.639452169,4.967795835,3.847585928,0.049817645,0.999991211,QNPbyTAP,49.847601
Fibp,5.637575741,7.339557716,3.469621443,0.062505614,0.999991211,QNPbyTAP,49.78280931
Brms1,5.630070641,4.708816674,3.814442491,0.050812512,0.999991211,QNPbyTAP,49.52450469
Nubp2,5.627503371,6.75905932,3.623207838,0.056978909,0.999991211,QNPbyTAP,49.43645438
Irf2bp1,5.61587426,6.208894653,3.620572722,0.057069224,0.999991211,QNPbyTAP,49.03956442
Galk1,5.609848269,5.056204839,3.781563988,0.051820203,0.999991211,QNPbyTAP,48.83515831
Rprml,5.608474226,4.856119893,3.700186779,0.054406377,0.999991211,QNPbyTAP,48.78866917
Aldh1a3,5.601163013,5.581207137,3.999034737,0.04552633,0.999991211,QNPbyTAP,48.54204601
Gng8,5.590041463,4.774465884,3.869909921,0.04915916,0.999991211,QNPbyTAP,48.16928029
Wdr24,5.576799055,5.023596367,3.747585258,0.052883859,0.999991211,QNPbyTAP,47.72916046
Nudt22,5.574249146,4.768043804,3.834634616,0.050203932,0.999991211,QNPbyTAP,47.64487546
Fam89b,5.571164789,8.261189977,3.169360673,0.075031812,0.999991211,QNPbyTAP,47.54312366
Dynll2,5.568335993,6.665995373,3.46527958,0.062669912,0.999991211,QNPbyTAP,47.44999379
Lin37,5.563243612,7.088437206,3.443512985,0.063500539,0.999991211,QNPbyTAP,47.28280149
Pkd1,5.559896629,5.023393321,4.135712301,0.041987393,0.999991211,QNPbyTAP,47.1732348
Lgals3bp,5.558162078,10.32378792,3.273966599,0.070387243,0.999991211,QNPbyTAP,47.11655254
Kctd11,5.547985416,5.075112921,3.777486846,0.051946628,0.999991211,QNPbyTAP,46.7853654
Tbc1d24,5.540248821,4.533984869,3.734880309,0.053287484,0.999991211,QNPbyTAP,46.53514575
Rnh1,5.534117715,6.098855215,3.625894663,0.056886978,0.999991211,QNPbyTAP,46.33780225
AC103024.2,5.523117924,3.563952984,3.459864034,0.062875485,0.999991211,QNPbyTAP,45.98584431
Dchs1,5.509102379,4.404282086,3.653278416,0.055958959,0.999991211,QNPbyTAP,45.54126243
Zdhhc24,5.506974573,4.597429286,3.733337323,0.053336725,0.999991211,QNPbyTAP,45.47414392
RGD1561157,5.502358156,3.856070865,3.618570281,0.057137956,0.999991211,QNPbyTAP,45.32886574
AC114460.1,5.501422868,5.373013571,3.584013001,0.058338062,0.999991211,QNPbyTAP,45.29948891
Rara,5.501363809,5.866342907,4.085402161,0.043255157,0.999991211,QNPbyTAP,45.29763455
Pitpnm1,5.490930767,4.916365869,3.718429261,0.053814973,0.999991211,QNPbyTAP,44.97124023
Vgll3,5.476447068,5.56017664,4.21071783,0.040169335,0.999991211,QNPbyTAP,44.52201762
Scyl1,5.471863224,7.276498055,3.347882238,0.067291534,0.999991211,QNPbyTAP,44.38078325
Tmem101,5.470849372,6.876014919,3.382765054,0.065881441,0.999991211,QNPbyTAP,44.34960568
Znf768,5.469192284,6.838796236,3.406208352,0.064951527,0.999991211,QNPbyTAP,44.29869469
Prdx5,5.463518111,6.529771298,3.45639634,0.063007495,0.999991211,QNPbyTAP,44.12480847
Acsf2,5.461289,3.784556626,3.365272838,0.066584554,0.999991211,QNPbyTAP,44.05668377
Cant1,5.46034942,4.897143914,3.749738438,0.052815776,0.999991211,QNPbyTAP,44.02800043
Cadm4,5.450662346,8.205368056,3.564602766,0.059023861,0.999991211,QNPbyTAP,43.73336174
Cyb5d1,5.434700692,5.828100039,3.549919811,0.059548328,0.999991211,QNPbyTAP,43.25217244
Smcr8,5.428145596,7.574368342,3.202728207,0.07351554,0.999991211,QNPbyTAP,43.05609566
Pcnx3,5.418360969,4.875993141,3.710316111,0.054077149,0.999991211,QNPbyTAP,42.76506919
Cavin3,5.41536392,6.278055399,3.563875036,0.059049739,0.999991211,QNPbyTAP,42.67632143
Fstl1,5.414018211,5.913641372,4.076593232,0.043481242,0.999991211,QNPbyTAP,42.63653261
Atxn7l3,5.413898931,5.659962234,3.539016233,0.059941003,0.999991211,QNPbyTAP,42.63300762
Cox6a2,5.402862462,2.88951,3.512205348,0.060918315,0.999991211,QNPbyTAP,42.30811378
Gatd1,5.400089283,4.168702679,3.437871594,0.063717727,0.999991211,QNPbyTAP,42.22686632
AABR07007000.1,5.393879242,7.783151578,3.13036225,0.076846663,0.999991211,QNPbyTAP,42.04549259
Bckdha,5.393177621,4.798174875,3.626635571,0.056861656,0.999991211,QNPbyTAP,42.02504971
Rnd2,5.388587841,8.256907267,2.941337537,0.086339212,0.999991211,QNPbyTAP,41.89156397
Kmt2b,5.388150343,5.081244728,3.590443322,0.058112739,0.999991211,QNPbyTAP,41.87886226
Sertad1,5.384975973,5.128187614,3.732714424,0.053356618,0.999991211,QNPbyTAP,41.78681725
Man2a2,5.378362503,6.158976866,3.815867572,0.050769307,0.999991211,QNPbyTAP,41.59570034
Ppp1r9b,5.377355159,7.613851538,3.155199646,0.075685433,0.999991211,QNPbyTAP,41.56666681
Mrgprf,5.373523631,2.935899594,3.446983962,0.063367302,0.999991211,QNPbyTAP,41.45641997
Cnih2,5.373065371,5.367968039,3.504644005,0.061196997,0.999991211,QNPbyTAP,41.44325379
Armc5,5.372616569,5.653001957,3.462809558,0.062763585,0.999991211,QNPbyTAP,41.43036339
Numbl,5.358542112,5.276838507,3.501717135,0.061305234,0.999991211,QNPbyTAP,41.02814754
Dpysl4,5.34756535,5.519078861,3.400616141,0.065172071,0.999991211,QNPbyTAP,40.71716897
Rbm42,5.345582222,5.773067025,3.442213453,0.0635505,0.999991211,QNPbyTAP,40.6612376
Bax,5.344145287,6.401381173,3.36800401,0.066474246,0.999991211,QNPbyTAP,40.62075887
Dpf2,5.335937161,7.175975356,3.212390642,0.07308263,0.999991211,QNPbyTAP,40.39030571
Mia,5.335175064,4.127471421,3.435240352,0.063819299,0.999991211,QNPbyTAP,40.36897536
Prrt2,5.325257161,4.640102651,3.540130009,0.059900766,0.999991211,QNPbyTAP,40.09240788
AABR07072078.2,5.321386389,3.625566293,3.293611333,0.069549894,0.999991211,QNPbyTAP,39.98498354
Ccdc97,5.30586802,6.920736858,3.773894913,0.052058278,0.999991211,QNPbyTAP,39.55718943
Fgfr2,5.30178874,5.721422898,3.757775996,0.052562447,0.999991211,QNPbyTAP,39.44549782
Cpt1c,5.301218471,4.50239384,3.435977037,0.063790844,0.999991211,QNPbyTAP,39.42990886
C1ql1,5.301172414,6.114351695,3.358738322,0.066849266,0.999991211,QNPbyTAP,39.42865013
Napa,5.299499068,6.365341502,3.362139367,0.06671135,0.999991211,QNPbyTAP,39.38294432
AABR07028997.1,5.298872655,2.969715521,3.372188782,0.066305609,0.999991211,QNPbyTAP,39.36584811
Vps37c,5.29805444,4.50522142,3.550637177,0.059522589,0.999991211,QNPbyTAP,39.34352834
Limd2,5.296975584,5.366140749,3.508904404,0.061039808,0.999991211,QNPbyTAP,39.31411801
Wdr73,5.293921923,4.495359355,3.481402751,0.06206211,0.999991211,QNPbyTAP,39.23099233
Map3k11,5.290100708,5.218285367,3.482337087,0.062027081,0.999991211,QNPbyTAP,39.12722008
Lrp3,5.289458276,4.873756688,3.516478836,0.060761408,0.999991211,QNPbyTAP,39.10980063
Shkbp1,5.281353184,5.19757238,3.459912742,0.062873633,0.999991211,QNPbyTAP,38.89069695
Ech1,5.276868036,8.328533775,3.343899023,0.06745459,0.999991211,QNPbyTAP,38.76997866
Rab4b,5.275940342,5.050576296,3.510060608,0.060997224,0.999991211,QNPbyTAP,38.74505647
Mark4,5.266922307,4.298604684,3.367344202,0.066500877,0.999991211,QNPbyTAP,38.50362325
Mkrn3,5.265654684,5.46040918,3.254593204,0.071223608,0.999991211,QNPbyTAP,38.46980694
Pih1d1,5.264369689,4.438646353,3.440037926,0.063634232,0.999991211,QNPbyTAP,38.43555748
Trim65,5.260468754,4.99048108,3.526281585,0.06040311,0.999991211,QNPbyTAP,38.3317711
Kdelr1,5.259615196,6.636550442,3.278764862,0.070181727,0.999991211,QNPbyTAP,38.30909916
Ubxn1,5.257511009,10.1720462,3.087944079,0.078874406,0.999991211,QNPbyTAP,38.25326564
Ints5,5.253450418,6.451388848,3.198613354,0.073700734,0.999991211,QNPbyTAP,38.14574986
Notum,5.249009891,3.149997511,3.387966798,0.065673886,0.999991211,QNPbyTAP,38.02852009
Aldh16a1,5.24864699,4.492934534,3.497208215,0.061472375,0.999991211,QNPbyTAP,38.01895545
Emx2,5.24854029,5.014535238,3.460468318,0.062852511,0.999991211,QNPbyTAP,38.01614372
Syngr3,5.247982786,3.520181726,3.194148591,0.073902243,0.999991211,QNPbyTAP,38.00145587
RGD1565033,5.246748546,6.464397295,3.277136788,0.070251388,0.999991211,QNPbyTAP,37.96895916
Fgf11,5.246610464,6.470652138,3.222372283,0.072638289,0.999991211,QNPbyTAP,37.96532529
AABR07006160.1,5.243843276,5.595675781,3.392200576,0.065505469,0.999991211,QNPbyTAP,37.89257498
AABR07005838.1,5.243709268,5.281880039,3.420069409,0.064408305,0.999991211,QNPbyTAP,37.8890554
Clcn7,5.243564433,3.809423379,3.184346119,0.074346737,0.999991211,QNPbyTAP,37.88525183
Zfp428,5.238781289,3.873109547,3.204940548,0.073416177,0.999991211,QNPbyTAP,37.75985419
P4hb,5.238554409,9.363312163,3.209089267,0.073230234,0.999991211,QNPbyTAP,37.75391651
Fkrp,5.237024287,5.494823607,3.38405083,0.065830072,0.999991211,QNPbyTAP,37.71389593
Arrdc4,5.230579511,4.09723678,3.27193431,0.070474482,0.999991211,QNPbyTAP,37.54579697
Pam16,5.227301436,5.117963997,3.482103713,0.062035828,0.999991211,QNPbyTAP,37.46058271
Rangrf,5.227147117,5.344269345,3.369563026,0.066411368,0.999991211,QNPbyTAP,37.45657593
Tnfaip1,5.226485173,7.156830394,3.132964332,0.076724113,0.999991211,QNPbyTAP,37.43939385
Ube2z,5.216677784,5.664696001,3.313603016,0.068708694,0.999991211,QNPbyTAP,37.18574533
Ddb1,5.216180208,8.075926606,3.386530049,0.065731144,0.999991211,QNPbyTAP,37.17292243
Tnfsf13,5.214141102,5.101574201,3.445217407,0.063435076,0.999991211,QNPbyTAP,37.1204193
Nfkbib,5.213056845,5.717484123,3.284512564,0.069936392,0.999991211,QNPbyTAP,37.09253195
Selenos,5.210831759,6.595337283,3.23140845,0.072238535,0.999991211,QNPbyTAP,37.03536778
Mex3b,5.210452259,5.997458114,3.269299416,0.070587762,0.999991211,QNPbyTAP,37.02562693
LOC108348122,5.209922865,7.293476224,3.566265863,0.058964767,0.999991211,QNPbyTAP,37.01204295
Rhot2,5.209911277,5.169968056,3.408050325,0.064879059,0.999991211,QNPbyTAP,37.01174566
Sdhaf1,5.205660537,7.183712221,3.014296914,0.082533238,0.999991211,QNPbyTAP,36.90285519
Nr1h2,5.2049935,7.765410349,3.510691282,0.060974009,0.999991211,QNPbyTAP,36.88579691
AABR07005779.3,5.200562079,4.67682054,3.361070337,0.066754668,0.999991211,QNPbyTAP,36.77267133
Ccs,5.193288359,4.30679551,3.33925266,0.067645327,0.999991211,QNPbyTAP,36.58773899
Lrrc4b,5.192610535,6.552903022,3.125695684,0.07706697,0.999991211,QNPbyTAP,36.57055294
Slc25a45,5.18290445,3.070352762,3.233762031,0.072134802,0.999991211,QNPbyTAP,36.32534136
Carns1,5.180983842,3.265837208,3.247836036,0.07151782,0.999991211,QNPbyTAP,36.27701492
Klhl25,5.180482091,4.329227312,3.315152723,0.068643942,0.999991211,QNPbyTAP,36.26440041
Pmp22,5.176605262,5.918601609,3.669797467,0.055406917,0.999991211,QNPbyTAP,36.16708106
Sqstm1,5.173541954,7.534510263,3.533562794,0.060138432,0.999991211,QNPbyTAP,36.09036813
AC103221.1,5.172227795,3.335863077,3.219606898,0.072761101,0.999991211,QNPbyTAP,36.05750817
Stub1,5.172105009,7.851537536,2.930117207,0.08694118,0.999991211,QNPbyTAP,36.05443951
Eml3,5.168185516,4.46090462,3.377108038,0.066107958,0.999991211,QNPbyTAP,35.95662025
Uqcc3,5.167766914,8.903547791,2.701947559,0.100225748,0.999991211,QNPbyTAP,35.94618886
Naa38,5.166920253,8.389897045,2.82152226,0.093008157,0.999991211,QNPbyTAP,35.92509965
Zbtb3,5.162023914,4.845969104,3.392597457,0.065489705,0.999991211,QNPbyTAP,35.80338069
Mgat1,5.154534573,4.784368446,3.409297803,0.064830028,0.999991211,QNPbyTAP,35.61799922
Tbc1d10b,5.150632702,6.20373005,3.162544446,0.075345664,0.999991211,QNPbyTAP,35.52179797
RF00289,5.150365542,8.071499236,2.717924725,0.09922695,0.999991211,QNPbyTAP,35.51522062
Strn4,5.143454025,5.757357144,3.549037071,0.059580016,0.999991211,QNPbyTAP,35.34548479
Ric8a,5.140582564,6.708290996,3.1595306,0.075484885,0.999991211,QNPbyTAP,35.27520505
Psmc5,5.129668046,7.791306342,2.913555247,0.087838047,0.999991211,QNPbyTAP,35.00934211
Lbx1,5.127782543,4.051100455,3.034823758,0.081495399,0.999991211,QNPbyTAP,34.96361719
Slc8a2,5.126225457,4.185263694,3.143290799,0.076239839,0.999991211,QNPbyTAP,34.92590167
Ilk,5.122019446,7.783993938,3.438204512,0.063704888,0.999991211,QNPbyTAP,34.82422753
LOC103691238,5.121031162,4.974715709,3.362108464,0.066712602,0.999991211,QNPbyTAP,34.80038018
Pnkp,5.111947561,5.424692602,3.238120844,0.071943111,0.999991211,QNPbyTAP,34.58195585
Cd81,5.111666301,8.889236327,3.156922899,0.075605568,0.999991211,QNPbyTAP,34.5752146
Wbp2,5.103593122,7.635608299,3.531264066,0.060221859,0.999991211,QNPbyTAP,34.38227545
Ndufb10,5.101277382,8.740017619,2.654280755,0.103271459,0.999991211,QNPbyTAP,34.32713106
Hagh,5.099486895,4.381949353,3.254255013,0.071238302,0.999991211,QNPbyTAP,34.28455508
Nudt8,5.095379747,4.651781447,3.366733378,0.066525541,0.999991211,QNPbyTAP,34.18709061
Cfap298,5.091141991,5.545067081,3.228275644,0.072376861,0.999991211,QNPbyTAP,34.0868172
Klf9,5.090852222,4.934280908,3.369961717,0.066395298,0.999991211,QNPbyTAP,34.07997144
Scaf1,5.088961478,7.128018351,3.524646134,0.060462731,0.999991211,QNPbyTAP,34.03533673
Nagpa,5.084521231,3.37398199,3.084449415,0.079044013,0.999991211,QNPbyTAP,33.93074569
Nrip3,5.081260637,4.118923285,3.150080818,0.075923203,0.999991211,QNPbyTAP,33.85414637
Hid1,5.074434204,6.134202616,3.119004447,0.077384049,0.999991211,QNPbyTAP,33.69433633
Maml1,5.073549508,4.557881233,3.304302049,0.069098693,0.999991211,QNPbyTAP,33.67368047
Parva,5.062843744,3.799939079,3.333217241,0.067893946,0.999991211,QNPbyTAP,33.42472404
Dlx3,5.062661563,3.012684861,3.358031,0.066877987,0.999991211,QNPbyTAP,33.42050348
Map3k10,5.054280497,4.55789555,3.216401681,0.072903726,0.999991211,QNPbyTAP,33.2269162
Dmac2,5.053176443,5.768047298,3.146725814,0.076079478,0.999991211,QNPbyTAP,33.20149829
Ap3b2,5.05147603,3.701559164,2.934254001,0.086718715,0.999991211,QNPbyTAP,33.16238886
App,5.051281243,5.111334382,3.559237587,0.059214931,0.999991211,QNPbyTAP,33.15791171
Rps6ka4,5.050240777,3.848697287,3.118616394,0.07740248,0.999991211,QNPbyTAP,33.13400697
Atox1,5.047418602,4.454003476,3.236655854,0.072007477,0.999991211,QNPbyTAP,33.06925415
Megf8,5.045065538,4.20286098,3.17099114,0.074956946,0.999991211,QNPbyTAP,33.01536151
Timmdc1,5.038974183,4.369546645,3.177572259,0.074655575,0.999991211,QNPbyTAP,32.87625774
AABR07007055.1,5.035277154,4.12637008,3.100094482,0.07828775,0.999991211,QNPbyTAP,32.79211738
Wdr74,5.028074644,7.001618666,2.977506291,0.084429263,0.999991211,QNPbyTAP,32.62881401
Gabarap,5.022250722,9.663629374,2.48862963,0.114671531,0.999991211,QNPbyTAP,32.49736237
Kctd14,5.021185642,4.95591025,3.22984234,0.07230765,0.999991211,QNPbyTAP,32.4733798
Adamtsl3,5.016588327,2.764750339,3.566196734,0.058967222,0.999991211,QNPbyTAP,32.37006432
Tmem186,5.01568278,5.85884259,3.101164973,0.07823629,0.999991211,QNPbyTAP,32.34975274
Pdk2,5.015458642,5.750565404,3.560636737,0.05916504,0.999991211,QNPbyTAP,32.34472724
Ctns,5.012762227,5.081720159,3.197642815,0.073744487,0.999991211,QNPbyTAP,32.28433102
Mapk3,5.012500969,9.055691,3.127878553,0.076963833,0.999991211,QNPbyTAP,32.27848515
Cpt1a,5.011006586,5.537323283,3.413269654,0.064674183,0.999991211,QNPbyTAP,32.24506753
Abca8a,5.001752472,5.836251755,3.427274776,0.06412784,0.999991211,QNPbyTAP,32.0388947
Clptm1,5.000333061,6.957150156,3.378246328,0.066062312,0.999991211,QNPbyTAP,32.00738839
Xaf1,4.998599491,5.880288743,2.951154213,0.085816248,0.999991211,QNPbyTAP,31.96895079
Pnma8b,4.997894674,7.477991107,3.288140904,0.069781992,0.999991211,QNPbyTAP,31.95333643
Ftl1,4.990279855,11.13254309,2.729897909,0.09848558,0.999991211,QNPbyTAP,31.78512496
Samd4b,4.987830333,5.496995419,3.136295738,0.076567522,0.999991211,QNPbyTAP,31.73120345
Ankrd13b,4.982185585,4.872606501,3.150408081,0.075907977,0.999991211,QNPbyTAP,31.6072932
LOC102552549,4.976759505,2.897996042,3.086179898,0.078959978,0.999991211,QNPbyTAP,31.48863916
Mrps34,4.966652524,6.763660364,2.940720158,0.086372217,0.999991211,QNPbyTAP,31.26881246
Dyrk1b,4.965020055,5.747942445,3.40397004,0.065039705,0.999991211,QNPbyTAP,31.23345053
Actr1a,4.960228256,6.757104569,2.94110542,0.086351619,0.999991211,QNPbyTAP,31.12988313
Tmem98,4.959886003,4.725128513,3.19181735,0.074007694,0.999991211,QNPbyTAP,31.12249902
AC099449.1,4.958925606,4.886858271,3.434690407,0.063840549,0.999991211,QNPbyTAP,31.10178779
Dhrs11,4.957484938,4.763149208,3.18810085,0.07417614,0.999991211,QNPbyTAP,31.0707452
Pelp1,4.956259014,6.253146411,3.403809935,0.065046017,0.999991211,QNPbyTAP,31.04435418
RGD1563441,4.954826402,5.939985793,2.901631494,0.088489948,0.999991211,QNPbyTAP,31.0135421
Mafg,4.953473245,6.105674902,3.021165308,0.082184392,0.999991211,QNPbyTAP,30.98446699
Vat1,4.950528881,6.101603038,3.426615548,0.064153446,0.999991211,QNPbyTAP,30.92129596
Sfxn3,4.946406865,7.265850621,3.373784215,0.066241437,0.999991211,QNPbyTAP,30.83307484
Naa60,4.944407002,3.59520214,2.882198021,0.08956369,0.999991211,QNPbyTAP,30.79036366
Trim3,4.944074828,4.350193106,3.114046119,0.077619915,0.999991211,QNPbyTAP,30.78327514
LOC100912483,4.940152514,5.694054046,2.994330423,0.083556447,0.999991211,QNPbyTAP,30.69969706
Tubg1,4.937754989,7.212185822,2.841426239,0.091862643,0.999991211,QNPbyTAP,30.64872151
Zfp764,4.93644142,4.610142561,3.086724302,0.078933561,0.999991211,QNPbyTAP,30.62082864
Guk1,4.936368473,5.421890165,2.973729926,0.084626527,0.999991211,QNPbyTAP,30.6192804
Mien1,4.935520367,4.581422242,3.260797223,0.070954623,0.999991211,QNPbyTAP,30.60128579
Bod1,4.929826106,5.615819068,3.023196484,0.082081534,0.999991211,QNPbyTAP,30.48074175
Men1,4.927668549,6.176254678,2.953660798,0.085683264,0.999991211,QNPbyTAP,30.43519172
AABR07007068.1,4.924974028,3.432165479,2.890888688,0.089081775,0.999991211,QNPbyTAP,30.37840099
Snf8,4.923546875,5.875208466,3.472248216,0.062406438,0.999991211,QNPbyTAP,30.3483647
RGD1304587,4.922729473,6.793034809,2.842232996,0.091816537,0.999991211,QNPbyTAP,30.33117479
Nfkb2,4.920321941,5.782682837,3.294171332,0.069526182,0.999991211,QNPbyTAP,30.28060114
LOC691427,4.913795945,8.767658463,2.489120309,0.114635783,0.999991211,QNPbyTAP,30.1439369
Iqcg,4.913624528,3.3246882,2.872146065,0.09012462,0.999991211,QNPbyTAP,30.1403555
Ap5b1,4.909878853,5.534924589,3.107991116,0.077908999,0.999991211,QNPbyTAP,30.06220346
Plcb3,4.908554512,5.517495756,3.057041665,0.080387905,0.999991211,QNPbyTAP,30.03462014
Izumo1,4.908401848,3.666502259,2.789638298,0.09487564,0.999991211,QNPbyTAP,30.03144207
Rtn2,4.905006847,4.929913852,3.042131263,0.081129337,0.999991211,QNPbyTAP,29.9608541
Mpg,4.902991665,4.135459348,3.002365879,0.083143022,0.999991211,QNPbyTAP,29.91903347
Tmem132a,4.901000041,7.290045763,3.222388347,0.072637576,0.999991211,QNPbyTAP,29.87775909
Inppl1,4.898366736,7.057349119,3.318026328,0.068524047,0.999991211,QNPbyTAP,29.8232739
Aip,4.89809417,5.79252808,3.003402584,0.083089844,0.999991211,QNPbyTAP,29.81763998
Sarm1,4.897451968,3.839002546,2.830616146,0.092482871,0.999991211,QNPbyTAP,29.8043699
Tnfrsf17,4.896078977,2.47947853,3.276142164,0.070293981,0.999991211,QNPbyTAP,29.77601902
Hrct1,4.888123625,4.747487691,2.583133484,0.108007661,0.999991211,QNPbyTAP,29.61227907
Ethe1,4.883796981,4.126926952,2.983752845,0.084104054,0.999991211,QNPbyTAP,29.52360485
Cybc1,4.875925161,5.837482354,2.916658864,0.087669219,0.999991211,QNPbyTAP,29.36295301
Fxr2,4.871813719,6.975446216,3.174965735,0.07477478,0.999991211,QNPbyTAP,29.27939258
LOC100909725,4.870071231,3.220831094,2.942488306,0.086277729,0.999991211,QNPbyTAP,29.24405025
Fn3krp,4.868377318,6.141972199,2.883734753,0.08947827,0.999991211,QNPbyTAP,29.20973406
Mfge8,4.868329006,8.190572558,3.15855678,0.075529928,0.999991211,QNPbyTAP,29.20875591
Axl,4.867583278,5.739032191,3.441155229,0.063591214,0.999991211,QNPbyTAP,29.19366184
Zfp112,4.865705394,4.017929851,2.910475063,0.088005948,0.999991211,QNPbyTAP,29.15568662
Mat2b,4.864510237,3.752249638,2.897124462,0.088737722,0.999991211,QNPbyTAP,29.13154347
Mir99a,4.861836173,6.547533804,2.919946004,0.087490792,0.999991211,QNPbyTAP,29.07759759
Avpi1,4.860190477,4.759430411,3.236032835,0.072034869,0.999991211,QNPbyTAP,29.04444741
Thoc6,4.858849,4.090405761,2.97308382,0.084660327,0.999991211,QNPbyTAP,29.01745325
Hnrnpul2,4.856445842,7.658895191,3.152149122,0.075827033,0.999991211,QNPbyTAP,28.96915788
Tmem160,4.85318308,4.619217331,3.00857172,0.082825242,0.999991211,QNPbyTAP,28.90371601
Myo18a,4.852865931,4.234136039,3.316538287,0.068586104,0.999991211,QNPbyTAP,28.89736278
Flot2,4.852001689,6.032811721,3.29925834,0.069311171,0.999991211,QNPbyTAP,28.88005709
Mrpl10,4.85076148,6.057970771,2.881328903,0.089612039,0.999991211,QNPbyTAP,28.8552411
Nomo1,4.849772427,5.440092537,3.278875251,0.070177007,0.999991211,QNPbyTAP,28.8354659
Igsf11,4.84948076,5.014991127,3.432713502,0.063917002,0.999991211,QNPbyTAP,28.82963687
Ppp1ca,4.847488097,8.875115317,2.449276158,0.117579077,0.999991211,QNPbyTAP,28.78984461
Ngrn,4.843562145,6.644223633,2.836512983,0.092143979,0.999991211,QNPbyTAP,28.71160639
Mir297,4.842377962,4.672275604,2.545581235,0.110603202,0.999991211,QNPbyTAP,28.68804918
Pcyt1a,4.835550334,5.004418616,3.023122128,0.082085297,0.999991211,QNPbyTAP,28.55260229
AABR07006627.2,4.832789714,1.903388544,3.717770087,0.053836224,0.999991211,QNPbyTAP,28.49801867
Usp35,4.826640294,4.040342978,2.913667047,0.087831959,0.999991211,QNPbyTAP,28.37680572
Aldh3a2,4.825748313,5.215324819,2.991616226,0.083696594,0.999991211,QNPbyTAP,28.35926649
Tmem138,4.823660662,4.624433899,3.064991148,0.079995598,0.999991211,QNPbyTAP,28.31825892
LOC100361067,4.823381219,5.63979478,2.975889274,0.084513669,0.999991211,QNPbyTAP,28.31277432
Paf1,4.823057169,8.670396391,2.966046498,0.085029422,0.999991211,QNPbyTAP,28.30641559
Usp22,4.822755291,6.485591682,3.21901535,0.072787401,0.999991211,QNPbyTAP,28.30049321
Dlx5,4.821155032,4.478691653,2.517510143,0.112588229,0.999991211,QNPbyTAP,28.26911928
Kctd2,4.815773156,4.173356985,2.956585173,0.085528398,0.999991211,QNPbyTAP,28.16385971
Ptov1,4.814374382,6.494611683,3.289659655,0.069717472,0.999991211,QNPbyTAP,28.1365665
Wdr53,4.807962961,4.912242807,3.072944226,0.079605178,0.999991211,QNPbyTAP,28.01180339
Orai3,4.803974878,4.35622509,2.931444606,0.086869729,0.999991211,QNPbyTAP,27.93447649
Bbs1,4.802023403,5.605601833,2.929276592,0.086986462,0.999991211,QNPbyTAP,27.8967162
Cemip2,4.801743692,4.392900966,3.234352789,0.07210879,0.999991211,QNPbyTAP,27.89130808
Faap24,4.801130029,3.880164994,2.87504505,0.089962457,0.999991211,QNPbyTAP,27.8794468
Mrpl28,4.799903123,6.127826583,2.843196415,0.09176151,0.999991211,QNPbyTAP,27.85574745
Mks1,4.79982841,4.306176424,2.971321677,0.084752586,0.999991211,QNPbyTAP,27.85430491
Stx5,4.79966687,5.617581142,2.935836029,0.086633801,0.999991211,QNPbyTAP,27.85118621
Fosl1,4.794888718,2.959455347,3.075470542,0.079481591,0.999991211,QNPbyTAP,27.75909671
Cstf2t,4.793974323,8.759225533,2.891231103,0.089062845,0.999991211,QNPbyTAP,27.74150828
Fgfbp3,4.793345967,4.906942873,2.987935047,0.083887077,0.999991211,QNPbyTAP,27.72942829
Aspdh,4.787723087,3.55695714,2.633515477,0.104629818,0.999991211,QNPbyTAP,27.62156364
Sphk1,4.787306634,2.671119552,3.379957828,0.065993744,0.999991211,QNPbyTAP,27.61359146
Armc7,4.783861886,3.975774825,2.801946898,0.09414992,0.999991211,QNPbyTAP,27.54773666
Slc16a13,4.770746361,4.41138242,2.916413737,0.087682541,0.999991211,QNPbyTAP,27.29843541
Rnf112,4.769836442,4.845364087,2.94340189,0.086228952,0.999991211,QNPbyTAP,27.28122349
Telo2,4.766851417,3.666314988,2.767666433,0.096186293,0.999991211,QNPbyTAP,27.22483531
Nop53,4.766152081,7.125205091,3.137098805,0.076529825,0.999991211,QNPbyTAP,27.21164147
AABR07004269.4,4.766010331,1.871777488,3.700673451,0.054390511,0.999991211,QNPbyTAP,27.20896795
Txndc17,4.76321411,7.989425845,2.557562938,0.109767677,0.999991211,QNPbyTAP,27.1562828
Trim34,4.761164895,5.472351973,3.186381581,0.074254203,0.999991211,QNPbyTAP,27.1177372
Naglu,4.760024039,4.063161715,2.864707248,0.090542182,0.999991211,QNPbyTAP,27.09630148
Cdkn1c,4.759687412,6.085458549,2.795746415,0.094514745,0.999991211,QNPbyTAP,27.08997979
Kdm6b,4.758726226,6.59146816,3.120617621,0.077307477,0.999991211,QNPbyTAP,27.07193727
Prr12,4.757378925,4.751421114,3.32938594,0.068052278,0.999991211,QNPbyTAP,27.0466672
Herc2,4.75736822,4.564251365,3.28730854,0.06981738,0.999991211,QNPbyTAP,27.04646651
Numa1,4.755874152,7.127819653,3.157825479,0.075563773,0.999991211,QNPbyTAP,27.01847144
Actn4,4.753091008,6.420801243,3.317793642,0.068533747,0.999991211,QNPbyTAP,26.96639958
Psmc3ip,4.751514271,6.637500607,2.765665451,0.096306631,0.999991211,QNPbyTAP,26.9369438
Esrra,4.745602996,4.699008286,2.942044799,0.086301419,0.999991211,QNPbyTAP,26.82679863
Ndufb8,4.743413003,7.1850623,2.656654004,0.103117447,0.999991211,QNPbyTAP,26.78610679
AABR07004229.1,4.742868936,3.819799248,2.315029522,0.128128868,0.999991211,QNPbyTAP,26.77600714
Ndel1,4.741275626,6.188223658,3.220892842,0.072703964,0.999991211,QNPbyTAP,26.74645208
Becn1,4.739482726,7.035851595,3.138226851,0.076476908,0.999991211,QNPbyTAP,26.71323376
Spns1,4.73944664,5.691365145,3.219387833,0.07277084,0.999991211,QNPbyTAP,26.71256559
AC134224.1,4.736544608,9.584460438,2.694297985,0.100707837,0.999991211,QNPbyTAP,26.65888633
Mrpl16,4.736337579,5.671211762,2.811816016,0.093572395,0.999991211,QNPbyTAP,26.65506101
Wrap53,4.734551074,4.069478148,2.805722215,0.093928538,0.999991211,QNPbyTAP,26.62207419
Ciao3,4.732560641,4.427658325,2.969001023,0.084874251,0.999991211,QNPbyTAP,26.58537002
Bcat2,4.732181819,3.338627673,2.753448173,0.097044936,0.999991211,QNPbyTAP,26.57839015
Polr2a,4.729267873,6.371355828,2.773665411,0.0958265,0.999991211,QNPbyTAP,26.52476149
Pgp,4.728864054,7.121867006,2.662929167,0.102711429,0.999991211,QNPbyTAP,26.51733808
Mprip,4.727276407,5.450141059,3.273436902,0.07040997,0.999991211,QNPbyTAP,26.48817251
Spag7,4.726219553,7.396968208,3.08622298,0.078957887,0.999991211,QNPbyTAP,26.46877556
Pdcd4,4.720303522,7.590044201,3.038534382,0.081309297,0.999991211,QNPbyTAP,26.36045783
Lrrc46,4.71732738,3.451923175,2.573877704,0.108641129,0.999991211,QNPbyTAP,26.30613477
Cwc25,4.715718917,4.854750807,2.950388072,0.085856939,0.999991211,QNPbyTAP,26.27682237
Rpusd1,4.714097435,4.454791715,2.924421689,0.087248481,0.999991211,QNPbyTAP,26.24730576
Cox17,4.713489193,6.838133866,3.09603844,0.078483063,0.999991211,QNPbyTAP,26.23624219
Tkfc,4.710970427,3.180634489,2.751681317,0.097152219,0.999991211,QNPbyTAP,26.19047694
Psmd3,4.710212202,6.952515731,3.149353666,0.075957044,0.999991211,QNPbyTAP,26.17671585
AABR07033023.1,4.709523196,7.460281151,2.597169882,0.107054731,0.999991211,QNPbyTAP,26.16421729
Kctd5,4.708560635,3.917174294,2.76630206,0.096268328,0.999991211,QNPbyTAP,26.14676645
AABR07033887.1,4.706295279,4.776152965,2.950030742,0.085875924,0.999991211,QNPbyTAP,26.10574235
Hmx3,4.706140393,3.449288361,2.630765507,0.104811169,0.999991211,QNPbyTAP,26.10293982
Nanos1,4.705419895,3.567459552,2.433633776,0.118757323,0.999991211,QNPbyTAP,26.08990697
Arf2,4.704672685,3.729659594,2.776645056,0.095648339,0.999991211,QNPbyTAP,26.07639781
Psmc4,4.704195597,7.553065279,2.572926142,0.108706485,0.999991211,QNPbyTAP,26.06777599
Taf10,4.704038556,7.952092818,2.472178026,0.115877253,0.999991211,QNPbyTAP,26.06493859
AC128792.2,4.70103593,6.184278502,2.713496,0.099502714,0.999991211,QNPbyTAP,26.01074704
B3gat3,4.697482401,7.137234667,3.1396059,0.076412269,0.999991211,QNPbyTAP,25.94675834
Mir22,4.692748578,5.864321257,2.923833987,0.087280258,0.999991211,QNPbyTAP,25.86176041
Zfand5,4.691737822,8.002774181,2.913200813,0.087857349,0.999991211,QNPbyTAP,25.84364795
Tmem107,4.690699454,5.607443075,2.817383276,0.093248309,0.999991211,QNPbyTAP,25.82505388
Cyr61,4.688623068,6.878917143,2.513035814,0.112908237,0.999991211,QNPbyTAP,25.78791214
Mus81,4.687583199,4.873204432,2.961347022,0.085276871,0.999991211,QNPbyTAP,25.76933136
Ccl2,4.68542749,5.856412139,2.717600422,0.099247115,0.999991211,QNPbyTAP,25.73085498
RGD1565784,4.684764926,6.597113784,2.708314405,0.099826421,0.999991211,QNPbyTAP,25.71904068
Unc45a,4.684169751,5.215725092,3.228587266,0.072363089,0.999991211,QNPbyTAP,25.70843264
Kcnc3,4.677423986,5.29664816,3.16062402,0.075434344,0.999991211,QNPbyTAP,25.58850553
Pcsk6,4.67698326,3.920405319,3.169647932,0.075018616,0.999991211,QNPbyTAP,25.58068975
Adprh,4.675616669,6.577185045,2.652674225,0.103375858,0.999991211,QNPbyTAP,25.55646995
Stat5a,4.674592818,3.768290863,2.709781592,0.099734645,0.999991211,QNPbyTAP,25.53833948
Slu7,4.673571198,7.129427222,2.979814366,0.084308942,0.999991211,QNPbyTAP,25.52026133
Jup,4.672419996,5.652938775,3.12925082,0.076899072,0.999991211,QNPbyTAP,25.49990551
Parp14,4.671813067,6.427011844,3.076718224,0.07942063,0.999991211,QNPbyTAP,25.48918019
E4f1,4.670280484,3.965669486,2.715494975,0.09937814,0.999991211,QNPbyTAP,25.46211726
Coro1b,4.668685669,8.662251469,2.823710391,0.09288147,0.999991211,QNPbyTAP,25.43398592
Ezh1,4.666843739,5.269326951,2.817038879,0.093268322,0.999991211,QNPbyTAP,25.40153435
Ccdc47,4.662500096,7.271118406,2.575018825,0.10856281,0.999991211,QNPbyTAP,25.32517084
Dvl2,4.661404808,5.295299298,2.802034955,0.09414475,0.999991211,QNPbyTAP,25.30595138
Ptdss2,4.660945278,4.851647901,3.228209521,0.072379783,0.999991211,QNPbyTAP,25.29789216
Dnajc28,4.65824872,5.415794285,2.760048798,0.096645289,0.999991211,QNPbyTAP,25.25065173
Med9,4.649764855,3.597738527,2.634112051,0.104590521,0.999991211,QNPbyTAP,25.10259933
Stard10,4.648862416,3.799166785,2.704084048,0.100091553,0.999991211,QNPbyTAP,25.08690198
Ifi35,4.647900111,5.473357656,3.063760606,0.08005619,0.999991211,QNPbyTAP,25.07017412
Tufm,4.643257288,7.665932107,2.475167813,0.115657098,0.999991211,QNPbyTAP,24.98962398
Jpt1,4.643119154,6.090503753,2.716824415,0.099295385,0.999991211,QNPbyTAP,24.9872314
Zfp830,4.641381784,8.322183862,2.320022621,0.127718169,0.999991211,QNPbyTAP,24.95715856
Tmem9b,4.640330148,4.377553908,2.84099637,0.09188722,0.999991211,QNPbyTAP,24.93897296
Irf1,4.638420585,6.234486871,3.120418692,0.077316915,0.999991211,QNPbyTAP,24.90598536
Calm3,4.636730117,8.919029081,2.660018176,0.102899559,0.999991211,QNPbyTAP,24.87681904
Gsk3a,4.635606021,6.431554773,3.086610691,0.078939073,0.999991211,QNPbyTAP,24.85744348
Ranbp6,4.635486711,7.289800145,2.521983009,0.112269324,0.999991211,QNPbyTAP,24.85538786
Kptn,4.635455104,5.977874552,3.126888259,0.077010605,0.999991211,QNPbyTAP,24.85484332
Mpdu1,4.632733659,3.664381611,2.53660223,0.111233924,0.999991211,QNPbyTAP,24.80800229
Gga2,4.630496526,4.590644559,2.814686979,0.093405115,0.999991211,QNPbyTAP,24.76956326
Fam171a2,4.628512881,5.244109636,3.086551951,0.078941923,0.999991211,QNPbyTAP,24.73552955
RGD1310352,4.627932728,7.789986366,2.888865311,0.089193724,0.999991211,QNPbyTAP,24.72558463
RF00191,4.624789734,7.511489351,2.410569554,0.120518511,0.999991211,QNPbyTAP,24.67177714
Nsrp1,4.624443507,6.623913335,2.999086531,0.083311477,0.999991211,QNPbyTAP,24.66585697
Bckdk,4.624421414,7.761199165,2.934102838,0.086726833,0.999991211,QNPbyTAP,24.66547926
Gna13,4.624364537,5.958068454,3.009318808,0.082787075,0.999991211,QNPbyTAP,24.66450685
Hap1,4.624325835,6.021770211,2.652810532,0.103366996,0.999991211,QNPbyTAP,24.66384521
Cyth2,4.622163644,7.526397914,2.969685828,0.084838329,0.999991211,QNPbyTAP,24.62690878
Slc3a2,4.621551035,7.788186332,2.822633477,0.092943797,0.999991211,QNPbyTAP,24.61645372
Tmem199,4.621007378,6.399688208,2.640110904,0.10419627,0.999991211,QNPbyTAP,24.60717914
Smndc1,4.617555756,6.387367942,2.669323368,0.102299507,0.999991211,QNPbyTAP,24.54837727
Zfp174,4.61596683,3.01571468,2.731972621,0.098357731,0.999991211,QNPbyTAP,24.52135556
Rwdd2b,4.611404306,4.267632246,2.761281534,0.09657085,0.999991211,QNPbyTAP,24.44392925
LOC497940,4.606246314,7.03492267,3.014849112,0.082505133,0.999991211,QNPbyTAP,24.3566922
Tob1,4.605885228,7.739053274,2.949802762,0.08588804,0.999991211,QNPbyTAP,24.35059683
Ppfia1,4.602648907,5.015062097,3.053581489,0.080559311,0.999991211,QNPbyTAP,24.29603366
Pitpna,4.601337847,6.719991565,3.065091242,0.079990672,0.999991211,QNPbyTAP,24.27396447
Gtf3c1,4.600625561,5.965158425,2.914293766,0.087797842,0.999991211,QNPbyTAP,24.26198292
Rnaseh2c,4.600000738,6.38805104,2.653120188,0.103346866,0.999991211,QNPbyTAP,24.25147748
Scpep1,4.597509057,5.954672608,3.107288528,0.077942618,0.999991211,QNPbyTAP,24.20962886
Sec24a,4.596583013,4.135020838,2.754651895,0.096971921,0.999991211,QNPbyTAP,24.19409405
H3f3a,4.595276335,12.22447074,2.264295814,0.132386376,0.999991211,QNPbyTAP,24.17219088
Ehd1,4.5950854,5.208287064,2.756283776,0.096873029,0.999991211,QNPbyTAP,24.168992
Zfp598,4.591743102,5.539948624,3.121870963,0.077248041,0.999991211,QNPbyTAP,24.1130644
Cebpg,4.590462172,7.553047478,2.451008427,0.117449392,0.999991211,QNPbyTAP,24.09166457
Myof,4.590197657,3.828128501,3.019175087,0.082285312,0.999991211,QNPbyTAP,24.08724781
Ctr9,4.587635784,6.489117024,2.610016335,0.106190669,0.999991211,QNPbyTAP,24.04451271
Eif3f,4.583496824,7.214363374,2.943374088,0.086230436,0.999991211,QNPbyTAP,23.97563008
Mrpl17,4.577624958,8.389754326,2.294541521,0.129829542,0.999991211,QNPbyTAP,23.87824595
Ctdnep1,4.575707899,5.806835728,2.693960657,0.100729154,0.999991211,QNPbyTAP,23.84653751
Timm22,4.575121204,5.523731962,2.692522398,0.100820099,0.999991211,QNPbyTAP,23.83684191
Dpcd,4.574615535,3.726914718,2.635412413,0.104504921,0.999991211,QNPbyTAP,23.8284885
Iqgap1,4.572536146,5.742746236,2.701094523,0.100279382,0.999991211,QNPbyTAP,23.79416868
Iba57,4.568543038,3.465176057,2.509820968,0.113138784,0.999991211,QNPbyTAP,23.72840197
Cntf,4.567891928,5.521981462,2.680986987,0.10155277,0.999991211,QNPbyTAP,23.71769541
Trim41,4.564842305,6.016462178,3.048010038,0.080836133,0.999991211,QNPbyTAP,23.667613
Klhl11,4.564697655,6.109419426,2.613442366,0.105961525,0.999991211,QNPbyTAP,23.66524012
Lzts2,4.558868592,6.402250523,2.959880503,0.085354249,0.999991211,QNPbyTAP,23.56981602
Ltbp3,4.556837326,5.835186639,3.033453221,0.081564253,0.999991211,QNPbyTAP,23.53665386
Rin1,4.555417002,1.97522066,3.3931903,0.065466165,0.999991211,QNPbyTAP,23.51349359
Wdr5b,4.554838348,4.652480818,2.828525698,0.092603335,0.999991211,QNPbyTAP,23.50406438
Zfp574,4.554773663,7.131003941,2.950353473,0.085858777,0.999991211,QNPbyTAP,23.50301057
Baiap2,4.551719833,3.315965076,2.798429275,0.094356702,0.999991211,QNPbyTAP,23.45331311
Boc,4.551398666,2.968863411,2.792705537,0.094694227,0.999991211,QNPbyTAP,23.44809262
Kmt5b,4.548873524,5.14469701,2.747111191,0.097430316,0.999991211,QNPbyTAP,23.40708743
Unc119,4.545820176,5.194379743,2.670236594,0.102240824,0.999991211,QNPbyTAP,23.35760059
Ube2m,4.542484815,7.714239984,2.393340933,0.121852964,0.999991211,QNPbyTAP,23.30366262
Ina,4.541967617,4.519436212,2.662247675,0.102755438,0.999991211,QNPbyTAP,23.29530989
Klc2,4.541110313,6.618054217,2.986639326,0.083954236,0.999991211,QNPbyTAP,23.28147104
LOC100911674,4.535034295,5.909371143,2.991424275,0.083706515,0.999991211,QNPbyTAP,23.18362558
Wrb,4.530468325,5.703175475,2.576548525,0.108457919,0.999991211,QNPbyTAP,23.11036795
Opa3,4.525163476,4.385190604,2.671559612,0.102155873,0.999991211,QNPbyTAP,23.02554623
Mfap3,4.522344658,5.252260441,2.694054084,0.100723249,0.999991211,QNPbyTAP,22.98060155
Mrps23,4.52102823,5.567828635,2.622099852,0.105384898,0.999991211,QNPbyTAP,22.95964182
Pak4,4.517337743,3.690585615,2.541599962,0.110882376,0.999991211,QNPbyTAP,22.90098495
Pwwp2b,4.514787922,3.468472628,2.529430286,0.111740554,0.999991211,QNPbyTAP,22.86054546
Ppp1r3c,4.513841023,5.150122313,2.722918854,0.09891698,0.999991211,QNPbyTAP,22.84554608
Mnt,4.510534,4.984035907,3.06304954,0.080091226,0.999991211,QNPbyTAP,22.79323827
Ptges3l,4.509663926,3.260846815,2.582033319,0.108082744,0.999991211,QNPbyTAP,22.77949606
Dtx3l,4.509454667,7.753703492,2.77408997,0.095801092,0.999991211,QNPbyTAP,22.77619219
Tlnrd1,4.508731865,5.844026826,2.625045009,0.105189522,0.999991211,QNPbyTAP,22.76478399
Arhgdia,4.505085558,10.86668375,2.378295807,0.123031698,0.999991211,QNPbyTAP,22.7073203
Psmg1,4.502771612,5.628753823,2.615921209,0.10579607,0.999991211,QNPbyTAP,22.67092911
Dusp1,4.502733618,8.160792897,2.725806745,0.09873822,0.999991211,QNPbyTAP,22.67033206
Ier5l,4.50179629,3.909502,2.150123927,0.142558382,0.999991211,QNPbyTAP,22.6556078
Papss2,4.495967545,3.291153871,2.843451056,0.091746972,0.999991211,QNPbyTAP,22.56425976
AC119015.1,4.495572665,5.255990497,2.711113372,0.09965142,0.999991211,QNPbyTAP,22.55808454
Ttc1,4.494087026,5.869680187,2.942713396,0.086265708,0.999991211,QNPbyTAP,22.53486694
Flywch1,4.494062472,4.758742232,3.086538333,0.078942584,0.999991211,QNPbyTAP,22.5344834
Tmem88,4.491536803,3.423362181,2.5275789,0.111871749,0.999991211,QNPbyTAP,22.49506769
Morn4,4.490156332,4.256549858,2.614775533,0.105872505,0.999991211,QNPbyTAP,22.47355315
Ccdc86,4.485823465,5.963520801,2.606320829,0.106438445,0.999991211,QNPbyTAP,22.40615924
AC129460.1,4.485798388,5.274973552,2.169292475,0.140790997,0.999991211,QNPbyTAP,22.40576979
Lasp1,4.485375562,6.025197142,3.027265783,0.081875884,0.999991211,QNPbyTAP,22.39920404
Dnajc7,4.48392344,7.172983748,2.866749563,0.090427333,0.999991211,QNPbyTAP,22.37666982
Litaf,4.480026618,5.524161038,3.007910641,0.082859032,0.999991211,QNPbyTAP,22.3163104
Gm2a,4.478308414,7.711785445,2.658693142,0.102985317,0.999991211,QNPbyTAP,22.28974821
Etfb,4.478122451,5.497526056,2.99781952,0.083376661,0.999991211,QNPbyTAP,22.28687525
Sssca1,4.477913334,7.471788815,2.37630368,0.12318872,0.999991211,QNPbyTAP,22.28364502
Amz2,4.477734439,6.56191422,2.488546631,0.114677579,0.999991211,QNPbyTAP,22.280882
Hmox2,4.477162974,3.990727758,2.545545188,0.110605726,0.999991211,QNPbyTAP,22.27205809
RGD1311946,4.476570523,6.650468672,2.953971076,0.085666819,0.999991211,QNPbyTAP,22.26291382
Ceacam1,4.476395003,3.940399718,2.58906008,0.107604174,0.999991211,QNPbyTAP,22.26020544
Drap1,4.473958198,9.030670932,2.584315561,0.107927052,0.999991211,QNPbyTAP,22.22263826
Tmem134,4.47176232,6.604322058,2.926557175,0.087133124,0.999991211,QNPbyTAP,22.18883965
Mrpl27,4.470014585,5.725419351,2.570605416,0.108866061,0.999991211,QNPbyTAP,22.16197554
AABR07033570.2,4.469813368,2.615334034,2.807994172,0.093795585,0.999991211,QNPbyTAP,22.15888475
Fam160a2,4.460573958,3.669066735,2.52134822,0.112314522,0.999991211,QNPbyTAP,22.0174267
Filip1l,4.459363041,5.980568502,3.037932253,0.081339465,0.999991211,QNPbyTAP,21.99895427
Atp5md,4.458732409,7.975807078,2.260210327,0.132736032,0.999991211,QNPbyTAP,21.98934017
Stim1,4.458648793,3.579428956,2.675833957,0.101881944,0.999991211,QNPbyTAP,21.98806574
Zfp180,4.458349143,5.975545987,2.893461166,0.088939666,0.999991211,QNPbyTAP,21.98349926
Stat3,4.455794559,6.475378605,2.934743838,0.086692414,0.999991211,QNPbyTAP,21.94460747
Eci1,4.455728213,4.61921202,2.940386415,0.086390064,0.999991211,QNPbyTAP,21.94359831
RGD1307929,4.455273438,7.186588143,2.84638648,0.091579563,0.999991211,QNPbyTAP,21.93668221
Bfar,4.453795906,3.446713704,2.437760436,0.118445224,0.999991211,QNPbyTAP,21.91422732
Supt6h,4.452607781,8.088201178,2.728144705,0.098593758,0.999991211,QNPbyTAP,21.89618738
RF00277,4.452185108,7.781525926,2.305977723,0.128877163,0.999991211,QNPbyTAP,21.8897733
Metrn,4.447691518,5.52186675,2.634956529,0.104534922,0.999991211,QNPbyTAP,21.82169886
AABR07005618.1,4.442875263,8.245455443,2.187522806,0.139132924,0.999991211,QNPbyTAP,21.74897135
Exosc5,4.44096392,4.654773013,2.666171219,0.102502346,0.999991211,QNPbyTAP,21.72017648
Setd1a,4.439556901,5.213417286,2.988276829,0.083869372,0.999991211,QNPbyTAP,21.69900374
Ankrd40,4.43878774,7.341939331,2.358955166,0.124565595,0.999991211,QNPbyTAP,21.68743817
Wdr45b,4.437623274,5.112940338,2.636732573,0.104418097,0.999991211,QNPbyTAP,21.66994031
Fahd1,4.436730167,6.885786258,2.441375212,0.118172584,0.999991211,QNPbyTAP,21.65652958
Jmjd8,4.435831773,6.614178346,2.845805946,0.091612645,0.999991211,QNPbyTAP,21.64304784
Emc6,4.432140202,7.33759161,2.344739826,0.125706548,0.999991211,QNPbyTAP,21.58773836
Blvrb,4.429410071,4.409326737,2.703783114,0.100110443,0.999991211,QNPbyTAP,21.54692473
Cdr2l,4.426802351,6.075992328,2.928704377,0.0870173,0.999991211,QNPbyTAP,21.50801311
Vsig10l,4.423200055,3.12145962,2.499519523,0.113881037,0.999991211,QNPbyTAP,21.45437629
Trappc1,4.423168755,9.052122632,2.088633657,0.148398742,0.999991211,QNPbyTAP,21.45391083
Gpatch8,4.423092683,5.139389396,2.828155588,0.092624681,0.999991211,QNPbyTAP,21.45277961
Lrrc75a,4.421619912,4.471806717,2.659164208,0.10295482,0.999991211,QNPbyTAP,21.43089078
Tlx1,4.420854814,4.277311779,2.635116352,0.104524404,0.999991211,QNPbyTAP,21.41952845
Strada,4.420429474,5.073849151,2.607725688,0.106344177,0.999991211,QNPbyTAP,21.4132144
AABR07033564.1,4.419308796,3.949434086,2.479512053,0.11533803,0.999991211,QNPbyTAP,21.39658718
Rpa1,4.416204852,4.942832327,2.908465241,0.088115691,0.999991211,QNPbyTAP,21.35060212
Pdlim1,4.412876157,4.722762475,3.18036678,0.074527999,0.999991211,QNPbyTAP,21.30139719
Grb2,4.410540504,4.843570377,2.956282091,0.085544434,0.999991211,QNPbyTAP,21.26693917
Ccng1,4.402874798,6.408164789,2.460502732,0.116741412,0.999991211,QNPbyTAP,21.15423777
Taco1,4.400824878,3.982057468,2.508353659,0.113244182,0.999991211,QNPbyTAP,21.12420113
Fadd,4.399498854,5.559124704,2.557879462,0.109745699,0.999991211,QNPbyTAP,21.10479417
Dlg4,4.397545835,5.441884488,2.878230157,0.089784655,0.999991211,QNPbyTAP,21.07624332
Sf3b2,4.39436632,7.639806285,2.697939216,0.100478045,0.999991211,QNPbyTAP,21.02984512
Ubald2,4.392807983,7.548958146,2.649765759,0.103565156,0.999991211,QNPbyTAP,21.00714185
Slx1b,4.389403897,4.940036624,2.602269751,0.10671079,0.999991211,QNPbyTAP,20.95763324
Nmt1,4.389182423,6.686009604,2.746979116,0.097438366,0.999991211,QNPbyTAP,20.95441621
Glyr1,4.387141958,6.591990619,2.844761321,0.091672206,0.999991211,QNPbyTAP,20.92480043
Poldip2,4.380634019,6.19373975,2.454624973,0.117179153,0.999991211,QNPbyTAP,20.83062207
Stc2,4.379739961,3.342456294,2.532312839,0.111536624,0.999991211,QNPbyTAP,20.81771706
AABR07002065.2,4.378782354,3.796789503,2.436810315,0.118517001,0.999991211,QNPbyTAP,20.80390361
Mpp2,4.377451018,3.55103192,2.358327201,0.124615753,0.999991211,QNPbyTAP,20.78471439
Mta2,4.374517117,7.742160288,2.702167241,0.10021194,0.999991211,QNPbyTAP,20.74248901
Ift57,4.373544878,3.616138925,2.389759784,0.122132395,0.999991211,QNPbyTAP,20.72851527
Kcne2,4.371144296,3.421575863,2.386010956,0.12242567,0.999991211,QNPbyTAP,20.69405259
Chmp6,4.370904112,6.259578228,2.780200784,0.095436203,0.999991211,QNPbyTAP,20.69060767
Ybx1-ps3,4.36994782,7.725235211,2.176828443,0.140102915,0.999991211,QNPbyTAP,20.67689742
Tmem86a,4.366061783,3.36747741,2.318474448,0.127845354,0.999991211,QNPbyTAP,20.62127717
Fdxr,4.362326369,4.103561537,2.479834985,0.115314351,0.999991211,QNPbyTAP,20.56795379
Pip4k2b,4.362103438,5.019703985,2.521594171,0.112297007,0.999991211,QNPbyTAP,20.56477579
Ifnar1,4.360964073,5.926597315,2.883009558,0.089518569,0.999991211,QNPbyTAP,20.54854122
Slc35g3,4.360402547,3.67229253,2.463746314,0.116500623,0.999991211,QNPbyTAP,20.54054488
Ap3s2,4.359389079,3.359991734,2.393094211,0.121872192,0.999991211,QNPbyTAP,20.52612056
Crebzf,4.357326668,7.191846579,2.3258249,0.127242751,0.999991211,QNPbyTAP,20.49679832
Wbp1l,4.355595418,4.340295605,2.847979432,0.091488855,0.999991211,QNPbyTAP,20.47221669
AC118772.1,4.352209423,4.715838417,2.507726495,0.113289265,0.999991211,QNPbyTAP,20.42422489
Atp5po,4.350119762,7.179742932,2.313203594,0.128279424,0.999991211,QNPbyTAP,20.39466298
Ltbp4,4.347770909,4.948122085,2.877575423,0.089821173,0.999991211,QNPbyTAP,20.36148543
Tbl3,4.346642641,5.707602253,2.473900133,0.115750388,0.999991211,QNPbyTAP,20.34556784
Skp1,4.342830264,9.466999429,2.43763129,0.118454977,0.999991211,QNPbyTAP,20.29187487
Erbb2,4.342529309,3.429064769,2.332752948,0.12667767,0.999991211,QNPbyTAP,20.2876423
Acox1,4.341538449,6.321095023,2.850403724,0.091350994,0.999991211,QNPbyTAP,20.27371329
Qpctl,4.340018888,4.808733715,2.594132598,0.107260147,0.999991211,QNPbyTAP,20.25237065
Fbxl19,4.338308862,3.980666613,2.431738462,0.11890097,0.999991211,QNPbyTAP,20.22837975
Kctd13,4.337605594,3.850453065,2.347004892,0.125523974,0.999991211,QNPbyTAP,20.21852145
Cdk2ap2,4.336972128,7.997824169,2.64383999,0.103952011,0.999991211,QNPbyTAP,20.20964574
Rhog,4.336334702,5.706073677,2.843537558,0.091742034,0.999991211,QNPbyTAP,20.2007185
Hey1,4.33409839,4.45094111,2.099517608,0.147345619,0.999991211,QNPbyTAP,20.16942975
Tctex1d2,4.331942252,4.599185492,2.521355194,0.112314025,0.999991211,QNPbyTAP,20.13930862
Lrp5,4.327122934,5.065199825,2.853284435,0.091187472,0.999991211,QNPbyTAP,20.07214557
Gpatch1,4.325672556,3.59802478,2.35421236,0.124944978,0.999991211,QNPbyTAP,20.05197667
LOC103690013,4.322515692,3.924974009,2.293586673,0.129909414,0.999991211,QNPbyTAP,20.00814749
Tut1,4.321946879,5.672168424,2.834166545,0.092278667,0.999991211,QNPbyTAP,20.0002604